1774805691309	0	SYSTEM	startup
1774805691547	0	SYSTEM	login online
1774805695920	0	SYSTEM	game online
1774805697231	2	PLAYER Fire	CONNECTED	TILE 3222,3218,0
1774805697733	3	BOT Fire	ASSIGNED	lumbridge_copper_mining
1774805697799	3	PLAYER Miriam	CONNECTED	TILE 3221,3219,0
1774805698334	4	BOT Fire	START_RESOLVER	deposit_all_bank	lumbridge_copper_mining
1774805698334	4	BOT Miriam	ASSIGNED	lumbridge_north_tree_cutting
1774805698374	4	PLAYER Tinne	CONNECTED	TILE 3222,3220,0
1774805698931	5	BOT Fire	START_ACTIVITY	deposit_all_bank
1774805698932	5	BOT Miriam	START_RESOLVER	deposit_all_bank	lumbridge_north_tree_cutting
1774805698932	5	BOT Tinne	ASSIGNED	lumbridge_west_tree_cutting
1774805698980	5	PLAYER Nidorina	CONNECTED	TILE 3212,3429,0
1774805699536	6	BOT Miriam	START_ACTIVITY	deposit_all_bank
1774805699536	6	BOT Tinne	START_RESOLVER	deposit_all_bank	lumbridge_west_tree_cutting
1774805699536	6	BOT Nidorina	ASSIGNED	lumbridge_east_tree_cutting
1774805699591	6	PLAYER GoodFight	CONNECTED	TILE 3221,3220,0
1774805700133	7	BOT Fire	START_ACTIVITY	go_to_bank
1774805700137	7	BOT Tinne	START_ACTIVITY	deposit_all_bank
1774805700137	7	BOT Nidorina	START_RESOLVER	deposit_all_bank	lumbridge_east_tree_cutting
1774805700137	7	BOT GoodFight	ASSIGNED	varrock_copper_mining
1774805700174	7	PLAYER Fire	TASK_COMPLETED	on_the_run_task
1774805700185	7	PLAYER BisqueBob	CONNECTED	TILE 3222,3219,0
1774805700735	8	BOT Miriam	START_ACTIVITY	go_to_bank
1774805700735	8	BOT Nidorina	START_ACTIVITY	deposit_all_bank
1774805700735	8	BOT GoodFight	START_RESOLVER	deposit_all_bank	varrock_copper_mining
1774805700736	8	BOT BisqueBob	ASSIGNED	varrock_east_tin_mining
1774805700771	8	PLAYER Miriam	TASK_COMPLETED	on_the_run_task
1774805700778	8	PLAYER Erehk	CONNECTED	TILE 3221,3219,0
1774805701336	9	BOT Tinne	START_ACTIVITY	go_to_bank
1774805701336	9	BOT GoodFight	START_ACTIVITY	deposit_all_bank
1774805701336	9	BOT BisqueBob	START_RESOLVER	deposit_all_bank	varrock_east_tin_mining
1774805701336	9	BOT Erehk	ASSIGNED	al_kharid_north_copper_mining
1774805701392	9	PLAYER Tinne	TASK_COMPLETED	on_the_run_task
1774805701399	9	PLAYER BullsEye99	CONNECTED	TILE 3221,3217,0
1774805701936	10	BOT Nidorina	START_ACTIVITY	go_to_bank
1774805701937	10	BOT BisqueBob	START_ACTIVITY	deposit_all_bank
1774805701937	10	BOT Erehk	START_RESOLVER	deposit_all_bank	al_kharid_north_copper_mining
1774805701937	10	BOT BullsEye99	ASSIGNED	varrock_copper_mining
1774805701963	10	PLAYER Nidorina	TASK_COMPLETED	on_the_run_task
1774805701970	10	PLAYER Appa	CONNECTED	TILE 3213,3428,0
1774805702537	11	BOT GoodFight	START_ACTIVITY	go_to_bank
1774805702538	11	BOT Erehk	START_ACTIVITY	deposit_all_bank
1774805702538	11	BOT BullsEye99	START_RESOLVER	deposit_all_bank	varrock_copper_mining
1774805702538	11	BOT Appa	ASSIGNED	ranged_tutor
1774805702568	11	PLAYER GoodFight	TASK_COMPLETED	on_the_run_task
1774805702575	11	PLAYER Pirate Ship	CONNECTED	TILE 3093,3245,0
1774805703138	12	BOT BisqueBob	START_ACTIVITY	go_to_bank
1774805703138	12	BOT BullsEye99	START_ACTIVITY	deposit_all_bank
1774805703139	12	BOT Appa	START_RESOLVER	nemarti_bow	ranged_tutor
1774805703139	12	BOT Pirate Ship	ASSIGNED	lumbridge_net_fishing
1774805703171	12	PLAYER BisqueBob	TASK_COMPLETED	on_the_run_task
1774805703177	12	PLAYER Starmie	CONNECTED	TILE 3094,3245,0
1774805703739	13	BOT Erehk	START_ACTIVITY	go_to_bank
1774805703739	13	BOT Appa	START_RESOLVER	go_to_area	nemarti_bow
1774805703740	13	BOT Pirate Ship	START_RESOLVER	deposit_all_bank	lumbridge_net_fishing
1774805703740	13	BOT Starmie	ASSIGNED	kill_freds_chickens_defence
1774805703774	13	PLAYER Erehk	TASK_COMPLETED	on_the_run_task
1774805703782	13	PLAYER DellDave	CONNECTED	TILE 3095,3241,0
1774805704339	14	BOT BullsEye99	START_ACTIVITY	go_to_bank
1774805704339	14	BOT Appa	START_ACTIVITY	go_to_area
1774805704339	14	BOT Pirate Ship	START_ACTIVITY	deposit_all_bank
1774805704340	14	BOT Starmie	START_RESOLVER	equip_items	kill_freds_chickens_defence
1774805704340	14	BOT DellDave	ASSIGNED	lumbridge_net_fishing
1774805704365	14	PLAYER BullsEye99	TASK_COMPLETED	on_the_run_task
1774805704371	14	PLAYER Drowzee	CONNECTED	TILE 3221,3217,0
1774805704940	15	BOT Starmie	START_ACTIVITY	equip_items
1774805704941	15	BOT DellDave	START_RESOLVER	deposit_all_bank	lumbridge_net_fishing
1774805704941	15	BOT Drowzee	ASSIGNED	draynor_north_trees
1774805704971	15	PLAYER Kingly	CONNECTED	TILE 3093,3245,0
1774805705541	16	BOT Appa	START_ACTIVITY	go_to_lumbridge_combat_tutors
1774805705547	16	PLAYER Starmie	TASK_COMPLETED	armed_and_dangerous_task
1774805705548	16	BOT DellDave	START_ACTIVITY	deposit_all_bank
1774805705549	16	BOT Drowzee	START_RESOLVER	deposit_all_bank	draynor_north_trees
1774805705549	16	BOT Kingly	ASSIGNED	kill_freds_chickens_attack
1774805705575	16	PLAYER Appa	TASK_COMPLETED	on_the_run_task
1774805705575	16	PLAYER Pirate Ship	TASK_COMPLETED	on_the_run_task
1774805705582	16	PLAYER PrincePete	CONNECTED	TILE 3221,3217,0
1774805706141	17	BOT Drowzee	START_ACTIVITY	deposit_all_bank
1774805706142	17	BOT Kingly	START_RESOLVER	equip_items	kill_freds_chickens_attack
1774805706142	17	BOT PrincePete	ASSIGNED	lumbridge_copper_mining
1774805706202	17	PLAYER MainMike	CONNECTED	TILE 3221,3217,0
1774805706743	18	BOT Kingly	START_ACTIVITY	equip_items
1774805706743	18	BOT PrincePete	START_RESOLVER	deposit_all_bank	lumbridge_copper_mining
1774805706743	18	BOT MainMike	ASSIGNED	varrock_copper_mining
1774805706772	18	PLAYER DellDave	TASK_COMPLETED	on_the_run_task
1774805706778	18	PLAYER WhaleShark	CONNECTED	TILE 3222,3219,0
1774805707343	19	BOT Starmie	COMPLETED	equip_items
1774805707343	19	BOT Drowzee	START_ACTIVITY	go_to_bank
1774805707343	19	PLAYER Kingly	TASK_COMPLETED	armed_and_dangerous_task
1774805707344	19	BOT PrincePete	START_ACTIVITY	deposit_all_bank
1774805707344	19	BOT MainMike	START_RESOLVER	deposit_all_bank	varrock_copper_mining
1774805707344	19	BOT WhaleShark	ASSIGNED	kill_freds_chickens_attack
1774805707379	19	PLAYER Drowzee	TASK_COMPLETED	on_the_run_task
1774805707384	19	PLAYER JumpySeat	CONNECTED	TILE 3092,3244,0
1774805707946	20	PLAYER Pirate Ship	TASK_COMPLETED	hang_on_to_something_task
1774805707950	20	BOT Starmie	START_RESOLVER	deposit_all_bank	kill_freds_chickens_defence
1774805707951	20	BOT MainMike	START_ACTIVITY	deposit_all_bank
1774805707951	20	BOT WhaleShark	START_RESOLVER	equip_items	kill_freds_chickens_attack
1774805707951	20	BOT JumpySeat	ASSIGNED	lumbridge_tin_mining
1774805707978	20	PLAYER NuNinja	CONNECTED	TILE 3093,3244,0
1774805708545	21	BOT Starmie	START_ACTIVITY	deposit_all_bank
1774805708545	21	BOT PrincePete	START_ACTIVITY	go_to_bank
1774805708545	21	BOT WhaleShark	START_ACTIVITY	equip_items
1774805708545	21	BOT JumpySeat	START_RESOLVER	deposit_all_bank	lumbridge_tin_mining
1774805708545	21	BOT NuNinja	ASSIGNED	kill_freds_chickens_strength
1774805708578	21	PLAYER Fire	TELED	TILE 3205,3209,1
1774805708578	21	PLAYER Miriam	TELED	TILE 3205,3209,1
1774805708580	21	PLAYER PrincePete	TASK_COMPLETED	on_the_run_task
1774805708586	21	PLAYER RagdollRay	CONNECTED	TILE 3221,3217,0
1774805709146	22	BOT Kingly	COMPLETED	equip_items
1774805709146	22	BOT MainMike	START_ACTIVITY	go_to_bank
1774805709147	22	PLAYER WhaleShark	TASK_COMPLETED	armed_and_dangerous_task
1774805709148	22	BOT JumpySeat	START_ACTIVITY	deposit_all_bank
1774805709148	22	BOT NuNinja	START_RESOLVER	equip_items	kill_freds_chickens_strength
1774805709148	22	BOT RagdollRay	ASSIGNED	lumbridge_crayfish
1774805709188	22	PLAYER MainMike	TASK_COMPLETED	on_the_run_task
1774805709192	22	PLAYER TabletTim	CONNECTED	TILE 3095,3242,0
1774805709746	23	BOT Pirate Ship	COMPLETED	deposit_all_bank
1774805709747	23	PLAYER DellDave	TASK_COMPLETED	hang_on_to_something_task
1774805709749	23	BOT Kingly	START_RESOLVER	deposit_all_bank	kill_freds_chickens_attack
1774805709750	23	BOT NuNinja	START_ACTIVITY	equip_items
1774805709750	23	BOT RagdollRay	START_RESOLVER	take_from_shop	lumbridge_crayfish
1774805709750	23	BOT TabletTim	ASSIGNED	varrock_tin_mining
1774805709779	23	PLAYER Starmie	TASK_COMPLETED	on_the_run_task
1774805710347	24	BOT Nidorina	COMPLETED	go_to_bank
1774805710348	24	BOT Pirate Ship	START_RESOLVER	withdraw_from_bank	lumbridge_net_fishing
1774805710348	24	BOT Kingly	START_ACTIVITY	deposit_all_bank
1774805710348	24	PLAYER NuNinja	TASK_COMPLETED	armed_and_dangerous_task
1774805710349	24	BOT RagdollRay	START_ACTIVITY	take_from_shop
1774805710349	24	BOT TabletTim	START_RESOLVER	deposit_all_bank	varrock_tin_mining
1774805710372	24	PLAYER JumpySeat	TASK_COMPLETED	on_the_run_task
1774805710949	25	BOT Pirate Ship	START_ACTIVITY	withdraw_from_bank
1774805710949	25	BOT WhaleShark	COMPLETED	equip_items
1774805710950	25	BOT TabletTim	START_ACTIVITY	deposit_all_bank
1774805710981	25	PLAYER Fire	TELED	TILE 3205,3209,2
1774805710982	25	PLAYER Miriam	TELED	TILE 3205,3209,2
1774805710982	25	PLAYER GoodFight	TELED	TILE 3205,3209,1
1774805711550	26	BOT DellDave	COMPLETED	deposit_all_bank
1774805711550	26	BOT WhaleShark	START_RESOLVER	deposit_all_bank	kill_freds_chickens_attack
1774805711550	26	BOT RagdollRay	START_ACTIVITY	go_to_hanks_fishing_shop
1774805711578	26	PLAYER BisqueBob	TELED	TILE 3205,3209,1
1774805711578	26	PLAYER Erehk	TELED	TILE 3205,3209,1
1774805711579	26	PLAYER Kingly	TASK_COMPLETED	on_the_run_task
1774805711581	26	PLAYER RagdollRay	TASK_COMPLETED	on_the_run_task
1774805712152	27	PLAYER Starmie	TASK_COMPLETED	hang_on_to_something_task
1774805712152	27	PLAYER JumpySeat	TASK_COMPLETED	hang_on_to_something_task
1774805712157	27	BOT DellDave	START_RESOLVER	withdraw_from_bank	lumbridge_net_fishing
1774805712157	27	BOT WhaleShark	START_ACTIVITY	deposit_all_bank
1774805712157	27	BOT NuNinja	COMPLETED	equip_items
1774805712197	27	PLAYER TabletTim	TASK_COMPLETED	on_the_run_task
1774805712752	28	BOT DellDave	START_ACTIVITY	withdraw_from_bank
1774805712753	28	PLAYER Kingly	TASK_COMPLETED	hang_on_to_something_task
1774805712758	28	BOT NuNinja	START_RESOLVER	deposit_all_bank	kill_freds_chickens_strength
1774805712796	28	PLAYER BullsEye99	TELED	TILE 3205,3209,1
1774805713353	29	BOT WhaleShark	START_ACTIVITY	go_to_bank
1774805713353	29	BOT NuNinja	START_ACTIVITY	deposit_all_bank
1774805713380	29	PLAYER GoodFight	TELED	TILE 3205,3209,2
1774805713381	29	PLAYER WhaleShark	TASK_COMPLETED	on_the_run_task
1774805713953	30	BOT Starmie	COMPLETED	deposit_all_bank
1774805713954	30	PLAYER TabletTim	TASK_COMPLETED	hang_on_to_something_task
1774805713984	30	PLAYER BisqueBob	TELED	TILE 3205,3209,2
1774805713984	30	PLAYER Erehk	TELED	TILE 3205,3209,2
1774805714554	31	BOT Fire	COMPLETED	go_to_bank
1774805714554	31	BOT Miriam	COMPLETED	go_to_bank
1774805714554	31	BOT Starmie	START_RESOLVER	go_to_area	kill_freds_chickens_defence
1774805714554	31	BOT JumpySeat	COMPLETED	deposit_all_bank
1774805714594	31	PLAYER NuNinja	TASK_COMPLETED	on_the_run_task
1774805715157	32	PLAYER Nidorina	TASK_COMPLETED	hang_on_to_something_task
1774805715158	32	BOT Starmie	START_ACTIVITY	go_to_area
1774805715158	32	BOT JumpySeat	START_RESOLVER	withdraw_from_bank	lumbridge_tin_mining
1774805715190	32	PLAYER BullsEye99	TELED	TILE 3205,3209,2
1774805715756	33	PLAYER NuNinja	TASK_COMPLETED	hang_on_to_something_task
1774805715761	33	BOT Kingly	COMPLETED	deposit_all_bank
1774805715761	33	BOT JumpySeat	START_ACTIVITY	withdraw_from_bank
1774805715791	33	PLAYER Drowzee	TELED	TILE 3205,3209,1
1774805716356	34	BOT Starmie	START_ACTIVITY	go_to_lumbridge_chicken_pen
1774805716356	34	BOT Kingly	START_RESOLVER	go_to_area	kill_freds_chickens_attack
1774805716957	35	BOT GoodFight	COMPLETED	go_to_bank
1774805716958	35	BOT Kingly	START_ACTIVITY	go_to_area
1774805716959	35	BOT TabletTim	COMPLETED	deposit_all_bank
1774805717557	36	BOT Nidorina	COMPLETED	deposit_all_bank
1774805717557	36	BOT BisqueBob	COMPLETED	go_to_bank
1774805717557	36	BOT Erehk	COMPLETED	go_to_bank
1774805717557	36	BOT Pirate Ship	COMPLETED	withdraw_from_bank
1774805717558	36	BOT TabletTim	START_RESOLVER	withdraw_from_bank	varrock_tin_mining
1774805717585	36	PLAYER MainMike	TELED	TILE 3205,3209,1
1774805718158	37	BOT Nidorina	START_RESOLVER	withdraw_from_bank	lumbridge_east_tree_cutting
1774805718158	37	BOT Pirate Ship	START_RESOLVER	go_to_area	lumbridge_net_fishing
1774805718158	37	BOT Kingly	START_ACTIVITY	go_to_lumbridge_chicken_pen
1774805718158	37	BOT TabletTim	START_ACTIVITY	withdraw_from_bank
1774805718187	37	PLAYER Drowzee	TELED	TILE 3205,3209,2
1774805718758	38	BOT Nidorina	START_ACTIVITY	withdraw_from_bank
1774805718758	38	BOT BullsEye99	COMPLETED	go_to_bank
1774805718758	38	BOT Pirate Ship	START_ACTIVITY	go_to_area
1774805718759	38	BOT NuNinja	COMPLETED	deposit_all_bank
1774805719360	39	PLAYER Fire	TASK_COMPLETED	hang_on_to_something_task
1774805719360	39	PLAYER Miriam	TASK_COMPLETED	hang_on_to_something_task
1774805719363	39	BOT DellDave	COMPLETED	withdraw_from_bank
1774805719363	39	BOT NuNinja	START_RESOLVER	go_to_area	kill_freds_chickens_strength
1774805719961	40	BOT Pirate Ship	START_ACTIVITY	go_to_lumbridge_swamp_fishing_area
1774805719961	40	BOT DellDave	START_RESOLVER	go_to_area	lumbridge_net_fishing
1774805719962	40	BOT NuNinja	START_ACTIVITY	go_to_area
1774805719995	40	PLAYER MainMike	TELED	TILE 3205,3209,2
1774805720562	41	BOT DellDave	START_ACTIVITY	go_to_area
1774805721163	42	BOT Fire	COMPLETED	deposit_all_bank
1774805721163	42	BOT Miriam	COMPLETED	deposit_all_bank
1774805721163	42	BOT NuNinja	START_ACTIVITY	go_to_lumbridge_chicken_pen
1774805721763	43	BOT Fire	START_RESOLVER	withdraw_from_bank	lumbridge_copper_mining
1774805721763	43	BOT Miriam	START_RESOLVER	withdraw_from_bank	lumbridge_north_tree_cutting
1774805721764	43	PLAYER GoodFight	TASK_COMPLETED	hang_on_to_something_task
1774805721764	43	PLAYER BisqueBob	TASK_COMPLETED	hang_on_to_something_task
1774805721765	43	PLAYER Erehk	TASK_COMPLETED	hang_on_to_something_task
1774805721766	43	BOT DellDave	START_ACTIVITY	go_to_lumbridge_swamp_fishing_area
1774805721767	43	BOT Drowzee	COMPLETED	go_to_bank
1774805722364	44	BOT Fire	START_ACTIVITY	withdraw_from_bank
1774805722364	44	BOT Miriam	START_ACTIVITY	withdraw_from_bank
1774805722364	44	PLAYER BullsEye99	TASK_COMPLETED	hang_on_to_something_task
1774805722370	44	BOT JumpySeat	COMPLETED	withdraw_from_bank
1774805722965	45	BOT JumpySeat	START_RESOLVER	go_to_area	lumbridge_tin_mining
1774805723565	46	BOT GoodFight	COMPLETED	deposit_all_bank
1774805723567	46	BOT MainMike	COMPLETED	go_to_bank
1774805723567	46	BOT JumpySeat	START_ACTIVITY	go_to_area
1774805724166	47	BOT GoodFight	START_RESOLVER	withdraw_from_bank	varrock_copper_mining
1774805724166	47	BOT BisqueBob	COMPLETED	deposit_all_bank
1774805724166	47	BOT Erehk	COMPLETED	deposit_all_bank
1774805724767	48	BOT GoodFight	START_ACTIVITY	withdraw_from_bank
1774805724767	48	BOT BisqueBob	START_RESOLVER	withdraw_from_bank	varrock_east_tin_mining
1774805724767	48	BOT Erehk	START_RESOLVER	withdraw_from_bank	al_kharid_north_copper_mining
1774805724767	48	BOT JumpySeat	START_ACTIVITY	go_to_lumbridge_swamp_east_tin_mine
1774805724767	48	BOT TabletTim	COMPLETED	withdraw_from_bank
1774805725368	49	BOT Nidorina	COMPLETED	withdraw_from_bank
1774805725368	49	BOT BisqueBob	START_ACTIVITY	withdraw_from_bank
1774805725368	49	BOT Erehk	START_ACTIVITY	withdraw_from_bank
1774805725368	49	BOT BullsEye99	COMPLETED	deposit_all_bank
1774805725368	49	BOT TabletTim	START_RESOLVER	go_to_area	varrock_tin_mining
1774805725969	50	BOT Nidorina	START_RESOLVER	go_to_area	lumbridge_east_tree_cutting
1774805725969	50	BOT BullsEye99	START_RESOLVER	withdraw_from_bank	varrock_copper_mining
1774805725969	50	BOT TabletTim	START_ACTIVITY	go_to_area
1774805726571	51	PLAYER Drowzee	TASK_COMPLETED	hang_on_to_something_task
1774805726571	51	BOT Nidorina	START_ACTIVITY	go_to_area
1774805726571	51	BOT BullsEye99	START_ACTIVITY	withdraw_from_bank
1774805727171	52	BOT TabletTim	START_ACTIVITY	go_to_varrock_south_east_mine
1774805727772	53	BOT Nidorina	START_ACTIVITY	teleport_lumbridge
1774805728374	54	BOT Drowzee	COMPLETED	deposit_all_bank
1774805728375	54	PLAYER MainMike	TASK_COMPLETED	hang_on_to_something_task
1774805728974	55	BOT Fire	COMPLETED	withdraw_from_bank
1774805728974	55	BOT Miriam	COMPLETED	withdraw_from_bank
1774805728974	55	BOT Drowzee	START_RESOLVER	withdraw_from_bank	draynor_north_trees
1774805729575	56	BOT Fire	START_RESOLVER	go_to_area	lumbridge_copper_mining
1774805729575	56	BOT Miriam	START_RESOLVER	go_to_area	lumbridge_north_tree_cutting
1774805729575	56	BOT Drowzee	START_ACTIVITY	withdraw_from_bank
1774805730176	57	BOT Fire	START_ACTIVITY	go_to_area
1774805730176	57	BOT Miriam	START_ACTIVITY	go_to_area
1774805730176	57	BOT MainMike	COMPLETED	deposit_all_bank
1774805730778	58	BOT MainMike	START_RESOLVER	withdraw_from_bank	varrock_copper_mining
1774805731377	59	BOT Fire	START_ACTIVITY	go_to_lumbridge_swamp_east_copper_mine
1774805731377	59	BOT Miriam	START_ACTIVITY	go_to_lumbridge_north_trees
1774805731378	59	BOT GoodFight	COMPLETED	withdraw_from_bank
1774805731378	59	BOT MainMike	START_ACTIVITY	withdraw_from_bank
1774805731978	60	BOT GoodFight	START_RESOLVER	go_to_area	varrock_copper_mining
1774805731979	60	BOT BisqueBob	COMPLETED	withdraw_from_bank
1774805731979	60	BOT Erehk	COMPLETED	withdraw_from_bank
1774805732579	61	BOT GoodFight	START_ACTIVITY	go_to_area
1774805732579	61	BOT BisqueBob	START_RESOLVER	go_to_area	varrock_east_tin_mining
1774805732579	61	BOT Erehk	START_RESOLVER	go_to_area	al_kharid_north_copper_mining
1774805733180	62	BOT BisqueBob	START_ACTIVITY	go_to_area
1774805733180	62	BOT Erehk	START_ACTIVITY	go_to_area
1774805733180	62	BOT BullsEye99	COMPLETED	withdraw_from_bank
1774805733781	63	BOT GoodFight	START_ACTIVITY	go_to_varrock_south_east_mine
1774805733782	63	BOT BullsEye99	START_RESOLVER	go_to_area	varrock_copper_mining
1774805733782	63	BOT RagdollRay	COMPLETED	go_to_hanks_fishing_shop
1774805734382	64	BOT BisqueBob	START_ACTIVITY	go_to_varrock_south_west_mine
1774805734382	64	BOT Erehk	START_ACTIVITY	go_to_al_kharid_mine_north
1774805734382	64	BOT BullsEye99	START_ACTIVITY	go_to_area
1774805735584	66	BOT BullsEye99	START_ACTIVITY	go_to_varrock_south_east_mine
1774805736184	67	BOT Drowzee	COMPLETED	withdraw_from_bank
1774805736212	67	PLAYER Fire	TELED	TILE 3205,3209,1
1774805736212	67	PLAYER Miriam	TELED	TILE 3205,3209,1
1774805736212	67	PLAYER Tinne	TELED	TILE 3205,3209,1
1774805736785	68	BOT Drowzee	START_RESOLVER	go_to_area	draynor_north_trees
1774805737386	69	BOT Drowzee	START_ACTIVITY	go_to_area
1774805737987	70	BOT MainMike	COMPLETED	withdraw_from_bank
1774805738588	71	BOT Drowzee	START_ACTIVITY	go_to_draynor_north_trees
1774805738588	71	BOT MainMike	START_RESOLVER	go_to_area	varrock_copper_mining
1774805738614	71	PLAYER Fire	TELED	TILE 3205,3209,0
1774805738614	71	PLAYER Miriam	TELED	TILE 3205,3209,0
1774805738614	71	PLAYER Tinne	TELED	TILE 3205,3209,2
1774805738614	71	PLAYER GoodFight	TELED	TILE 3205,3209,1
1774805739189	72	BOT MainMike	START_ACTIVITY	go_to_area
1774805739211	72	PLAYER Nidorina	TELED	TILE 3221,3220,0
1774805739211	72	PLAYER Nidorina	TASK_COMPLETED	click_your_heels_three_times_task
1774805739212	72	PLAYER BisqueBob	TELED	TILE 3205,3209,1
1774805739212	72	PLAYER Erehk	TELED	TILE 3205,3209,1
1774805740391	74	BOT MainMike	START_ACTIVITY	go_to_varrock_south_east_mine
1774805740412	74	PLAYER BullsEye99	TELED	TILE 3205,3209,1
1774805740992	75	BOT RagdollRay	COMPLETED	take_from_shop
1774805741015	75	PLAYER GoodFight	TELED	TILE 3205,3209,0
1774805741593	76	BOT RagdollRay	START_RESOLVER	deposit_all_bank	lumbridge_crayfish
1774805741614	76	PLAYER BisqueBob	TELED	TILE 3205,3209,0
1774805741614	76	PLAYER Erehk	TELED	TILE 3205,3209,0
1774805742193	77	BOT Tinne	COMPLETED	go_to_bank
1774805742193	77	BOT RagdollRay	START_ACTIVITY	deposit_all_bank
1774805742816	78	PLAYER BullsEye99	TELED	TILE 3205,3209,0
1774805743394	79	BOT RagdollRay	START_ACTIVITY	go_to_bank
1774805743418	79	PLAYER Drowzee	TELED	TILE 3205,3209,1
1774805743418	79	PLAYER PrincePete	TELED	TILE 3205,3209,1
1774805745196	82	BOT Nidorina	COMPLETED	teleport_lumbridge
1774805745218	82	PLAYER MainMike	TELED	TILE 3205,3209,1
1774805745798	83	BOT Nidorina	START_ACTIVITY	go_to_lumbridge_east_trees
1774805745821	83	PLAYER Drowzee	TELED	TILE 3205,3209,0
1774805745821	83	PLAYER PrincePete	TELED	TILE 3205,3209,2
1774805747000	85	PLAYER Tinne	TASK_COMPLETED	hang_on_to_something_task
1774805747621	86	PLAYER MainMike	TELED	TILE 3205,3209,0
1774805748227	87	PLAYER WhaleShark	TELED	TILE 3205,3209,1
1774805748802	88	BOT Tinne	COMPLETED	deposit_all_bank
1774805749404	89	BOT Tinne	START_RESOLVER	withdraw_from_bank	lumbridge_west_tree_cutting
1774805749404	89	BOT PrincePete	COMPLETED	go_to_bank
1774805750005	90	BOT Tinne	START_ACTIVITY	withdraw_from_bank
1774805750629	91	PLAYER WhaleShark	TELED	TILE 3205,3209,2
1774805754212	97	PLAYER PrincePete	TASK_COMPLETED	hang_on_to_something_task
1774805754214	97	BOT WhaleShark	COMPLETED	go_to_bank
1774805756016	100	BOT PrincePete	COMPLETED	deposit_all_bank
1774805756616	101	BOT Tinne	COMPLETED	withdraw_from_bank
1774805756616	101	BOT PrincePete	START_RESOLVER	withdraw_from_bank	lumbridge_copper_mining
1774805757217	102	BOT Tinne	START_RESOLVER	go_to_area	lumbridge_west_tree_cutting
1774805757217	102	BOT PrincePete	START_ACTIVITY	withdraw_from_bank
1774805757818	103	BOT Tinne	START_ACTIVITY	go_to_area
1774805759019	105	BOT Tinne	START_ACTIVITY	go_to_lumbridge_west_trees
1774805759020	105	PLAYER WhaleShark	TASK_COMPLETED	hang_on_to_something_task
1774805759620	106	BOT Miriam	COMPLETED	go_to_lumbridge_north_trees
1774805760221	107	BOT Nidorina	COMPLETED	go_to_lumbridge_east_trees
1774805760822	108	BOT WhaleShark	COMPLETED	deposit_all_bank
1774805761423	109	BOT Miriam	COMPLETED	go_to_area
1774805761423	109	BOT Nidorina	COMPLETED	go_to_area
1774805761424	109	BOT WhaleShark	START_RESOLVER	go_to_area	kill_freds_chickens_attack
1774805762024	110	BOT Miriam	START_ACTIVITY	lumbridge_north_tree_cutting
1774805762024	110	BOT Nidorina	START_ACTIVITY	lumbridge_east_tree_cutting
1774805762024	110	BOT WhaleShark	START_ACTIVITY	go_to_area
1774805763225	112	BOT WhaleShark	START_ACTIVITY	go_to_lumbridge_chicken_pen
1774805763825	113	BOT PrincePete	COMPLETED	withdraw_from_bank
1774805763853	113	PLAYER Tinne	TELED	TILE 3205,3209,1
1774805764426	114	BOT PrincePete	START_RESOLVER	go_to_area	lumbridge_copper_mining
1774805765027	115	BOT PrincePete	START_ACTIVITY	go_to_area
1774805766229	117	BOT PrincePete	START_ACTIVITY	go_to_lumbridge_swamp_east_copper_mine
1774805766254	117	PLAYER Tinne	TELED	TILE 3205,3209,0
1774805768052	120	PLAYER WhaleShark	TELED	TILE 3205,3209,1
1774805770456	124	PLAYER WhaleShark	TELED	TILE 3205,3209,0
1774805771060	125	PLAYER PrincePete	TELED	TILE 3205,3209,1
1774805773439	129	BOT Fire	COMPLETED	go_to_lumbridge_swamp_east_copper_mine
1774805773462	129	PLAYER PrincePete	TELED	TILE 3205,3209,0
1774805774039	130	BOT Appa	COMPLETED	go_to_lumbridge_combat_tutors
1774805774062	130	PLAYER RagdollRay	TELED	TILE 3205,3209,1
1774805774665	131	PLAYER Nidorina	EXP	Woodcutting	25.0
1774805774665	131	PLAYER Nidorina	TOTAL_LEVEL_UP	1
1774805774665	131	PLAYER Nidorina	LEVEL_UP	Woodcutting	2
1774805774668	131	PLAYER Nidorina	SET_EXP	Woodcutting	1250
1774805774672	131	PLAYER Nidorina	TASK_COMPLETED	adventurers_log_task
1774805775241	132	BOT Fire	COMPLETED	go_to_area
1774805775241	132	BOT Appa	COMPLETED	go_to_area
1774805775842	133	BOT Fire	START_ACTIVITY	lumbridge_copper_mining
1774805775842	133	BOT Appa	START_ACTIVITY	nemarti_bow
1774805776465	134	PLAYER RagdollRay	TELED	TILE 3205,3209,2
1774805779476	139	PLAYER Miriam	EXP	Woodcutting	25.0
1774805779476	139	PLAYER Miriam	TOTAL_LEVEL_UP	1
1774805779476	139	PLAYER Miriam	LEVEL_UP	Woodcutting	2
1774805779476	139	PLAYER Miriam	SET_EXP	Woodcutting	1250
1774805779477	139	PLAYER Miriam	TASK_COMPLETED	adventurers_log_task
1774805780048	140	BOT RagdollRay	COMPLETED	go_to_bank
1774805780070	140	PLAYER Nidorina	EXP	Woodcutting	25.0
1774805780070	140	PLAYER Nidorina	TOTAL_LEVEL_UP	2
1774805780070	140	PLAYER Nidorina	LEVEL_UP	Woodcutting	3
1774805780070	140	PLAYER Nidorina	SET_EXP	Woodcutting	2500
1774805784253	147	BOT Pirate Ship	COMPLETED	go_to_lumbridge_swamp_fishing_area
1774805784855	148	PLAYER RagdollRay	TASK_COMPLETED	hang_on_to_something_task
1774805784881	148	PLAYER Miriam	EXP	Woodcutting	25.0
1774805784881	148	PLAYER Miriam	TOTAL_LEVEL_UP	2
1774805784881	148	PLAYER Miriam	LEVEL_UP	Woodcutting	3
1774805784881	148	PLAYER Miriam	SET_EXP	Woodcutting	2500
1774805785455	149	BOT Pirate Ship	COMPLETED	go_to_area
1774805786056	150	BOT Appa	COMPLETED	nemarti_bow
1774805786056	150	BOT Pirate Ship	START_ACTIVITY	lumbridge_net_fishing
1774805786656	151	BOT Appa	START_RESOLVER	equip_items	ranged_tutor
1774805786657	151	BOT Starmie	FAILED	go_to_lumbridge_chicken_pen	Timeout	15	BotInteractObject
1774805786657	151	BOT DellDave	COMPLETED	go_to_lumbridge_swamp_fishing_area
1774805786657	151	BOT RagdollRay	COMPLETED	deposit_all_bank
1774805786679	151	PLAYER Fire	EXP	Mining	17.5
1774805786679	151	PLAYER Fire	TOTAL_LEVEL_UP	1
1774805786679	151	PLAYER Fire	LEVEL_UP	Mining	2
1774805786679	151	PLAYER Fire	SET_EXP	Mining	875
1774805786681	151	PLAYER Fire	TASK_COMPLETED	take_your_pick_task
1774805787257	152	BOT Appa	START_ACTIVITY	equip_items
1774805787257	152	BOT Starmie	ASSIGNED	kill_freds_chickens_defence
1774805787257	152	BOT RagdollRay	START_RESOLVER	withdraw_from_bank	lumbridge_crayfish
1774805787858	153	PLAYER Appa	TASK_COMPLETED	reach_out_and_touch_someone_task
1774805787858	153	PLAYER Appa	TASK_COMPLETED	take_a_bow_task
1774805787859	153	BOT Starmie	START_ACTIVITY	kill_freds_chickens_defence
1774805787859	153	BOT RagdollRay	START_ACTIVITY	withdraw_from_bank
1774805787883	153	PLAYER Miriam	EXP	Woodcutting	25.0
1774805787883	153	PLAYER Miriam	TOTAL_LEVEL_UP	3
1774805787883	153	PLAYER Miriam	LEVEL_UP	Woodcutting	4
1774805787883	153	PLAYER Miriam	SET_EXP	Woodcutting	3750
1774805787884	153	PLAYER Nidorina	EXP	Woodcutting	25.0
1774805787884	153	PLAYER Nidorina	TOTAL_LEVEL_UP	3
1774805787884	153	PLAYER Nidorina	LEVEL_UP	Woodcutting	4
1774805787884	153	PLAYER Nidorina	SET_EXP	Woodcutting	3750
1774805788459	154	BOT DellDave	COMPLETED	go_to_area
1774805788459	154	BOT Kingly	FAILED	go_to_lumbridge_chicken_pen	Timeout	15	BotInteractObject
1774805788459	154	BOT JumpySeat	COMPLETED	go_to_lumbridge_swamp_east_tin_mine
1774805789060	155	BOT DellDave	START_ACTIVITY	lumbridge_net_fishing
1774805789060	155	BOT Kingly	ASSIGNED	kill_freds_chickens_attack
1774805789660	156	BOT Appa	COMPLETED	equip_items
1774805789661	156	BOT Kingly	START_ACTIVITY	kill_freds_chickens_attack
1774805789661	156	BOT JumpySeat	COMPLETED	go_to_area
1774805790261	157	BOT Appa	START_ACTIVITY	ranged_tutor
1774805790262	157	BOT JumpySeat	START_ACTIVITY	lumbridge_tin_mining
1774805790262	157	BOT NuNinja	COMPLETED	go_to_lumbridge_chicken_pen
1774805791463	159	BOT NuNinja	COMPLETED	go_to_area
1774805791486	159	PLAYER Miriam	EXP	Woodcutting	25.0
1774805791486	159	PLAYER Miriam	TOTAL_LEVEL_UP	4
1774805791486	159	PLAYER Miriam	LEVEL_UP	Woodcutting	5
1774805791486	159	PLAYER Miriam	SET_EXP	Woodcutting	5000
1774805791489	159	PLAYER Starmie	EXP	Defence	1.2
1774805791489	159	PLAYER Starmie	SET_EXP	Defence	60
1774805791489	159	PLAYER Starmie	EXP	Constitution	0.4
1774805791489	159	PLAYER Starmie	SET_EXP	Constitution	11560
1774805792064	160	BOT NuNinja	START_ACTIVITY	kill_freds_chickens_strength
1774805792691	161	PLAYER Kingly	EXP	Attack	2.8
1774805792691	161	PLAYER Kingly	SET_EXP	Attack	140
1774805792692	161	PLAYER Kingly	EXP	Constitution	0.9333333333333333
1774805792692	161	PLAYER Kingly	SET_EXP	Constitution	11586
1774805793287	162	PLAYER Appa	EXP	Ranged	6.0
1774805793287	162	PLAYER Appa	SET_EXP	Ranged	300
1774805793893	163	PLAYER Starmie	EXP	Defence	2.8
1774805793893	163	PLAYER Starmie	SET_EXP	Defence	200
1774805793894	163	PLAYER Starmie	EXP	Constitution	0.9333333333333333
1774805793894	163	PLAYER Starmie	SET_EXP	Constitution	11606
1774805794467	164	BOT RagdollRay	COMPLETED	withdraw_from_bank
1774805795068	165	BOT RagdollRay	START_RESOLVER	go_to_area	lumbridge_crayfish
1774805795094	165	PLAYER Kingly	EXP	Attack	4.0
1774805795094	165	PLAYER Kingly	SET_EXP	Attack	340
1774805795095	165	PLAYER Kingly	EXP	Constitution	1.3333333333333333
1774805795095	165	PLAYER Kingly	SET_EXP	Constitution	11652
1774805795096	165	PLAYER NuNinja	EXP	Strength	0.8
1774805795096	165	PLAYER NuNinja	SET_EXP	Strength	40
1774805795096	165	PLAYER NuNinja	EXP	Constitution	0.26666666666666666
1774805795096	165	PLAYER NuNinja	SET_EXP	Constitution	11553
1774805795670	166	BOT RagdollRay	START_ACTIVITY	go_to_area
1774805795692	166	PLAYER Appa	EXP	Ranged	2.0
1774805795692	166	PLAYER Appa	SET_EXP	Ranged	400
1774805796270	167	BOT Tinne	COMPLETED	go_to_lumbridge_west_trees
1774805796871	168	BOT RagdollRay	START_ACTIVITY	go_to_lumbridge_south_river_fishing_area
1774805796891	168	PLAYER Nidorina	EXP	Woodcutting	25.0
1774805796891	168	PLAYER Nidorina	TOTAL_LEVEL_UP	4
1774805796891	168	PLAYER Nidorina	LEVEL_UP	Woodcutting	5
1774805796891	168	PLAYER Nidorina	SET_EXP	Woodcutting	5000
1774805797471	169	BOT Tinne	COMPLETED	go_to_area
1774805797496	169	PLAYER NuNinja	EXP	Strength	2.8
1774805797496	169	PLAYER NuNinja	SET_EXP	Strength	180
1774805797496	169	PLAYER NuNinja	EXP	Constitution	0.9333333333333333
1774805797496	169	PLAYER NuNinja	SET_EXP	Constitution	11599
1774805797497	169	PLAYER Miriam	EXP	Woodcutting	25.0
1774805797497	169	PLAYER Miriam	TOTAL_LEVEL_UP	5
1774805797497	169	PLAYER Miriam	LEVEL_UP	Woodcutting	6
1774805797497	169	PLAYER Miriam	SET_EXP	Woodcutting	6250
1774805797498	169	PLAYER Kingly	EXP	Attack	4.8
1774805797498	169	PLAYER Kingly	SET_EXP	Attack	580
1774805797499	169	PLAYER Kingly	EXP	Constitution	1.6
1774805797499	169	PLAYER Kingly	SET_EXP	Constitution	11732
1774805798073	170	BOT Tinne	START_ACTIVITY	lumbridge_west_tree_cutting
1774805798073	170	BOT TabletTim	FAILED	go_to_varrock_south_east_mine	Timeout	16	BotWalkTo
1774805798095	170	PLAYER Appa	EXP	Ranged	4.4
1774805798095	170	PLAYER Appa	SET_EXP	Ranged	620
1774805798673	171	BOT TabletTim	ASSIGNED	varrock_tin_mining
1774805798696	171	PLAYER Starmie	EXP	Defence	2.0
1774805798697	171	PLAYER Starmie	SET_EXP	Defence	300
1774805798697	171	PLAYER Starmie	EXP	Constitution	0.6666666666666666
1774805798697	171	PLAYER Starmie	SET_EXP	Constitution	11639
1774805799274	172	BOT TabletTim	START_RESOLVER	go_to_area	varrock_tin_mining
1774805799875	173	BOT TabletTim	START_ACTIVITY	go_to_area
1774805799899	173	PLAYER NuNinja	EXP	Strength	4.4
1774805799899	173	PLAYER NuNinja	SET_EXP	Strength	400
1774805799899	173	PLAYER NuNinja	EXP	Constitution	1.4666666666666666
1774805799899	173	PLAYER NuNinja	SET_EXP	Constitution	11672
1774805799900	173	PLAYER Kingly	EXP	Attack	0.4
1774805799900	173	PLAYER Kingly	SET_EXP	Attack	600
1774805799901	173	PLAYER Kingly	EXP	Constitution	0.13333333333333333
1774805799901	173	PLAYER Kingly	SET_EXP	Constitution	11738
1774805800499	174	PLAYER Appa	EXP	Ranged	2.0
1774805800499	174	PLAYER Appa	SET_EXP	Ranged	720
1774805801076	175	BOT TabletTim	START_ACTIVITY	go_to_varrock_south_east_mine
1774805801102	175	PLAYER Nidorina	EXP	Woodcutting	25.0
1774805801102	175	PLAYER Nidorina	TOTAL_LEVEL_UP	5
1774805801102	175	PLAYER Nidorina	LEVEL_UP	Woodcutting	6
1774805801102	175	PLAYER Nidorina	SET_EXP	Woodcutting	6250
1774805801103	175	PLAYER Starmie	EXP	Defence	4.4
1774805801103	175	PLAYER Starmie	SET_EXP	Defence	520
1774805801104	175	PLAYER Starmie	EXP	Constitution	1.4666666666666666
1774805801104	175	PLAYER Starmie	SET_EXP	Constitution	11712
1774805801699	176	PLAYER RagdollRay	TELED	TILE 3205,3209,1
1774805802302	177	PLAYER NuNinja	EXP	Strength	4.0
1774805802302	177	PLAYER NuNinja	SET_EXP	Strength	600
1774805802302	177	PLAYER NuNinja	EXP	Constitution	1.3333333333333333
1774805802302	177	PLAYER NuNinja	SET_EXP	Constitution	11738
1774805802303	177	PLAYER Pirate Ship	EXP	Fishing	10.0
1774805802303	177	PLAYER Pirate Ship	SET_EXP	Fishing	500
1774805802304	177	PLAYER Pirate Ship	TASK_COMPLETED	shrimpin_aint_easy_task
1774805802304	177	PLAYER Kingly	EXP	Attack	2.0
1774805802304	177	PLAYER Kingly	SET_EXP	Attack	700
1774805802305	177	PLAYER Kingly	EXP	Constitution	0.6666666666666666
1774805802305	177	PLAYER Kingly	SET_EXP	Constitution	11771
1774805802900	178	PLAYER Appa	EXP	Ranged	0.8
1774805802900	178	PLAYER Appa	SET_EXP	Ranged	760
1774805803492	179	PLAYER Kingly	KILLED	NPC chicken_brown:10359	TILE 3233,3296,0
1774805803493	179	NPC chicken_brown:10359	DROPPED	ITEM feather:5	ITEM bones:1	ITEM raw_chicken:1
1774805803504	179	PLAYER Starmie	EXP	Defence	1.2
1774805803504	179	PLAYER Starmie	SET_EXP	Defence	580
1774805803505	179	PLAYER Starmie	EXP	Constitution	0.4
1774805803505	179	PLAYER Starmie	SET_EXP	Constitution	11732
1774805803506	179	PLAYER Tinne	EXP	Woodcutting	25.0
1774805803506	179	PLAYER Tinne	TOTAL_LEVEL_UP	1
1774805803506	179	PLAYER Tinne	LEVEL_UP	Woodcutting	2
1774805803506	179	PLAYER Tinne	SET_EXP	Woodcutting	1250
1774805803506	179	PLAYER Tinne	TASK_COMPLETED	adventurers_log_task
1774805804103	180	PLAYER RagdollRay	TELED	TILE 3205,3209,0
1774805804705	181	PLAYER Kingly	EXP	Attack	4.8
1774805804705	181	PLAYER Kingly	TOTAL_LEVEL_UP	1
1774805804705	181	PLAYER Kingly	LEVEL_UP	Attack	2
1774805804705	181	PLAYER Kingly	SET_EXP	Attack	940
1774805804706	181	PLAYER Kingly	EXP	Constitution	1.6
1774805804706	181	PLAYER Kingly	SET_EXP	Constitution	11851
1774805805309	182	PLAYER Appa	EXP	Ranged	5.6
1774805805309	182	PLAYER Appa	TOTAL_LEVEL_UP	1
1774805805309	182	PLAYER Appa	LEVEL_UP	Ranged	2
1774805805310	182	PLAYER Appa	SET_EXP	Ranged	1040
1774805805896	183	PLAYER NuNinja	KILLED	NPC chicken_brown:10360	TILE 3232,3298,0
1774805805896	183	NPC chicken_brown:10360	DROPPED	ITEM bones:1	ITEM raw_chicken:1
1774805805907	183	PLAYER Drowzee	TASK_COMPLETED	beware_of_pigzilla_task
1774805806505	184	PLAYER Tinne	EXP	Woodcutting	25.0
1774805806505	184	PLAYER Tinne	TOTAL_LEVEL_UP	2
1774805806505	184	PLAYER Tinne	LEVEL_UP	Woodcutting	3
1774805806505	184	PLAYER Tinne	SET_EXP	Woodcutting	2500
1774805807085	185	BOT GoodFight	FAILED	go_to_varrock_south_east_mine	Timeout	20	BotWalkTo
1774805807085	185	BOT BisqueBob	COMPLETED	go_to_varrock_south_west_mine
1774805807085	185	BOT Erehk	FAILED	go_to_al_kharid_mine_north	Timeout	19	BotWalkTo
1774805807109	185	PLAYER NuNinja	EXP	Strength	4.8
1774805807109	185	PLAYER NuNinja	TOTAL_LEVEL_UP	1
1774805807109	185	PLAYER NuNinja	LEVEL_UP	Strength	2
1774805807109	185	PLAYER NuNinja	SET_EXP	Strength	840
1774805807109	185	PLAYER NuNinja	EXP	Constitution	1.6
1774805807109	185	PLAYER NuNinja	SET_EXP	Constitution	11818
1774805807110	185	PLAYER Kingly	EXP	Attack	3.6
1774805807110	185	PLAYER Kingly	SET_EXP	Attack	1120
1774805807111	185	PLAYER Kingly	EXP	Constitution	1.2
1774805807111	185	PLAYER Kingly	SET_EXP	Constitution	11911
1774805807685	186	BOT GoodFight	ASSIGNED	varrock_copper_mining
1774805807685	186	BOT Erehk	ASSIGNED	al_kharid_north_copper_mining
1774805807685	186	BOT PrincePete	COMPLETED	go_to_lumbridge_swamp_east_copper_mine
1774805808286	187	BOT GoodFight	START_RESOLVER	go_to_area	varrock_copper_mining
1774805808286	187	BOT BisqueBob	START_ACTIVITY	go_to_varrock_south_west_mine
1774805808286	187	BOT Erehk	START_RESOLVER	go_to_area	al_kharid_north_copper_mining
1774805808286	187	BOT BullsEye99	FAILED	go_to_varrock_south_east_mine	Timeout	19	BotWalkTo
1774805808310	187	PLAYER Starmie	EXP	Defence	0.4
1774805808310	187	PLAYER Starmie	SET_EXP	Defence	600
1774805808310	187	PLAYER Starmie	EXP	Constitution	0.13333333333333333
1774805808310	187	PLAYER Starmie	SET_EXP	Constitution	11738
1774805808887	188	BOT GoodFight	START_ACTIVITY	go_to_area
1774805808887	188	BOT Erehk	START_ACTIVITY	go_to_area
1774805808887	188	BOT BullsEye99	ASSIGNED	varrock_copper_mining
1774805809488	189	BOT BisqueBob	COMPLETED	go_to_varrock_south_west_mine
1774805809488	189	BOT BullsEye99	START_RESOLVER	go_to_area	varrock_copper_mining
1774805809511	189	PLAYER NuNinja	EXP	Strength	3.6
1774805809511	189	PLAYER NuNinja	SET_EXP	Strength	1020
1774805809512	189	PLAYER NuNinja	EXP	Constitution	1.2
1774805809512	189	PLAYER NuNinja	SET_EXP	Constitution	11878
1774805809513	189	PLAYER Kingly	EXP	Attack	1.6
1774805809513	189	PLAYER Kingly	SET_EXP	Attack	1200
1774805809513	189	PLAYER Kingly	EXP	Constitution	0.5333333333333333
1774805809513	189	PLAYER Kingly	SET_EXP	Constitution	11937
1774805809514	189	PLAYER Tinne	EXP	Woodcutting	25.0
1774805809514	189	PLAYER Tinne	TOTAL_LEVEL_UP	3
1774805809514	189	PLAYER Tinne	LEVEL_UP	Woodcutting	4
1774805809514	189	PLAYER Tinne	SET_EXP	Woodcutting	3750
1774805810088	190	BOT GoodFight	START_ACTIVITY	go_to_varrock_south_east_mine
1774805810089	190	BOT BullsEye99	START_ACTIVITY	go_to_area
1774805810089	190	BOT Drowzee	FAILED	go_to_draynor_north_trees	Timeout	17	BotWalkTo
1774805810089	190	BOT PrincePete	COMPLETED	go_to_area
1774805810689	191	BOT BisqueBob	START_ACTIVITY	go_to_varrock_south_west_mine
1774805810689	191	BOT Drowzee	ASSIGNED	draynor_north_trees
1774805810689	191	BOT PrincePete	START_ACTIVITY	lumbridge_copper_mining
1774805810713	191	PLAYER Starmie	EXP	Defence	4.4
1774805810713	191	PLAYER Starmie	SET_EXP	Defence	820
1774805810714	191	PLAYER Starmie	EXP	Constitution	1.4666666666666666
1774805810714	191	PLAYER Starmie	SET_EXP	Constitution	11811
1774805811289	192	BOT Drowzee	START_RESOLVER	go_to_area	draynor_north_trees
1774805811890	193	BOT BisqueBob	COMPLETED	go_to_varrock_south_west_mine
1774805811890	193	BOT Erehk	START_ACTIVITY	go_to_al_kharid_mine_north
1774805811890	193	BOT BullsEye99	START_ACTIVITY	go_to_varrock_south_east_mine
1774805811890	193	BOT Drowzee	START_ACTIVITY	go_to_area
1774805811903	193	PLAYER Starmie	KILLED	NPC chicken:10309	TILE 3231,3295,0
1774805811903	193	NPC chicken:10309	DROPPED	ITEM feather:5	ITEM bones:1	ITEM raw_chicken:1
1774805811913	193	PLAYER NuNinja	EXP	Strength	1.6
1774805811913	193	PLAYER NuNinja	SET_EXP	Strength	1100
1774805811914	193	PLAYER NuNinja	EXP	Constitution	0.5333333333333333
1774805811914	193	PLAYER NuNinja	SET_EXP	Constitution	11904
1774805811915	193	PLAYER Kingly	EXP	Attack	2.4
1774805811915	193	PLAYER Kingly	SET_EXP	Attack	1320
1774805811915	193	PLAYER Kingly	EXP	Constitution	0.8
1774805811915	193	PLAYER Kingly	SET_EXP	Constitution	11977
1774805812512	194	PLAYER Appa	EXP	Ranged	2.0
1774805812512	194	PLAYER Appa	SET_EXP	Ranged	1140
1774805813091	195	BOT BisqueBob	COMPLETED	go_to_area
1774805813091	195	BOT Drowzee	COMPLETED	go_to_area
1774805813091	195	BOT MainMike	FAILED	go_to_varrock_south_east_mine	Timeout	19	BotWalkTo
1774805813126	195	PLAYER Kingly	KILLED	NPC chicken_brown:10358	TILE 3231,3294,0
1774805813126	195	NPC chicken_brown:10358	DROPPED	ITEM feather:15	ITEM bones:1	ITEM raw_chicken:1
1774805813136	195	PLAYER Nidorina	EXP	Woodcutting	25.0
1774805813136	195	PLAYER Nidorina	TOTAL_LEVEL_UP	6
1774805813136	195	PLAYER Nidorina	LEVEL_UP	Woodcutting	7
1774805813136	195	PLAYER Nidorina	SET_EXP	Woodcutting	7500
1774805813692	196	BOT BisqueBob	START_ACTIVITY	varrock_east_tin_mining
1774805813692	196	BOT Drowzee	START_ACTIVITY	draynor_north_trees
1774805813692	196	BOT MainMike	ASSIGNED	varrock_copper_mining
1774805813692	196	BOT WhaleShark	COMPLETED	go_to_lumbridge_chicken_pen
1774805814293	197	BOT MainMike	START_RESOLVER	go_to_area	varrock_copper_mining
1774805814316	197	PLAYER Kingly	EXP	Attack	2.0
1774805814316	197	PLAYER Kingly	SET_EXP	Attack	1420
1774805814316	197	PLAYER Kingly	EXP	Constitution	0.6666666666666666
1774805814316	197	PLAYER Kingly	SET_EXP	Constitution	12010
1774805814894	198	BOT MainMike	START_ACTIVITY	go_to_area
1774805814894	198	BOT WhaleShark	COMPLETED	go_to_area
1774805814914	198	PLAYER Appa	EXP	Ranged	7.6
1774805814914	198	PLAYER Appa	SET_EXP	Ranged	1520
1774805815495	199	BOT WhaleShark	START_ACTIVITY	kill_freds_chickens_attack
1774805815518	199	PLAYER Starmie	EXP	Defence	0.4
1774805815518	199	PLAYER Starmie	TOTAL_LEVEL_UP	1
1774805815518	199	PLAYER Starmie	LEVEL_UP	Defence	2
1774805815519	199	PLAYER Starmie	SET_EXP	Defence	840
1774805815519	199	PLAYER Starmie	EXP	Constitution	0.13333333333333333
1774805815519	199	PLAYER Starmie	SET_EXP	Constitution	11817
1774805817297	202	BOT MainMike	START_ACTIVITY	go_to_varrock_south_east_mine
1774805817317	202	PLAYER Appa	EXP	Ranged	4.0
1774805817317	202	PLAYER Appa	SET_EXP	Ranged	1720
1774805819126	205	PLAYER NuNinja	EXP	Strength	2.0
1774805819126	205	PLAYER NuNinja	SET_EXP	Strength	1200
1774805819127	205	PLAYER NuNinja	EXP	Constitution	0.6666666666666666
1774805819127	205	PLAYER NuNinja	SET_EXP	Constitution	11937
1774805819128	205	PLAYER Kingly	EXP	Attack	5.6
1774805819128	205	PLAYER Kingly	SET_EXP	Attack	1700
1774805819128	205	PLAYER Kingly	EXP	Constitution	1.8666666666666667
1774805819128	205	PLAYER Kingly	SET_EXP	Constitution	12103
1774805819129	205	PLAYER WhaleShark	EXP	Attack	4.4
1774805819129	205	PLAYER WhaleShark	SET_EXP	Attack	220
1774805819129	205	PLAYER WhaleShark	EXP	Constitution	1.4666666666666666
1774805819129	205	PLAYER WhaleShark	SET_EXP	Constitution	11613
1774805819720	206	PLAYER Nidorina	EXP	Woodcutting	25.0
1774805819720	206	PLAYER Nidorina	TOTAL_LEVEL_UP	7
1774805819720	206	PLAYER Nidorina	LEVEL_UP	Woodcutting	8
1774805819720	206	PLAYER Nidorina	SET_EXP	Woodcutting	8750
1774805819723	206	PLAYER Appa	EXP	Ranged	7.2
1774805819723	206	PLAYER Appa	TOTAL_LEVEL_UP	2
1774805819723	206	PLAYER Appa	LEVEL_UP	Ranged	3
1774805819724	206	PLAYER Appa	SET_EXP	Ranged	2080
1774805820301	207	BOT GoodFight	COMPLETED	go_to_varrock_south_east_mine
1774805820326	207	PLAYER Pirate Ship	EXP	Fishing	10.0
1774805820326	207	PLAYER Pirate Ship	TOTAL_LEVEL_UP	1
1774805820326	207	PLAYER Pirate Ship	LEVEL_UP	Fishing	2
1774805820326	207	PLAYER Pirate Ship	SET_EXP	Fishing	1000
1774805820923	208	PLAYER NuNinja	TOOK	FLOOR_ITEM bones:1	TILE 3232,3298,0
1774805821531	209	PLAYER NuNinja	TOOK	FLOOR_ITEM raw_chicken:1	TILE 3232,3298,0
1774805821532	209	PLAYER Kingly	EXP	Attack	2.0
1774805821532	209	PLAYER Kingly	TOTAL_LEVEL_UP	2
1774805821532	209	PLAYER Kingly	LEVEL_UP	Attack	3
1774805821532	209	PLAYER Kingly	SET_EXP	Attack	1800
1774805821533	209	PLAYER Kingly	EXP	Constitution	0.6666666666666666
1774805821533	209	PLAYER Kingly	SET_EXP	Constitution	12136
1774805821533	209	PLAYER WhaleShark	EXP	Attack	4.4
1774805821533	209	PLAYER WhaleShark	SET_EXP	Attack	440
1774805821534	209	PLAYER WhaleShark	EXP	Constitution	1.4666666666666666
1774805821534	209	PLAYER WhaleShark	SET_EXP	Constitution	11686
1774805822104	210	BOT GoodFight	COMPLETED	go_to_area
1774805822125	210	PLAYER NuNinja	EXP	Strength	2.0
1774805822125	210	PLAYER NuNinja	SET_EXP	Strength	1300
1774805822126	210	PLAYER NuNinja	EXP	Constitution	0.6666666666666666
1774805822126	210	PLAYER NuNinja	SET_EXP	Constitution	11970
1774805822127	210	PLAYER Appa	EXP	Ranged	7.2
1774805822127	210	PLAYER Appa	SET_EXP	Ranged	2440
1774805822705	211	BOT GoodFight	START_ACTIVITY	varrock_copper_mining
1774805822718	211	PLAYER NuNinja	KILLED	NPC chicken:10308	TILE 3231,3296,0
1774805822718	211	NPC chicken:10308	DROPPED	ITEM feather:5	ITEM bones:1	ITEM raw_chicken:1
1774805823326	212	PLAYER DellDave	EXP	Fishing	10.0
1774805823326	212	PLAYER DellDave	SET_EXP	Fishing	500
1774805823327	212	PLAYER DellDave	TASK_COMPLETED	shrimpin_aint_easy_task
1774805823906	213	BOT RagdollRay	COMPLETED	go_to_lumbridge_south_river_fishing_area
1774805823934	213	PLAYER Kingly	EXP	Attack	1.6
1774805823934	213	PLAYER Kingly	SET_EXP	Attack	1880
1774805823935	213	PLAYER Kingly	EXP	Constitution	0.5333333333333333
1774805823935	213	PLAYER Kingly	SET_EXP	Constitution	12162
1774805823935	213	PLAYER WhaleShark	EXP	Attack	2.8
1774805823935	213	PLAYER WhaleShark	SET_EXP	Attack	580
1774805823936	213	PLAYER WhaleShark	EXP	Constitution	0.9333333333333333
1774805823936	213	PLAYER WhaleShark	SET_EXP	Constitution	11732
1774805823936	213	PLAYER Drowzee	EXP	Woodcutting	25.0
1774805823936	213	PLAYER Drowzee	TOTAL_LEVEL_UP	1
1774805823936	213	PLAYER Drowzee	LEVEL_UP	Woodcutting	2
1774805823937	213	PLAYER Drowzee	SET_EXP	Woodcutting	1250
1774805823937	213	PLAYER Drowzee	TASK_COMPLETED	adventurers_log_task
1774805824528	214	PLAYER NuNinja	EXP	Strength	4.4
1774805824528	214	PLAYER NuNinja	SET_EXP	Strength	1520
1774805824529	214	PLAYER NuNinja	EXP	Constitution	1.4666666666666666
1774805824529	214	PLAYER NuNinja	SET_EXP	Constitution	12043
1774805824530	214	PLAYER Appa	EXP	Ranged	3.6
1774805824530	214	PLAYER Appa	SET_EXP	Ranged	2620
1774805825109	215	BOT RagdollRay	START_ACTIVITY	go_to_lumbridge_south_river_fishing_area
1774805825122	215	PLAYER Kingly	KILLED	NPC chicken:10311	TILE 3229,3296,0
1774805825122	215	NPC chicken:10311	DROPPED	ITEM bones:1	ITEM raw_chicken:1
1774805825132	215	PLAYER Nidorina	EXP	Woodcutting	25.0
1774805825133	215	PLAYER Nidorina	TOTAL_LEVEL_UP	8
1774805825133	215	PLAYER Nidorina	LEVEL_UP	Woodcutting	9
1774805825133	215	PLAYER Nidorina	SET_EXP	Woodcutting	10000
1774805825134	215	PLAYER Starmie	EXP	Defence	4.0
1774805825134	215	PLAYER Starmie	SET_EXP	Defence	1040
1774805825134	215	PLAYER Starmie	EXP	Constitution	1.3333333333333333
1774805825134	215	PLAYER Starmie	SET_EXP	Constitution	11883
1774805825709	216	BOT BullsEye99	COMPLETED	go_to_varrock_south_east_mine
1774805826310	217	BOT RagdollRay	COMPLETED	go_to_lumbridge_south_river_fishing_area
1774805826335	217	PLAYER Pirate Ship	EXP	Fishing	10.0
1774805826335	217	PLAYER Pirate Ship	SET_EXP	Fishing	1500
1774805826336	217	PLAYER PrincePete	EXP	Mining	17.5
1774805826336	217	PLAYER PrincePete	TOTAL_LEVEL_UP	1
1774805826336	217	PLAYER PrincePete	LEVEL_UP	Mining	2
1774805826336	217	PLAYER PrincePete	SET_EXP	Mining	875
1774805826336	217	PLAYER PrincePete	TASK_COMPLETED	take_your_pick_task
1774805826337	217	PLAYER Kingly	EXP	Attack	3.2
1774805826337	217	PLAYER Kingly	SET_EXP	Attack	2040
1774805826338	217	PLAYER Kingly	EXP	Constitution	1.0666666666666667
1774805826338	217	PLAYER Kingly	SET_EXP	Constitution	12215
1774805826339	217	PLAYER WhaleShark	EXP	Attack	0.4
1774805826339	217	PLAYER WhaleShark	SET_EXP	Attack	600
1774805826339	217	PLAYER WhaleShark	EXP	Constitution	0.13333333333333333
1774805826339	217	PLAYER WhaleShark	SET_EXP	Constitution	11738
1774805826340	217	PLAYER Fire	EXP	Mining	17.5
1774805826340	217	PLAYER Fire	TOTAL_LEVEL_UP	2
1774805826340	217	PLAYER Fire	LEVEL_UP	Mining	3
1774805826340	217	PLAYER Fire	SET_EXP	Mining	1750
1774805826911	218	BOT BullsEye99	COMPLETED	go_to_area
1774805826932	218	PLAYER NuNinja	EXP	Strength	5.6
1774805826932	218	PLAYER NuNinja	TOTAL_LEVEL_UP	2
1774805826932	218	PLAYER NuNinja	LEVEL_UP	Strength	3
1774805826932	218	PLAYER NuNinja	SET_EXP	Strength	1800
1774805826933	218	PLAYER NuNinja	EXP	Constitution	1.8666666666666667
1774805826933	218	PLAYER NuNinja	SET_EXP	Constitution	12136
1774805826934	218	PLAYER Appa	EXP	Ranged	6.0
1774805826934	218	PLAYER Appa	TOTAL_LEVEL_UP	3
1774805826934	218	PLAYER Appa	LEVEL_UP	Ranged	4
1774805826934	218	PLAYER Appa	SET_EXP	Ranged	2920
1774805827511	219	BOT BullsEye99	START_ACTIVITY	varrock_copper_mining
1774805827511	219	BOT RagdollRay	START_ACTIVITY	go_to_lumbridge_south_river_fishing_area
1774805827534	219	PLAYER Starmie	EXP	Defence	2.8
1774805827534	219	PLAYER Starmie	SET_EXP	Defence	1180
1774805827535	219	PLAYER Starmie	EXP	Constitution	0.9333333333333333
1774805827535	219	PLAYER Starmie	SET_EXP	Constitution	11929
1774805828713	221	BOT RagdollRay	COMPLETED	go_to_lumbridge_south_river_fishing_area
1774805828736	221	PLAYER NuNinja	TOOK	FLOOR_ITEM feather:5	TILE 3231,3296,0
1774805828737	221	PLAYER Kingly	EXP	Attack	1.2
1774805828737	221	PLAYER Kingly	SET_EXP	Attack	2100
1774805828737	221	PLAYER Kingly	EXP	Constitution	0.4
1774805828737	221	PLAYER Kingly	SET_EXP	Constitution	12235
1774805828738	221	PLAYER WhaleShark	EXP	Attack	3.6
1774805828738	221	PLAYER WhaleShark	SET_EXP	Attack	780
1774805828738	221	PLAYER WhaleShark	EXP	Constitution	1.2
1774805828738	221	PLAYER WhaleShark	SET_EXP	Constitution	11798
1774805829335	222	PLAYER NuNinja	TOOK	FLOOR_ITEM bones:1	TILE 3231,3296,0
1774805829335	222	PLAYER Nidorina	EXP	Woodcutting	25.0
1774805829335	222	PLAYER Nidorina	SET_EXP	Woodcutting	11250
1774805829337	222	PLAYER Appa	EXP	Ranged	1.6
1774805829337	222	PLAYER Appa	SET_EXP	Ranged	3000
1774805829915	223	BOT RagdollRay	START_ACTIVITY	go_to_lumbridge_south_river_fishing_area
1774805829928	223	PLAYER WhaleShark	KILLED	NPC chicken:10310	TILE 3230,3299,0
1774805829928	223	NPC chicken:10310	DROPPED	ITEM feather:5	ITEM bones:1	ITEM raw_chicken:1
1774805829938	223	PLAYER NuNinja	TOOK	FLOOR_ITEM raw_chicken:1	TILE 3231,3296,0
1774805829938	223	PLAYER Starmie	EXP	Defence	0.4
1774805829938	223	PLAYER Starmie	SET_EXP	Defence	1200
1774805829939	223	PLAYER Starmie	EXP	Constitution	0.13333333333333333
1774805829939	223	PLAYER Starmie	SET_EXP	Constitution	11935
1774805829940	223	PLAYER BisqueBob	EXP	Mining	17.5
1774805829940	223	PLAYER BisqueBob	TOTAL_LEVEL_UP	1
1774805829940	223	PLAYER BisqueBob	LEVEL_UP	Mining	2
1774805829940	223	PLAYER BisqueBob	SET_EXP	Mining	875
1774805829941	223	PLAYER BisqueBob	TASK_COMPLETED	heavy_metal_task
1774805829941	223	PLAYER Tinne	EXP	Woodcutting	25.0
1774805829941	223	PLAYER Tinne	TOTAL_LEVEL_UP	4
1774805829941	223	PLAYER Tinne	LEVEL_UP	Woodcutting	5
1774805829941	223	PLAYER Tinne	SET_EXP	Woodcutting	5000
1774805830527	224	PLAYER NuNinja	KILLED	NPC chicken_brown:10360	TILE 3232,3299,0
1774805830527	224	NPC chicken_brown:10360	DROPPED	ITEM bones:1	ITEM raw_chicken:1
1774805830538	224	PLAYER NuNinja	EXP	Strength	1.6
1774805830538	224	PLAYER NuNinja	SET_EXP	Strength	1880
1774805830539	224	PLAYER NuNinja	EXP	Constitution	0.5333333333333333
1774805830539	224	PLAYER NuNinja	SET_EXP	Constitution	12162
1774805831117	225	BOT MainMike	COMPLETED	go_to_varrock_south_east_mine
1774805831117	225	BOT RagdollRay	COMPLETED	go_to_lumbridge_south_river_fishing_area
1774805831140	225	PLAYER Starmie	TOOK	FLOOR_ITEM feather:5	TILE 3231,3295,0
1774805831140	225	PLAYER Kingly	EXP	Attack	2.0
1774805831140	225	PLAYER Kingly	SET_EXP	Attack	2200
1774805831141	225	PLAYER Kingly	EXP	Constitution	0.6666666666666666
1774805831141	225	PLAYER Kingly	SET_EXP	Constitution	12268
1774805831142	225	PLAYER WhaleShark	EXP	Attack	4.8
1774805831142	225	PLAYER WhaleShark	TOTAL_LEVEL_UP	1
1774805831142	225	PLAYER WhaleShark	LEVEL_UP	Attack	2
1774805831142	225	PLAYER WhaleShark	SET_EXP	Attack	1020
1774805831142	225	PLAYER WhaleShark	EXP	Constitution	1.6
1774805831142	225	PLAYER WhaleShark	SET_EXP	Constitution	11878
1774805831717	226	BOT Erehk	COMPLETED	go_to_al_kharid_mine_north
1774805831738	226	PLAYER Starmie	TOOK	FLOOR_ITEM bones:1	TILE 3231,3295,0
1774805831739	226	PLAYER Appa	EXP	Ranged	1.6
1774805831739	226	PLAYER Appa	SET_EXP	Ranged	3080
1774805831739	226	PLAYER Drowzee	EXP	Woodcutting	25.0
1774805831739	226	PLAYER Drowzee	TOTAL_LEVEL_UP	2
1774805831739	226	PLAYER Drowzee	LEVEL_UP	Woodcutting	3
1774805831739	226	PLAYER Drowzee	SET_EXP	Woodcutting	2500
1774805832318	227	BOT MainMike	COMPLETED	go_to_area
1774805832318	227	BOT RagdollRay	START_ACTIVITY	go_to_lumbridge_south_river_fishing_area
1774805832342	227	PLAYER Starmie	TOOK	FLOOR_ITEM raw_chicken:1	TILE 3231,3295,0
1774805832919	228	BOT Erehk	COMPLETED	go_to_area
1774805832920	228	BOT MainMike	START_ACTIVITY	varrock_copper_mining
1774805832920	228	BOT TabletTim	COMPLETED	go_to_varrock_south_east_mine
1774805832941	228	PLAYER NuNinja	EXP	Strength	6.8
1774805832941	228	PLAYER NuNinja	SET_EXP	Strength	2220
1774805832941	228	PLAYER NuNinja	EXP	Constitution	2.2666666666666666
1774805832941	228	PLAYER NuNinja	SET_EXP	Constitution	12275
1774805832942	228	PLAYER PrincePete	EXP	Mining	17.5
1774805832942	228	PLAYER PrincePete	TOTAL_LEVEL_UP	2
1774805832942	228	PLAYER PrincePete	LEVEL_UP	Mining	3
1774805832942	228	PLAYER PrincePete	SET_EXP	Mining	1750
1774805833520	229	BOT Erehk	START_ACTIVITY	al_kharid_north_copper_mining
1774805833521	229	BOT RagdollRay	COMPLETED	go_to_lumbridge_south_river_fishing_area
1774805833538	229	PLAYER Starmie	KILLED	NPC chicken_brown:10357	TILE 3232,3295,0
1774805833538	229	NPC chicken_brown:10357	DROPPED	ITEM feather:5	ITEM bones:1	ITEM raw_chicken:1
1774805833549	229	PLAYER Kingly	EXP	Attack	4.0
1774805833549	229	PLAYER Kingly	SET_EXP	Attack	2400
1774805833549	229	PLAYER Kingly	EXP	Constitution	1.3333333333333333
1774805833549	229	PLAYER Kingly	SET_EXP	Constitution	12334
1774805833550	229	PLAYER WhaleShark	EXP	Attack	3.6
1774805833550	229	PLAYER WhaleShark	SET_EXP	Attack	1200
1774805833550	229	PLAYER WhaleShark	EXP	Constitution	1.2
1774805833550	229	PLAYER WhaleShark	SET_EXP	Constitution	11938
1774805834143	230	PLAYER Starmie	EXP	Defence	3.2
1774805834144	230	PLAYER Starmie	SET_EXP	Defence	1360
1774805834144	230	PLAYER Starmie	EXP	Constitution	1.0666666666666667
1774805834144	230	PLAYER Starmie	SET_EXP	Constitution	11988
1774805834146	230	PLAYER Appa	EXP	Ranged	6.8
1774805834146	230	PLAYER Appa	SET_EXP	Ranged	3420
1774805834722	231	BOT RagdollRay	START_ACTIVITY	go_to_lumbridge_south_river_fishing_area
1774805834722	231	BOT TabletTim	COMPLETED	go_to_area
1774805834748	231	PLAYER Kingly	TOOK	FLOOR_ITEM bones:1	TILE 3229,3296,0
1774805835322	232	BOT TabletTim	START_ACTIVITY	varrock_tin_mining
1774805835343	232	PLAYER Kingly	TOOK	FLOOR_ITEM raw_chicken:1	TILE 3229,3296,0
1774805835344	232	PLAYER WhaleShark	TOOK	FLOOR_ITEM feather:5	TILE 3230,3299,0
1774805835344	232	PLAYER Tinne	EXP	Woodcutting	25.0
1774805835344	232	PLAYER Tinne	TOTAL_LEVEL_UP	5
1774805835344	232	PLAYER Tinne	LEVEL_UP	Woodcutting	6
1774805835344	232	PLAYER Tinne	SET_EXP	Woodcutting	6250
1774805835924	233	BOT RagdollRay	COMPLETED	go_to_lumbridge_south_river_fishing_area
1774805835947	233	PLAYER WhaleShark	TOOK	FLOOR_ITEM bones:1	TILE 3230,3299,0
1774805836545	234	PLAYER Miriam	EXP	Woodcutting	25.0
1774805836545	234	PLAYER Miriam	TOTAL_LEVEL_UP	6
1774805836545	234	PLAYER Miriam	LEVEL_UP	Woodcutting	7
1774805836545	234	PLAYER Miriam	SET_EXP	Woodcutting	7500
1774805836546	234	PLAYER Starmie	EXP	Defence	5.2
1774805836546	234	PLAYER Starmie	SET_EXP	Defence	1620
1774805836547	234	PLAYER Starmie	EXP	Constitution	1.7333333333333334
1774805836547	234	PLAYER Starmie	SET_EXP	Constitution	12074
1774805836547	234	PLAYER WhaleShark	TOOK	FLOOR_ITEM raw_chicken:1	TILE 3230,3299,0
1774805836548	234	PLAYER Appa	EXP	Ranged	8.4
1774805836548	234	PLAYER Appa	SET_EXP	Ranged	3840
1774805837126	235	BOT RagdollRay	COMPLETED	go_to_area
1774805837139	235	PLAYER Kingly	KILLED	NPC chicken_brown:10356	TILE 3228,3296,0
1774805837139	235	NPC chicken_brown:10356	DROPPED	ITEM feather:5	ITEM bones:1	ITEM raw_chicken:1
1774805837139	235	PLAYER WhaleShark	KILLED	NPC chicken_brown:10359	TILE 3227,3300,0
1774805837139	235	NPC chicken_brown:10359	DROPPED	ITEM feather:5	ITEM bones:1	ITEM raw_chicken:1
1774805837150	235	PLAYER Kingly	TOOK	FLOOR_ITEM feather:15	TILE 3231,3294,0
1774805837727	236	BOT RagdollRay	START_ACTIVITY	lumbridge_crayfish
1774805837747	236	PLAYER NuNinja	EXP	Strength	3.6
1774805837747	236	PLAYER NuNinja	SET_EXP	Strength	2400
1774805837748	236	PLAYER NuNinja	EXP	Constitution	1.2
1774805837748	236	PLAYER NuNinja	SET_EXP	Constitution	12335
1774805837749	236	PLAYER Kingly	TOOK	FLOOR_ITEM bones:1	TILE 3231,3294,0
1774805838352	237	PLAYER Kingly	TOOK	FLOOR_ITEM raw_chicken:1	TILE 3231,3294,0
1774805838949	238	PLAYER Starmie	EXP	Defence	3.2
1774805838949	238	PLAYER Starmie	TOTAL_LEVEL_UP	2
1774805838949	238	PLAYER Starmie	LEVEL_UP	Defence	3
1774805838949	238	PLAYER Starmie	SET_EXP	Defence	1780
1774805838950	238	PLAYER Starmie	EXP	Constitution	1.0666666666666667
1774805838950	238	PLAYER Starmie	SET_EXP	Constitution	12127
1774805838950	238	PLAYER BullsEye99	EXP	Mining	17.5
1774805838950	238	PLAYER BullsEye99	TOTAL_LEVEL_UP	1
1774805838950	238	PLAYER BullsEye99	LEVEL_UP	Mining	2
1774805838951	238	PLAYER BullsEye99	SET_EXP	Mining	875
1774805838951	238	PLAYER Appa	EXP	Ranged	6.0
1774805838951	238	PLAYER Appa	TOTAL_LEVEL_UP	4
1774805838951	238	PLAYER Appa	LEVEL_UP	Ranged	5
1774805838951	238	PLAYER Appa	SET_EXP	Ranged	4140
1774805839551	239	PLAYER NuNinja	TOOK	FLOOR_ITEM bones:1	TILE 3232,3299,0
1774805839551	239	PLAYER Miriam	EXP	Woodcutting	25.0
1774805839551	239	PLAYER Miriam	TOTAL_LEVEL_UP	7
1774805839551	239	PLAYER Miriam	LEVEL_UP	Woodcutting	8
1774805839551	239	PLAYER Miriam	SET_EXP	Woodcutting	8750
1774805840151	240	PLAYER NuNinja	TOOK	FLOOR_ITEM raw_chicken:1	TILE 3232,3299,0
1774805840151	240	PLAYER Kingly	TOOK	FLOOR_ITEM feather:5	TILE 3233,3296,0
1774805840755	241	PLAYER Kingly	EXP	Attack	2.8
1774805840755	241	PLAYER Kingly	SET_EXP	Attack	2540
1774805840756	241	PLAYER Kingly	EXP	Constitution	0.9333333333333333
1774805840756	241	PLAYER Kingly	SET_EXP	Constitution	12380
1774805840757	241	PLAYER WhaleShark	EXP	Attack	5.2
1774805840757	241	PLAYER WhaleShark	SET_EXP	Attack	1460
1774805840757	241	PLAYER WhaleShark	EXP	Constitution	1.7333333333333334
1774805840757	241	PLAYER WhaleShark	SET_EXP	Constitution	12024
1774805841342	242	PLAYER NuNinja	KILLED	NPC chicken_brown:10358	TILE 3229,3297,0
1774805841342	242	NPC chicken_brown:10358	DROPPED	ITEM bones:1	ITEM raw_chicken:1
1774805841353	242	PLAYER Appa	EXP	Ranged	5.6
1774805841353	242	PLAYER Appa	SET_EXP	Ranged	4420
1774805841956	243	PLAYER RagdollRay	EXP	Fishing	10.0
1774805841956	243	PLAYER RagdollRay	SET_EXP	Fishing	500
1774805841957	243	PLAYER RagdollRay	TASK_COMPLETED	arent_they_supposed_to_be_twins_task
1774805843156	245	PLAYER Kingly	EXP	Attack	2.0
1774805843156	245	PLAYER Kingly	SET_EXP	Attack	2640
1774805843157	245	PLAYER Kingly	EXP	Constitution	0.6666666666666666
1774805843157	245	PLAYER Kingly	SET_EXP	Constitution	12413
1774805843157	245	PLAYER WhaleShark	EXP	Attack	1.6
1774805843157	245	PLAYER WhaleShark	SET_EXP	Attack	1540
1774805843157	245	PLAYER WhaleShark	EXP	Constitution	0.5333333333333333
1774805843157	245	PLAYER WhaleShark	SET_EXP	Constitution	12050
1774805843755	246	PLAYER Starmie	EXP	Defence	0.4
1774805843755	246	PLAYER Starmie	SET_EXP	Defence	1800
1774805843756	246	PLAYER Starmie	EXP	Constitution	0.13333333333333333
1774805843756	246	PLAYER Starmie	SET_EXP	Constitution	12133
1774805843756	246	PLAYER JumpySeat	EXP	Mining	17.5
1774805843756	246	PLAYER JumpySeat	TOTAL_LEVEL_UP	1
1774805843756	246	PLAYER JumpySeat	LEVEL_UP	Mining	2
1774805843756	246	PLAYER JumpySeat	SET_EXP	Mining	875
1774805843757	246	PLAYER JumpySeat	TASK_COMPLETED	heavy_metal_task
1774805843757	246	PLAYER Appa	EXP	Ranged	1.2
1774805843757	246	PLAYER Appa	SET_EXP	Ranged	4480
1774805844358	247	PLAYER Pirate Ship	EXP	Fishing	10.0
1774805844358	247	PLAYER Pirate Ship	TOTAL_LEVEL_UP	2
1774805844358	247	PLAYER Pirate Ship	LEVEL_UP	Fishing	3
1774805844358	247	PLAYER Pirate Ship	SET_EXP	Fishing	2000
1774805844957	248	PLAYER Drowzee	EXP	Woodcutting	25.0
1774805844957	248	PLAYER Drowzee	TOTAL_LEVEL_UP	3
1774805844957	248	PLAYER Drowzee	LEVEL_UP	Woodcutting	4
1774805844958	248	PLAYER Drowzee	SET_EXP	Woodcutting	3750
1774805845563	249	PLAYER NuNinja	EXP	Strength	4.0
1774805845563	249	PLAYER NuNinja	SET_EXP	Strength	2600
1774805845563	249	PLAYER NuNinja	EXP	Constitution	1.3333333333333333
1774805845563	249	PLAYER NuNinja	SET_EXP	Constitution	12401
1774805845564	249	PLAYER WhaleShark	EXP	Attack	4.4
1774805845564	249	PLAYER WhaleShark	TOTAL_LEVEL_UP	2
1774805845564	249	PLAYER WhaleShark	LEVEL_UP	Attack	3
1774805845565	249	PLAYER WhaleShark	SET_EXP	Attack	1760
1774805845565	249	PLAYER WhaleShark	EXP	Constitution	1.4666666666666666
1774805845565	249	PLAYER WhaleShark	SET_EXP	Constitution	12123
1774805845566	249	PLAYER BisqueBob	EXP	Mining	17.5
1774805845566	249	PLAYER BisqueBob	TOTAL_LEVEL_UP	2
1774805845566	249	PLAYER BisqueBob	LEVEL_UP	Mining	3
1774805845566	249	PLAYER BisqueBob	SET_EXP	Mining	1750
1774805846159	250	PLAYER Appa	EXP	Ranged	2.0
1774805846159	250	PLAYER Appa	SET_EXP	Ranged	4580
1774805846761	251	PLAYER Starmie	TOOK	FLOOR_ITEM feather:5	TILE 3232,3295,0
1774805847349	252	PLAYER Starmie	KILLED	NPC chicken:10309	TILE 3231,3301,0
1774805847349	252	NPC chicken:10309	DROPPED	ITEM bones:1	ITEM raw_chicken:1
1774805847359	252	PLAYER Starmie	TOOK	FLOOR_ITEM bones:1	TILE 3232,3295,0
1774805847359	252	PLAYER DellDave	EXP	Fishing	10.0
1774805847359	252	PLAYER DellDave	TOTAL_LEVEL_UP	1
1774805847359	252	PLAYER DellDave	LEVEL_UP	Fishing	2
1774805847359	252	PLAYER DellDave	SET_EXP	Fishing	1000
1774805847962	253	PLAYER NuNinja	EXP	Strength	7.6
1774805847962	253	PLAYER NuNinja	TOTAL_LEVEL_UP	3
1774805847962	253	PLAYER NuNinja	LEVEL_UP	Strength	4
1774805847962	253	PLAYER NuNinja	SET_EXP	Strength	2980
1774805847962	253	PLAYER NuNinja	EXP	Constitution	2.533333333333333
1774805847962	253	PLAYER NuNinja	SET_EXP	Constitution	12527
1774805847963	253	PLAYER Starmie	TOOK	FLOOR_ITEM raw_chicken:1	TILE 3232,3295,0
1774805847963	253	PLAYER Kingly	EXP	Attack	5.2
1774805847963	253	PLAYER Kingly	TOTAL_LEVEL_UP	3
1774805847963	253	PLAYER Kingly	LEVEL_UP	Attack	4
1774805847964	253	PLAYER Kingly	SET_EXP	Attack	2900
1774805847964	253	PLAYER Kingly	EXP	Constitution	1.7333333333333334
1774805847964	253	PLAYER Kingly	SET_EXP	Constitution	12499
1774805847965	253	PLAYER WhaleShark	EXP	Attack	0.8
1774805847965	253	PLAYER WhaleShark	SET_EXP	Attack	1800
1774805847965	253	PLAYER WhaleShark	EXP	Constitution	0.26666666666666666
1774805847965	253	PLAYER WhaleShark	SET_EXP	Constitution	12136
1774805847965	253	PLAYER RagdollRay	EXP	Fishing	10.0
1774805847965	253	PLAYER RagdollRay	TOTAL_LEVEL_UP	1
1774805847965	253	PLAYER RagdollRay	LEVEL_UP	Fishing	2
1774805847966	253	PLAYER RagdollRay	SET_EXP	Fishing	1000
1774805848562	254	PLAYER GoodFight	EXP	Mining	17.5
1774805848562	254	PLAYER GoodFight	TOTAL_LEVEL_UP	1
1774805848562	254	PLAYER GoodFight	LEVEL_UP	Mining	2
1774805848562	254	PLAYER GoodFight	SET_EXP	Mining	875
1774805848563	254	PLAYER Appa	EXP	Ranged	8.8
1774805848563	254	PLAYER Appa	SET_EXP	Ranged	5020
1774805849763	256	PLAYER Starmie	EXP	Defence	4.0
1774805849763	256	PLAYER Starmie	SET_EXP	Defence	2000
1774805849763	256	PLAYER Starmie	EXP	Constitution	1.3333333333333333
1774805849763	256	PLAYER Starmie	SET_EXP	Constitution	12199
1774805849764	256	PLAYER WhaleShark	TOOK	FLOOR_ITEM feather:5	TILE 3227,3300,0
1774805850366	257	PLAYER NuNinja	EXP	Strength	0.4
1774805850366	257	PLAYER NuNinja	SET_EXP	Strength	3000
1774805850367	257	PLAYER NuNinja	EXP	Constitution	0.13333333333333333
1774805850367	257	PLAYER NuNinja	SET_EXP	Constitution	12533
1774805850368	257	PLAYER Kingly	EXP	Attack	0.4
1774805850368	257	PLAYER Kingly	SET_EXP	Attack	2920
1774805850368	257	PLAYER Kingly	EXP	Constitution	0.13333333333333333
1774805850368	257	PLAYER Kingly	SET_EXP	Constitution	12505
1774805850369	257	PLAYER WhaleShark	TOOK	FLOOR_ITEM bones:1	TILE 3227,3300,0
1774805850964	258	PLAYER WhaleShark	TOOK	FLOOR_ITEM raw_chicken:1	TILE 3227,3300,0
1774805850964	258	PLAYER Appa	EXP	Ranged	8.0
1774805850964	258	PLAYER Appa	TOTAL_LEVEL_UP	5
1774805850964	258	PLAYER Appa	LEVEL_UP	Ranged	6
1774805850964	258	PLAYER Appa	SET_EXP	Ranged	5420
1774805851557	259	PLAYER WhaleShark	KILLED	NPC chicken:10308	TILE 3227,3299,0
1774805851557	259	NPC chicken:10308	DROPPED	ITEM bones:1	ITEM raw_chicken:1
1774805852146	260	BOT Appa	COMPLETED	ranged_tutor
1774805852165	260	PLAYER Nidorina	EXP	Woodcutting	25.0
1774805852165	260	PLAYER Nidorina	TOTAL_LEVEL_UP	9
1774805852165	260	PLAYER Nidorina	LEVEL_UP	Woodcutting	10
1774805852166	260	PLAYER Nidorina	SET_EXP	Woodcutting	12500
1774805852746	261	BOT Appa	ASSIGNED	kill_freds_chickens_defence
1774805852769	261	PLAYER NuNinja	EXP	Strength	4.8
1774805852769	261	PLAYER NuNinja	SET_EXP	Strength	3240
1774805852770	261	PLAYER NuNinja	EXP	Constitution	1.6
1774805852770	261	PLAYER NuNinja	SET_EXP	Constitution	12613
1774805852770	261	PLAYER PrincePete	EXP	Mining	17.5
1774805852770	261	PLAYER PrincePete	SET_EXP	Mining	2625
1774805852771	261	PLAYER Kingly	EXP	Attack	1.2
1774805852771	261	PLAYER Kingly	SET_EXP	Attack	2980
1774805852771	261	PLAYER Kingly	EXP	Constitution	0.4
1774805852771	261	PLAYER Kingly	SET_EXP	Constitution	12525
1774805853347	262	BOT Appa	START_RESOLVER	equip_items	kill_freds_chickens_defence
1774805853368	262	PLAYER DellDave	EXP	Fishing	10.0
1774805853368	262	PLAYER DellDave	SET_EXP	Fishing	1500
1774805853948	263	BOT Appa	START_ACTIVITY	equip_items
1774805853961	263	PLAYER NuNinja	KILLED	NPC chicken:10310	TILE 3236,3295,0
1774805853961	263	NPC chicken:10310	DROPPED	ITEM feather:15	ITEM bones:1	ITEM raw_chicken:1
1774805853972	263	PLAYER RagdollRay	EXP	Fishing	10.0
1774805853972	263	PLAYER RagdollRay	SET_EXP	Fishing	1500
1774805854548	264	PLAYER Appa	TASK_COMPLETED	armed_and_dangerous_task
1774805855173	265	PLAYER NuNinja	EXP	Strength	7.2
1774805855173	265	PLAYER NuNinja	SET_EXP	Strength	3600
1774805855173	265	PLAYER NuNinja	EXP	Constitution	2.4
1774805855173	265	PLAYER NuNinja	SET_EXP	Constitution	12733
1774805855174	265	PLAYER JumpySeat	EXP	Mining	17.5
1774805855174	265	PLAYER JumpySeat	TOTAL_LEVEL_UP	2
1774805855174	265	PLAYER JumpySeat	LEVEL_UP	Mining	3
1774805855174	265	PLAYER JumpySeat	SET_EXP	Mining	1750
1774805855175	265	PLAYER Kingly	EXP	Attack	0.4
1774805855175	265	PLAYER Kingly	SET_EXP	Attack	3000
1774805855175	265	PLAYER Kingly	EXP	Constitution	0.13333333333333333
1774805855175	265	PLAYER Kingly	SET_EXP	Constitution	12531
1774805856351	267	BOT Appa	COMPLETED	equip_items
1774805856374	267	PLAYER Miriam	EXP	Woodcutting	25.0
1774805856374	267	PLAYER Miriam	TOTAL_LEVEL_UP	8
1774805856374	267	PLAYER Miriam	LEVEL_UP	Woodcutting	9
1774805856374	267	PLAYER Miriam	SET_EXP	Woodcutting	10000
1774805856375	267	PLAYER DellDave	EXP	Fishing	10.0
1774805856375	267	PLAYER DellDave	TOTAL_LEVEL_UP	2
1774805856375	267	PLAYER DellDave	LEVEL_UP	Fishing	3
1774805856375	267	PLAYER DellDave	SET_EXP	Fishing	2000
1774805856951	268	BOT Appa	START_RESOLVER	deposit_all_bank	kill_freds_chickens_defence
1774805856973	268	PLAYER Starmie	EXP	Defence	3.2
1774805856973	268	PLAYER Starmie	SET_EXP	Defence	2160
1774805856973	268	PLAYER Starmie	EXP	Constitution	1.0666666666666667
1774805856973	268	PLAYER Starmie	SET_EXP	Constitution	12252
1774805856974	268	PLAYER WhaleShark	EXP	Attack	5.2
1774805856974	268	PLAYER WhaleShark	SET_EXP	Attack	2060
1774805856974	268	PLAYER WhaleShark	EXP	Constitution	1.7333333333333334
1774805856975	268	PLAYER WhaleShark	SET_EXP	Constitution	12222
1774805857552	269	BOT Appa	START_ACTIVITY	deposit_all_bank
1774805858175	270	PLAYER NuNinja	TOOK	FLOOR_ITEM feather:15	TILE 3236,3295,0
1774805858175	270	PLAYER Kingly	TOOK	FLOOR_ITEM feather:5	TILE 3228,3296,0
1774805858754	271	BOT Appa	START_ACTIVITY	go_to_bank
1774805858767	271	PLAYER Kingly	KILLED	NPC chicken:10311	TILE 3235,3295,0
1774805858767	271	NPC chicken:10311	DROPPED	ITEM feather:5	ITEM bones:1	ITEM raw_chicken:1
1774805858767	271	PLAYER NuNinja	KILLED	NPC chicken_brown:10357	TILE 3234,3290,0
1774805858767	271	NPC chicken_brown:10357	DROPPED	ITEM bones:1	ITEM raw_chicken:1
1774805858777	271	PLAYER NuNinja	TOOK	FLOOR_ITEM bones:1	TILE 3236,3295,0
1774805858778	271	PLAYER Nidorina	EXP	Woodcutting	25.0
1774805858778	271	PLAYER Nidorina	TOTAL_LEVEL_UP	10
1774805858778	271	PLAYER Nidorina	TASK_COMPLETED	on_the_level_task
1774805858778	271	PLAYER Nidorina	LEVEL_UP	Woodcutting	11
1774805858778	271	PLAYER Nidorina	SET_EXP	Woodcutting	13750
1774805858779	271	PLAYER Kingly	TOOK	FLOOR_ITEM bones:1	TILE 3228,3296,0
1774805859376	272	PLAYER NuNinja	TOOK	FLOOR_ITEM raw_chicken:1	TILE 3236,3295,0
1774805859376	272	PLAYER Miriam	EXP	Woodcutting	25.0
1774805859376	272	PLAYER Miriam	SET_EXP	Woodcutting	11250
1774805859377	272	PLAYER Pirate Ship	EXP	Fishing	10.0
1774805859377	272	PLAYER Pirate Ship	SET_EXP	Fishing	2500
1774805859377	272	PLAYER Kingly	TOOK	FLOOR_ITEM raw_chicken:1	TILE 3228,3296,0
1774805859378	272	PLAYER WhaleShark	EXP	Attack	2.0
1774805859378	272	PLAYER WhaleShark	SET_EXP	Attack	2160
1774805859378	272	PLAYER WhaleShark	EXP	Constitution	0.6666666666666666
1774805859378	272	PLAYER WhaleShark	SET_EXP	Constitution	12255
1774805859979	273	PLAYER MainMike	EXP	Mining	17.5
1774805859979	273	PLAYER MainMike	TOTAL_LEVEL_UP	1
1774805859979	273	PLAYER MainMike	LEVEL_UP	Mining	2
1774805859979	273	PLAYER MainMike	SET_EXP	Mining	875
1774805860577	274	PLAYER Kingly	EXP	Attack	5.6
1774805860577	274	PLAYER Kingly	SET_EXP	Attack	3280
1774805860577	274	PLAYER Kingly	EXP	Constitution	1.8666666666666667
1774805860577	274	PLAYER Kingly	SET_EXP	Constitution	12624
1774805861180	275	PLAYER TabletTim	EXP	Mining	17.5
1774805861180	275	PLAYER TabletTim	TOTAL_LEVEL_UP	1
1774805861180	275	PLAYER TabletTim	LEVEL_UP	Mining	2
1774805861180	275	PLAYER TabletTim	SET_EXP	Mining	875
1774805861181	275	PLAYER TabletTim	TASK_COMPLETED	heavy_metal_task
1774805861181	275	PLAYER JumpySeat	EXP	Mining	17.5
1774805861181	275	PLAYER JumpySeat	SET_EXP	Mining	2625
1774805861182	275	PLAYER Fire	EXP	Mining	17.5
1774805861182	275	PLAYER Fire	SET_EXP	Mining	2625
1774805861779	276	PLAYER Starmie	EXP	Defence	2.4
1774805861779	276	PLAYER Starmie	SET_EXP	Defence	2280
1774805861780	276	PLAYER Starmie	EXP	Constitution	0.8
1774805861780	276	PLAYER Starmie	SET_EXP	Constitution	12292
1774805861780	276	PLAYER WhaleShark	EXP	Attack	1.2
1774805861780	276	PLAYER WhaleShark	SET_EXP	Attack	2220
1774805861781	276	PLAYER WhaleShark	EXP	Constitution	0.4
1774805861781	276	PLAYER WhaleShark	SET_EXP	Constitution	12275
1774805862381	277	PLAYER NuNinja	TOOK	FLOOR_ITEM bones:1	TILE 3234,3290,0
1774805862382	277	PLAYER Tinne	EXP	Woodcutting	25.0
1774805862382	277	PLAYER Tinne	TOTAL_LEVEL_UP	6
1774805862382	277	PLAYER Tinne	LEVEL_UP	Woodcutting	7
1774805862382	277	PLAYER Tinne	SET_EXP	Woodcutting	7500
1774805862979	278	PLAYER NuNinja	TOOK	FLOOR_ITEM raw_chicken:1	TILE 3234,3290,0
1774805862979	278	PLAYER Kingly	EXP	Attack	3.6
1774805862979	278	PLAYER Kingly	SET_EXP	Attack	3460
1774805862980	278	PLAYER Kingly	EXP	Constitution	1.2
1774805862980	278	PLAYER Kingly	SET_EXP	Constitution	12684
1774805862980	278	PLAYER RagdollRay	EXP	Fishing	10.0
1774805862980	278	PLAYER RagdollRay	TOTAL_LEVEL_UP	2
1774805862980	278	PLAYER RagdollRay	LEVEL_UP	Fishing	3
1774805862981	278	PLAYER RagdollRay	SET_EXP	Fishing	2000
1774805864181	280	PLAYER Starmie	EXP	Defence	1.2
1774805864181	280	PLAYER Starmie	SET_EXP	Defence	2340
1774805864181	280	PLAYER Starmie	EXP	Constitution	0.4
1774805864182	280	PLAYER Starmie	SET_EXP	Constitution	12312
1774805864182	280	PLAYER WhaleShark	EXP	Attack	1.6
1774805864182	280	PLAYER WhaleShark	SET_EXP	Attack	2300
1774805864183	280	PLAYER WhaleShark	EXP	Constitution	0.5333333333333333
1774805864183	280	PLAYER WhaleShark	SET_EXP	Constitution	12301
1774805865382	282	PLAYER Kingly	EXP	Attack	0.8
1774805865382	282	PLAYER Kingly	SET_EXP	Attack	3500
1774805865383	282	PLAYER Kingly	EXP	Constitution	0.26666666666666666
1774805865383	282	PLAYER Kingly	SET_EXP	Constitution	12697
1774805865383	282	PLAYER DellDave	EXP	Fishing	10.0
1774805865383	282	PLAYER DellDave	SET_EXP	Fishing	2500
1774805865985	283	PLAYER NuNinja	TOOK	FLOOR_ITEM bones:1	TILE 3229,3297,0
1774805866584	284	PLAYER NuNinja	TOOK	FLOOR_ITEM raw_chicken:1	TILE 3229,3297,0
1774805866584	284	PLAYER Starmie	EXP	Defence	0.4
1774805866584	284	PLAYER Starmie	SET_EXP	Defence	2360
1774805866585	284	PLAYER Starmie	EXP	Constitution	0.13333333333333333
1774805866585	284	PLAYER Starmie	SET_EXP	Constitution	12318
1774805866585	284	PLAYER WhaleShark	EXP	Attack	2.0
1774805866585	284	PLAYER WhaleShark	SET_EXP	Attack	2400
1774805866586	284	PLAYER WhaleShark	EXP	Constitution	0.6666666666666666
1774805866586	284	PLAYER WhaleShark	SET_EXP	Constitution	12334
1774805867186	285	PLAYER NuNinja	EXP	Strength	7.6
1774805867186	285	PLAYER NuNinja	TOTAL_LEVEL_UP	4
1774805867186	285	PLAYER NuNinja	LEVEL_UP	Strength	5
1774805867186	285	PLAYER NuNinja	SET_EXP	Strength	3980
1774805867187	285	PLAYER NuNinja	EXP	Constitution	2.533333333333333
1774805867187	285	PLAYER NuNinja	SET_EXP	Constitution	12859
1774805867187	285	PLAYER TabletTim	EXP	Mining	17.5
1774805867187	285	PLAYER TabletTim	TOTAL_LEVEL_UP	2
1774805867187	285	PLAYER TabletTim	LEVEL_UP	Mining	3
1774805867187	285	PLAYER TabletTim	SET_EXP	Mining	1750
1774805867786	286	PLAYER Nidorina	EXP	Woodcutting	25.0
1774805867786	286	PLAYER Nidorina	SET_EXP	Woodcutting	15000
1774805867787	286	PLAYER Kingly	EXP	Attack	0.8
1774805867787	286	PLAYER Kingly	SET_EXP	Attack	3540
1774805867787	286	PLAYER Kingly	EXP	Constitution	0.26666666666666666
1774805867787	286	PLAYER Kingly	SET_EXP	Constitution	12710
1774805867788	286	PLAYER Tinne	EXP	Woodcutting	25.0
1774805867788	286	PLAYER Tinne	TOTAL_LEVEL_UP	7
1774805867788	286	PLAYER Tinne	LEVEL_UP	Woodcutting	8
1774805867788	286	PLAYER Tinne	SET_EXP	Woodcutting	8750
1774805868987	288	PLAYER Starmie	EXP	Defence	0.8
1774805868987	288	PLAYER Starmie	SET_EXP	Defence	2400
1774805868987	288	PLAYER Starmie	EXP	Constitution	0.26666666666666666
1774805868987	288	PLAYER Starmie	SET_EXP	Constitution	12331
1774805868988	288	PLAYER WhaleShark	TOOK	FLOOR_ITEM bones:1	TILE 3227,3299,0
1774805868988	288	PLAYER RagdollRay	EXP	Fishing	10.0
1774805868988	288	PLAYER RagdollRay	SET_EXP	Fishing	2500
1774805869590	289	PLAYER Miriam	EXP	Woodcutting	25.0
1774805869590	289	PLAYER Miriam	TOTAL_LEVEL_UP	9
1774805869590	289	PLAYER Miriam	LEVEL_UP	Woodcutting	10
1774805869591	289	PLAYER Miriam	SET_EXP	Woodcutting	12500
1774805869592	289	PLAYER WhaleShark	TOOK	FLOOR_ITEM raw_chicken:1	TILE 3227,3299,0
1774805870179	290	PLAYER WhaleShark	KILLED	NPC chicken_brown:10356	TILE 3227,3296,0
1774805870179	290	NPC chicken_brown:10356	DROPPED	ITEM feather:5	ITEM bones:1	ITEM raw_chicken:1
1774805870189	290	PLAYER Kingly	EXP	Attack	1.2
1774805870189	290	PLAYER Kingly	SET_EXP	Attack	3600
1774805870190	290	PLAYER Kingly	EXP	Constitution	0.4
1774805870190	290	PLAYER Kingly	SET_EXP	Constitution	12730
1774805871394	292	PLAYER Starmie	EXP	Defence	1.6
1774805871394	292	PLAYER Starmie	SET_EXP	Defence	2480
1774805871395	292	PLAYER Starmie	EXP	Constitution	0.5333333333333333
1774805871395	292	PLAYER Starmie	SET_EXP	Constitution	12357
1774805871993	293	PLAYER NuNinja	EXP	Strength	4.4
1774805871993	293	PLAYER NuNinja	SET_EXP	Strength	4200
1774805871994	293	PLAYER NuNinja	EXP	Constitution	1.4666666666666666
1774805871994	293	PLAYER NuNinja	SET_EXP	Constitution	12932
1774805871995	293	PLAYER RagdollRay	EXP	Fishing	10.0
1774805871995	293	PLAYER RagdollRay	TOTAL_LEVEL_UP	3
1774805871995	293	PLAYER RagdollRay	LEVEL_UP	Fishing	4
1774805871995	293	PLAYER RagdollRay	SET_EXP	Fishing	3000
1774805872582	294	PLAYER Starmie	KILLED	NPC chicken_brown:10360	TILE 3232,3299,0
1774805872583	294	NPC chicken_brown:10360	DROPPED	ITEM bones:1	ITEM raw_chicken:1
1774805872592	294	PLAYER Kingly	EXP	Attack	4.4
1774805872592	294	PLAYER Kingly	SET_EXP	Attack	3820
1774805872593	294	PLAYER Kingly	EXP	Constitution	1.4666666666666666
1774805872593	294	PLAYER Kingly	SET_EXP	Constitution	12803
1774805873784	296	PLAYER Kingly	KILLED	NPC chicken_brown:10359	TILE 3226,3295,0
1774805873784	296	NPC chicken_brown:10359	DROPPED	ITEM feather:15	ITEM bones:1	ITEM raw_chicken:1
1774805873794	296	PLAYER Miriam	EXP	Woodcutting	25.0
1774805873794	296	PLAYER Miriam	TOTAL_LEVEL_UP	10
1774805873794	296	PLAYER Miriam	TASK_COMPLETED	on_the_level_task
1774805873795	296	PLAYER Miriam	LEVEL_UP	Woodcutting	11
1774805873795	296	PLAYER Miriam	SET_EXP	Woodcutting	13750
1774805873796	296	PLAYER Starmie	EXP	Defence	2.0
1774805873796	296	PLAYER Starmie	SET_EXP	Defence	2580
1774805873796	296	PLAYER Starmie	EXP	Constitution	0.6666666666666666
1774805873796	296	PLAYER Starmie	SET_EXP	Constitution	12390
1774805874400	297	PLAYER Pirate Ship	EXP	Fishing	10.0
1774805874400	297	PLAYER Pirate Ship	TOTAL_LEVEL_UP	3
1774805874400	297	PLAYER Pirate Ship	LEVEL_UP	Fishing	4
1774805874400	297	PLAYER Pirate Ship	SET_EXP	Fishing	3000
1774805874401	297	PLAYER DellDave	EXP	Fishing	10.0
1774805874401	297	PLAYER DellDave	TOTAL_LEVEL_UP	3
1774805874401	297	PLAYER DellDave	LEVEL_UP	Fishing	4
1774805874401	297	PLAYER DellDave	SET_EXP	Fishing	3000
1774805874402	297	PLAYER Tinne	EXP	Woodcutting	25.0
1774805874402	297	PLAYER Tinne	TOTAL_LEVEL_UP	8
1774805874402	297	PLAYER Tinne	LEVEL_UP	Woodcutting	9
1774805874402	297	PLAYER Tinne	SET_EXP	Woodcutting	10000
1774805874996	298	PLAYER Kingly	EXP	Attack	4.0
1774805874996	298	PLAYER Kingly	TOTAL_LEVEL_UP	4
1774805874996	298	PLAYER Kingly	LEVEL_UP	Attack	5
1774805874996	298	PLAYER Kingly	SET_EXP	Attack	4020
1774805874997	298	PLAYER Kingly	EXP	Constitution	1.3333333333333333
1774805874997	298	PLAYER Kingly	SET_EXP	Constitution	12869
1774805875589	299	PLAYER NuNinja	KILLED	NPC chicken_brown:10358	TILE 3228,3299,0
1774805875589	299	NPC chicken_brown:10358	DROPPED	ITEM feather:5	ITEM bones:1	ITEM raw_chicken:1
1774805876803	301	PLAYER JumpySeat	EXP	Mining	17.5
1774805876803	301	PLAYER JumpySeat	TOTAL_LEVEL_UP	3
1774805876803	301	PLAYER JumpySeat	LEVEL_UP	Mining	4
1774805876803	301	PLAYER JumpySeat	SET_EXP	Mining	3500
1774805877402	302	PLAYER NuNinja	TOOK	FLOOR_ITEM feather:5	TILE 3228,3299,0
1774805877402	302	PLAYER Pirate Ship	EXP	Fishing	10.0
1774805877402	302	PLAYER Pirate Ship	SET_EXP	Fishing	3500
1774805877403	302	PLAYER WhaleShark	EXP	Attack	1.2
1774805877403	302	PLAYER WhaleShark	SET_EXP	Attack	2460
1774805877403	302	PLAYER WhaleShark	EXP	Constitution	0.4
1774805877403	302	PLAYER WhaleShark	SET_EXP	Constitution	12354
1774805877404	302	PLAYER Drowzee	EXP	Woodcutting	25.0
1774805877404	302	PLAYER Drowzee	TOTAL_LEVEL_UP	4
1774805877404	302	PLAYER Drowzee	LEVEL_UP	Woodcutting	5
1774805877404	302	PLAYER Drowzee	SET_EXP	Woodcutting	5000
1774805878003	303	PLAYER NuNinja	TOOK	FLOOR_ITEM bones:1	TILE 3228,3299,0
1774805878003	303	PLAYER PrincePete	EXP	Mining	17.5
1774805878004	303	PLAYER PrincePete	TOTAL_LEVEL_UP	3
1774805878004	303	PLAYER PrincePete	LEVEL_UP	Mining	4
1774805878004	303	PLAYER PrincePete	SET_EXP	Mining	3500
1774805878601	304	PLAYER NuNinja	TOOK	FLOOR_ITEM raw_chicken:1	TILE 3228,3299,0
1774805878602	304	PLAYER Starmie	EXP	Defence	4.4
1774805878602	304	PLAYER Starmie	TOTAL_LEVEL_UP	3
1774805878602	304	PLAYER Starmie	LEVEL_UP	Defence	4
1774805878602	304	PLAYER Starmie	SET_EXP	Defence	2800
1774805878602	304	PLAYER Starmie	EXP	Constitution	1.4666666666666666
1774805878602	304	PLAYER Starmie	SET_EXP	Constitution	12463
1774805878603	304	PLAYER BullsEye99	EXP	Mining	17.5
1774805878603	304	PLAYER BullsEye99	TOTAL_LEVEL_UP	2
1774805878603	304	PLAYER BullsEye99	LEVEL_UP	Mining	3
1774805878603	304	PLAYER BullsEye99	SET_EXP	Mining	1750
1774805879803	306	PLAYER Kingly	EXP	Attack	3.6
1774805879803	306	PLAYER Kingly	SET_EXP	Attack	4200
1774805879804	306	PLAYER Kingly	EXP	Constitution	1.2
1774805879804	306	PLAYER Kingly	SET_EXP	Constitution	12929
1774805879805	306	PLAYER WhaleShark	EXP	Attack	5.6
1774805879805	306	PLAYER WhaleShark	SET_EXP	Attack	2740
1774805879805	306	PLAYER WhaleShark	EXP	Constitution	1.8666666666666667
1774805879805	306	PLAYER WhaleShark	SET_EXP	Constitution	12447
1774805880407	307	PLAYER NuNinja	EXP	Strength	3.2
1774805880407	307	PLAYER NuNinja	SET_EXP	Strength	4360
1774805880407	307	PLAYER NuNinja	EXP	Constitution	1.0666666666666667
1774805880407	307	PLAYER NuNinja	SET_EXP	Constitution	12985
1774805881005	308	PLAYER Starmie	EXP	Defence	0.8
1774805881006	308	PLAYER Starmie	SET_EXP	Defence	2840
1774805881006	308	PLAYER Starmie	EXP	Constitution	0.26666666666666666
1774805881006	308	PLAYER Starmie	SET_EXP	Constitution	12476
1774805882208	310	PLAYER WhaleShark	EXP	Attack	4.8
1774805882208	310	PLAYER WhaleShark	TOTAL_LEVEL_UP	3
1774805882208	310	PLAYER WhaleShark	LEVEL_UP	Attack	4
1774805882208	310	PLAYER WhaleShark	SET_EXP	Attack	2980
1774805882209	310	PLAYER WhaleShark	EXP	Constitution	1.6
1774805882209	310	PLAYER WhaleShark	SET_EXP	Constitution	12527
1774805882209	310	PLAYER Tinne	EXP	Woodcutting	25.0
1774805882209	310	PLAYER Tinne	SET_EXP	Woodcutting	11250
1774805882812	311	PLAYER NuNinja	EXP	Strength	8.4
1774805882812	311	PLAYER NuNinja	SET_EXP	Strength	4780
1774805882812	311	PLAYER NuNinja	EXP	Constitution	2.8
1774805882812	311	PLAYER NuNinja	SET_EXP	Constitution	13125
1774805882813	311	PLAYER Kingly	TOOK	FLOOR_ITEM feather:15	TILE 3226,3295,0
1774805883399	312	PLAYER Kingly	KILLED	NPC chicken:10308	TILE 3229,3300,0
1774805883399	312	NPC chicken:10308	DROPPED	ITEM feather:5	ITEM bones:1	ITEM raw_chicken:1
1774805883409	312	PLAYER Starmie	EXP	Defence	0.8
1774805883409	312	PLAYER Starmie	SET_EXP	Defence	2880
1774805883409	312	PLAYER Starmie	EXP	Constitution	0.26666666666666666
1774805883409	312	PLAYER Starmie	SET_EXP	Constitution	12489
1774805883410	312	PLAYER Kingly	TOOK	FLOOR_ITEM bones:1	TILE 3226,3295,0
1774805883410	312	PLAYER Erehk	EXP	Mining	17.5
1774805883410	312	PLAYER Erehk	TOTAL_LEVEL_UP	1
1774805883410	312	PLAYER Erehk	LEVEL_UP	Mining	2
1774805883410	312	PLAYER Erehk	SET_EXP	Mining	875
1774805884016	313	PLAYER Kingly	TOOK	FLOOR_ITEM raw_chicken:1	TILE 3226,3295,0
1774805884016	313	PLAYER RagdollRay	EXP	Fishing	10.0
1774805884016	313	PLAYER RagdollRay	SET_EXP	Fishing	3500
1774805884611	314	PLAYER Miriam	EXP	Woodcutting	25.0
1774805884611	314	PLAYER Miriam	SET_EXP	Woodcutting	15000
1774805884612	314	PLAYER WhaleShark	EXP	Attack	0.4
1774805884612	314	PLAYER WhaleShark	SET_EXP	Attack	3000
1774805884613	314	PLAYER WhaleShark	EXP	Constitution	0.13333333333333333
1774805884613	314	PLAYER WhaleShark	SET_EXP	Constitution	12533
1774805885216	315	PLAYER NuNinja	EXP	Strength	0.4
1774805885216	315	PLAYER NuNinja	SET_EXP	Strength	4800
1774805885216	315	PLAYER NuNinja	EXP	Constitution	0.13333333333333333
1774805885216	315	PLAYER NuNinja	SET_EXP	Constitution	13131
1774805885217	315	PLAYER BisqueBob	EXP	Mining	17.5
1774805885217	315	PLAYER BisqueBob	SET_EXP	Mining	2625
1774805885813	316	PLAYER Starmie	EXP	Defence	2.0
1774805885813	316	PLAYER Starmie	SET_EXP	Defence	2980
1774805885814	316	PLAYER Starmie	EXP	Constitution	0.6666666666666666
1774805885814	316	PLAYER Starmie	SET_EXP	Constitution	12522
1774805886418	317	PLAYER Kingly	TOOK	FLOOR_ITEM feather:5	TILE 3229,3300,0
1774805887016	318	PLAYER Kingly	TOOK	FLOOR_ITEM bones:1	TILE 3229,3300,0
1774805887017	318	PLAYER WhaleShark	EXP	Attack	4.4
1774805887017	318	PLAYER WhaleShark	SET_EXP	Attack	3220
1774805887017	318	PLAYER WhaleShark	EXP	Constitution	1.4666666666666666
1774805887017	318	PLAYER WhaleShark	SET_EXP	Constitution	12606
1774805887018	318	PLAYER Tinne	EXP	Woodcutting	25.0
1774805887018	318	PLAYER Tinne	TOTAL_LEVEL_UP	9
1774805887018	318	PLAYER Tinne	LEVEL_UP	Woodcutting	10
1774805887018	318	PLAYER Tinne	SET_EXP	Woodcutting	12500
1774805887618	319	PLAYER TabletTim	EXP	Mining	17.5
1774805887618	319	PLAYER TabletTim	SET_EXP	Mining	2625
1774805887619	319	PLAYER Kingly	TOOK	FLOOR_ITEM raw_chicken:1	TILE 3229,3300,0
1774805888210	320	PLAYER WhaleShark	KILLED	NPC chicken:10310	TILE 3228,3300,0
1774805888210	320	NPC chicken:10310	DROPPED	ITEM feather:5	ITEM bones:1	ITEM raw_chicken:1
1774805888222	320	PLAYER Starmie	EXP	Defence	0.4
1774805888222	320	PLAYER Starmie	SET_EXP	Defence	3000
1774805888222	320	PLAYER Starmie	EXP	Constitution	0.13333333333333333
1774805888222	320	PLAYER Starmie	SET_EXP	Constitution	12528
1774805888223	320	PLAYER Kingly	EXP	Attack	3.2
1774805888223	320	PLAYER Kingly	SET_EXP	Attack	4360
1774805888223	320	PLAYER Kingly	EXP	Constitution	1.0666666666666667
1774805888223	320	PLAYER Kingly	SET_EXP	Constitution	12982
1774805888810	321	PLAYER NuNinja	KILLED	NPC chicken_brown:10357	TILE 3225,3300,0
1774805888810	321	NPC chicken_brown:10357	DROPPED	ITEM bones:1	ITEM raw_chicken:1
1774805889421	322	PLAYER WhaleShark	EXP	Attack	1.6
1774805889421	322	PLAYER WhaleShark	SET_EXP	Attack	3300
1774805889421	322	PLAYER WhaleShark	EXP	Constitution	0.5333333333333333
1774805889421	322	PLAYER WhaleShark	SET_EXP	Constitution	12632
1774805890022	323	PLAYER NuNinja	EXP	Strength	6.4
1774805890022	323	PLAYER NuNinja	TOTAL_LEVEL_UP	5
1774805890022	323	PLAYER NuNinja	LEVEL_UP	Strength	6
1774805890023	323	PLAYER NuNinja	SET_EXP	Strength	5120
1774805890023	323	PLAYER NuNinja	EXP	Constitution	2.1333333333333333
1774805890023	323	PLAYER NuNinja	SET_EXP	Constitution	13237
1774805890024	323	PLAYER Starmie	TOOK	FLOOR_ITEM bones:1	TILE 3232,3299,0
1774805890024	323	PLAYER Drowzee	EXP	Woodcutting	25.0
1774805890024	323	PLAYER Drowzee	TOTAL_LEVEL_UP	5
1774805890024	323	PLAYER Drowzee	LEVEL_UP	Woodcutting	6
1774805890024	323	PLAYER Drowzee	SET_EXP	Woodcutting	6250
1774805890621	324	PLAYER Starmie	TOOK	FLOOR_ITEM raw_chicken:1	TILE 3232,3299,0
1774805890621	324	PLAYER Kingly	EXP	Attack	5.6
1774805890621	324	PLAYER Kingly	SET_EXP	Attack	4640
1774805890621	324	PLAYER Kingly	EXP	Constitution	1.8666666666666667
1774805890621	324	PLAYER Kingly	SET_EXP	Constitution	13075
1774805891811	326	PLAYER Starmie	KILLED	NPC chicken:10309	TILE 3231,3300,0
1774805891811	326	NPC chicken:10309	DROPPED	ITEM feather:5	ITEM bones:1	ITEM raw_chicken:1
1774805891821	326	PLAYER WhaleShark	EXP	Attack	3.6
1774805891821	326	PLAYER WhaleShark	SET_EXP	Attack	3480
1774805891821	326	PLAYER WhaleShark	EXP	Constitution	1.2
1774805891821	326	PLAYER WhaleShark	SET_EXP	Constitution	12692
1774805892422	327	PLAYER Tinne	EXP	Woodcutting	25.0
1774805892422	327	PLAYER Tinne	TOTAL_LEVEL_UP	10
1774805892422	327	PLAYER Tinne	TASK_COMPLETED	on_the_level_task
1774805892423	327	PLAYER Tinne	LEVEL_UP	Woodcutting	11
1774805892423	327	PLAYER Tinne	SET_EXP	Woodcutting	13750
1774805893024	328	PLAYER Kingly	EXP	Attack	0.4
1774805893024	328	PLAYER Kingly	SET_EXP	Attack	4660
1774805893025	328	PLAYER Kingly	EXP	Constitution	0.13333333333333333
1774805893025	328	PLAYER Kingly	SET_EXP	Constitution	13081
1774805893026	328	PLAYER Drowzee	EXP	Woodcutting	25.0
1774805893026	328	PLAYER Drowzee	TOTAL_LEVEL_UP	6
1774805893026	328	PLAYER Drowzee	LEVEL_UP	Woodcutting	7
1774805893026	328	PLAYER Drowzee	SET_EXP	Woodcutting	7500
1774805893625	329	PLAYER TabletTim	EXP	Mining	17.5
1774805893626	329	PLAYER TabletTim	TOTAL_LEVEL_UP	3
1774805893626	329	PLAYER TabletTim	LEVEL_UP	Mining	4
1774805893626	329	PLAYER TabletTim	SET_EXP	Mining	3500
1774805894826	331	PLAYER NuNinja	EXP	Strength	5.6
1774805894826	331	PLAYER NuNinja	SET_EXP	Strength	5400
1774805894826	331	PLAYER NuNinja	EXP	Constitution	1.8666666666666667
1774805894826	331	PLAYER NuNinja	SET_EXP	Constitution	13330
1774805895426	332	PLAYER Kingly	EXP	Attack	2.8
1774805895426	332	PLAYER Kingly	SET_EXP	Attack	4800
1774805895426	332	PLAYER Kingly	EXP	Constitution	0.9333333333333333
1774805895426	332	PLAYER Kingly	SET_EXP	Constitution	13127
1774805895427	332	PLAYER DellDave	EXP	Fishing	10.0
1774805895427	332	PLAYER DellDave	SET_EXP	Fishing	3500
1774805895427	332	PLAYER Fire	EXP	Mining	17.5
1774805895427	332	PLAYER Fire	TOTAL_LEVEL_UP	3
1774805895427	332	PLAYER Fire	LEVEL_UP	Mining	4
1774805895428	332	PLAYER Fire	SET_EXP	Mining	3500
1774805896028	333	PLAYER BisqueBob	EXP	Mining	17.5
1774805896028	333	PLAYER BisqueBob	TOTAL_LEVEL_UP	3
1774805896028	333	PLAYER BisqueBob	LEVEL_UP	Mining	4
1774805896029	333	PLAYER BisqueBob	SET_EXP	Mining	3500
1774805896029	333	PLAYER Tinne	EXP	Woodcutting	25.0
1774805896029	333	PLAYER Tinne	SET_EXP	Woodcutting	15000
1774805896626	334	PLAYER Starmie	EXP	Defence	4.4
1774805896626	334	PLAYER Starmie	SET_EXP	Defence	3220
1774805896627	334	PLAYER Starmie	EXP	Constitution	1.4666666666666666
1774805896627	334	PLAYER Starmie	SET_EXP	Constitution	12601
1774805896627	334	PLAYER WhaleShark	EXP	Attack	2.4
1774805896627	334	PLAYER WhaleShark	SET_EXP	Attack	3600
1774805896628	334	PLAYER WhaleShark	EXP	Constitution	0.8
1774805896628	334	PLAYER WhaleShark	SET_EXP	Constitution	12732
1774805896628	334	PLAYER Drowzee	EXP	Woodcutting	25.0
1774805896628	334	PLAYER Drowzee	TOTAL_LEVEL_UP	7
1774805896628	334	PLAYER Drowzee	LEVEL_UP	Woodcutting	8
1774805896628	334	PLAYER Drowzee	SET_EXP	Woodcutting	8750
1774805897229	335	PLAYER NuNinja	EXP	Strength	8.8
1774805897229	335	PLAYER NuNinja	SET_EXP	Strength	5840
1774805897230	335	PLAYER NuNinja	EXP	Constitution	2.933333333333333
1774805897230	335	PLAYER NuNinja	SET_EXP	Constitution	13476
1774805898421	337	PLAYER NuNinja	KILLED	NPC chicken_brown:10359	TILE 3232,3295,0
1774805898422	337	NPC chicken_brown:10359	DROPPED	ITEM bones:1	ITEM raw_chicken:1
1774805898432	337	PLAYER WhaleShark	TOOK	FLOOR_ITEM feather:5	TILE 3227,3296,0
1774805899020	338	PLAYER Kingly	KILLED	NPC chicken_brown:10360	TILE 3232,3299,0
1774805899020	338	NPC chicken_brown:10360	DROPPED	ITEM feather:5	ITEM bones:1	ITEM raw_chicken:1
1774805899029	338	PLAYER Miriam	EXP	Woodcutting	25.0
1774805899029	338	PLAYER Miriam	TOTAL_LEVEL_UP	11
1774805899029	338	PLAYER Miriam	LEVEL_UP	Woodcutting	12
1774805899029	338	PLAYER Miriam	SET_EXP	Woodcutting	16250
1774805899030	338	PLAYER Starmie	EXP	Defence	4.0
1774805899030	338	PLAYER Starmie	SET_EXP	Defence	3420
1774805899031	338	PLAYER Starmie	EXP	Constitution	1.3333333333333333
1774805899031	338	PLAYER Starmie	SET_EXP	Constitution	12667
1774805899031	338	PLAYER WhaleShark	TOOK	FLOOR_ITEM bones:1	TILE 3227,3296,0
1774805899632	339	PLAYER NuNinja	EXP	Strength	2.0
1774805899632	339	PLAYER NuNinja	SET_EXP	Strength	5940
1774805899633	339	PLAYER NuNinja	EXP	Constitution	0.6666666666666666
1774805899633	339	PLAYER NuNinja	SET_EXP	Constitution	13509
1774805899633	339	PLAYER TabletTim	EXP	Mining	17.5
1774805899633	339	PLAYER TabletTim	TASK_COMPLETED	hack_and_smash_task
1774805899633	339	PLAYER TabletTim	TOTAL_LEVEL_UP	4
1774805899633	339	PLAYER TabletTim	LEVEL_UP	Mining	5
1774805899633	339	PLAYER TabletTim	SET_EXP	Mining	4375
1774805899634	339	PLAYER WhaleShark	TOOK	FLOOR_ITEM raw_chicken:1	TILE 3227,3296,0
1774805899634	339	PLAYER Drowzee	EXP	Woodcutting	25.0
1774805899634	339	PLAYER Drowzee	TOTAL_LEVEL_UP	8
1774805899634	339	PLAYER Drowzee	LEVEL_UP	Woodcutting	9
1774805899634	339	PLAYER Drowzee	SET_EXP	Woodcutting	10000
1774805900221	340	PLAYER WhaleShark	KILLED	NPC chicken_brown:10356	TILE 3226,3298,0
1774805900221	340	NPC chicken_brown:10356	DROPPED	ITEM feather:15	ITEM bones:1	ITEM raw_chicken:1
1774805901432	342	PLAYER Starmie	EXP	Defence	3.6
1774805901432	342	PLAYER Starmie	SET_EXP	Defence	3600
1774805901432	342	PLAYER Starmie	EXP	Constitution	1.2
1774805901432	342	PLAYER Starmie	SET_EXP	Constitution	12727
1774805901433	342	PLAYER WhaleShark	TOOK	FLOOR_ITEM feather:5	TILE 3228,3300,0
1774805902037	343	PLAYER NuNinja	EXP	Strength	1.2
1774805902037	343	PLAYER NuNinja	SET_EXP	Strength	6000
1774805902037	343	PLAYER NuNinja	EXP	Constitution	0.4
1774805902037	343	PLAYER NuNinja	SET_EXP	Constitution	13529
1774805902038	343	PLAYER JumpySeat	EXP	Mining	17.5
1774805902038	343	PLAYER JumpySeat	TASK_COMPLETED	hack_and_smash_task
1774805902038	343	PLAYER JumpySeat	TOTAL_LEVEL_UP	4
1774805902038	343	PLAYER JumpySeat	LEVEL_UP	Mining	5
1774805902038	343	PLAYER JumpySeat	SET_EXP	Mining	4375
1774805902039	343	PLAYER WhaleShark	TOOK	FLOOR_ITEM bones:1	TILE 3228,3300,0
1774805902039	343	PLAYER RagdollRay	EXP	Fishing	10.0
1774805902039	343	PLAYER RagdollRay	TOTAL_LEVEL_UP	4
1774805902039	343	PLAYER RagdollRay	LEVEL_UP	Fishing	5
1774805902039	343	PLAYER RagdollRay	SET_EXP	Fishing	4000
1774805902635	344	PLAYER Kingly	TOOK	FLOOR_ITEM feather:5	TILE 3232,3299,0
1774805902635	344	PLAYER WhaleShark	TOOK	FLOOR_ITEM raw_chicken:1	TILE 3228,3300,0
1774805902635	344	PLAYER Tinne	EXP	Woodcutting	25.0
1774805902635	344	PLAYER Tinne	TOTAL_LEVEL_UP	11
1774805902635	344	PLAYER Tinne	LEVEL_UP	Woodcutting	12
1774805902636	344	PLAYER Tinne	SET_EXP	Woodcutting	16250
1774805903239	345	PLAYER Kingly	TOOK	FLOOR_ITEM bones:1	TILE 3232,3299,0
1774805903837	346	PLAYER Nidorina	EXP	Woodcutting	25.0
1774805903837	346	PLAYER Nidorina	TOTAL_LEVEL_UP	11
1774805903837	346	PLAYER Nidorina	LEVEL_UP	Woodcutting	12
1774805903837	346	PLAYER Nidorina	SET_EXP	Woodcutting	16250
1774805903838	346	PLAYER Starmie	EXP	Defence	4.4
1774805903838	346	PLAYER Starmie	SET_EXP	Defence	3820
1774805903839	346	PLAYER Starmie	EXP	Constitution	1.4666666666666666
1774805903839	346	PLAYER Starmie	SET_EXP	Constitution	12800
1774805903839	346	PLAYER Kingly	TOOK	FLOOR_ITEM raw_chicken:1	TILE 3232,3299,0
1774805903839	346	PLAYER BullsEye99	EXP	Mining	17.5
1774805903839	346	PLAYER BullsEye99	SET_EXP	Mining	2625
1774805904441	347	PLAYER NuNinja	TOOK	FLOOR_ITEM bones:1	TILE 3232,3295,0
1774805904441	347	PLAYER Miriam	EXP	Woodcutting	25.0
1774805904441	347	PLAYER Miriam	SET_EXP	Woodcutting	17500
1774805904442	347	PLAYER Pirate Ship	EXP	Fishing	10.0
1774805904442	347	PLAYER Pirate Ship	TOTAL_LEVEL_UP	4
1774805904442	347	PLAYER Pirate Ship	LEVEL_UP	Fishing	5
1774805904442	347	PLAYER Pirate Ship	SET_EXP	Fishing	4000
1774805905028	348	PLAYER Starmie	KILLED	NPC chicken_brown:10358	TILE 3229,3298,0
1774805905028	348	NPC chicken_brown:10358	DROPPED	ITEM bones:1	ITEM raw_chicken:1
1774805905038	348	PLAYER NuNinja	TOOK	FLOOR_ITEM raw_chicken:1	TILE 3232,3295,0
1774805905038	348	PLAYER WhaleShark	TOOK	FLOOR_ITEM feather:15	TILE 3226,3298,0
1774805905632	349	PLAYER NuNinja	KILLED	NPC chicken:10311	TILE 3236,3298,0
1774805905632	349	NPC chicken:10311	DROPPED	ITEM feather:15	ITEM bones:1	ITEM raw_chicken:1
1774805905643	349	PLAYER WhaleShark	TOOK	FLOOR_ITEM bones:1	TILE 3226,3298,0
1774805906239	350	PLAYER Starmie	EXP	Defence	5.2
1774805906240	350	PLAYER Starmie	TOTAL_LEVEL_UP	4
1774805906240	350	PLAYER Starmie	LEVEL_UP	Defence	5
1774805906240	350	PLAYER Starmie	SET_EXP	Defence	4080
1774805906240	350	PLAYER Starmie	EXP	Constitution	1.7333333333333334
1774805906240	350	PLAYER Starmie	SET_EXP	Constitution	12886
1774805906241	350	PLAYER WhaleShark	TOOK	FLOOR_ITEM raw_chicken:1	TILE 3226,3298,0
1774805906843	351	PLAYER Kingly	EXP	Attack	3.2
1774805906843	351	PLAYER Kingly	SET_EXP	Attack	4960
1774805906843	351	PLAYER Kingly	EXP	Constitution	1.0666666666666667
1774805906843	351	PLAYER Kingly	SET_EXP	Constitution	13180
1774805907442	352	PLAYER WhaleShark	EXP	Attack	4.8
1774805907442	352	PLAYER WhaleShark	SET_EXP	Attack	3840
1774805907442	352	PLAYER WhaleShark	EXP	Constitution	1.6
1774805907442	352	PLAYER WhaleShark	SET_EXP	Constitution	12812
1774805908049	353	PLAYER RagdollRay	EXP	Fishing	10.0
1774805908049	353	PLAYER RagdollRay	SET_EXP	Fishing	4500
1774805908643	354	PLAYER Starmie	EXP	Defence	2.4
1774805908643	354	PLAYER Starmie	SET_EXP	Defence	4200
1774805908643	354	PLAYER Starmie	EXP	Constitution	0.8
1774805908643	354	PLAYER Starmie	SET_EXP	Constitution	12926
1774805909246	355	PLAYER NuNinja	TOOK	FLOOR_ITEM bones:1	TILE 3225,3300,0
1774805909246	355	PLAYER Kingly	EXP	Attack	5.2
1774805909246	355	PLAYER Kingly	TOTAL_LEVEL_UP	5
1774805909246	355	PLAYER Kingly	LEVEL_UP	Attack	6
1774805909246	355	PLAYER Kingly	SET_EXP	Attack	5220
1774805909247	355	PLAYER Kingly	EXP	Constitution	1.7333333333333334
1774805909247	355	PLAYER Kingly	SET_EXP	Constitution	13266
1774805909824	356	BOT GoodFight	FAILED	varrock_copper_mining	Timeout	0	BotInteractObject
1774805909847	356	PLAYER NuNinja	TOOK	FLOOR_ITEM raw_chicken:1	TILE 3225,3300,0
1774805909847	356	PLAYER Starmie	TOOK	FLOOR_ITEM feather:5	TILE 3231,3300,0
1774805909847	356	PLAYER WhaleShark	EXP	Attack	2.8
1774805909847	356	PLAYER WhaleShark	TOTAL_LEVEL_UP	4
1774805909847	356	PLAYER WhaleShark	LEVEL_UP	Attack	5
1774805909847	356	PLAYER WhaleShark	SET_EXP	Attack	3980
1774805909848	356	PLAYER WhaleShark	EXP	Constitution	0.9333333333333333
1774805909848	356	PLAYER WhaleShark	SET_EXP	Constitution	12858
1774805910426	357	BOT GoodFight	ASSIGNED	varrock_clay_mining
1774805910450	357	PLAYER Starmie	TOOK	FLOOR_ITEM bones:1	TILE 3231,3300,0
1774805910450	357	PLAYER Appa	TELED	TILE 3205,3209,1
1774805911027	358	BOT GoodFight	START_RESOLVER	withdraw_from_bank	varrock_clay_mining
1774805911047	358	PLAYER Starmie	TOOK	FLOOR_ITEM raw_chicken:1	TILE 3231,3300,0
1774805911628	359	BOT GoodFight	START_ACTIVITY	withdraw_from_bank
1774805911650	359	PLAYER Kingly	EXP	Attack	3.6
1774805911650	359	PLAYER Kingly	SET_EXP	Attack	5400
1774805911651	359	PLAYER Kingly	EXP	Constitution	1.2
1774805911651	359	PLAYER Kingly	SET_EXP	Constitution	13326
1774805911651	359	PLAYER Tinne	EXP	Woodcutting	25.0
1774805911652	359	PLAYER Tinne	SET_EXP	Woodcutting	17500
1774806641494	0	SYSTEM	startup
1774806641753	0	SYSTEM	login online
1774806646368	0	SYSTEM	game online
1774806647672	2	PLAYER Hanbo Short	CONNECTED	TILE 3221,3218,0
1774806648181	3	BOT Hanbo Short	ASSIGNED	lumbridge_north_tree_cutting
1774806648245	3	PLAYER Blueberry	CONNECTED	TILE 3094,3242,0
1774806648783	4	BOT Hanbo Short	START_RESOLVER	deposit_all_bank	lumbridge_north_tree_cutting
1774806648784	4	BOT Blueberry	ASSIGNED	melee_tutor_strength
1774806648826	4	PLAYER Tuga	CONNECTED	TILE 3221,3217,0
1774806649381	5	BOT Hanbo Short	START_ACTIVITY	deposit_all_bank
1774806649382	5	BOT Blueberry	START_RESOLVER	harlan_sword	melee_tutor_strength
1774806649382	5	BOT Tuga	ASSIGNED	lumbridge_net_fishing
1774806649437	5	PLAYER SundayFun	CONNECTED	TILE 3222,3217,0
1774806649985	6	BOT Blueberry	START_RESOLVER	go_to_area	harlan_sword
1774806649985	6	BOT Tuga	START_RESOLVER	deposit_all_bank	lumbridge_net_fishing
1774806649985	6	BOT SundayFun	ASSIGNED	draynor_north_trees
1774806650026	6	PLAYER MegalodonM	CONNECTED	TILE 3221,3218,0
1774806650582	7	BOT Hanbo Short	START_ACTIVITY	go_to_bank
1774806650585	7	BOT Blueberry	START_ACTIVITY	go_to_area
1774806650585	7	BOT Tuga	START_ACTIVITY	deposit_all_bank
1774806650586	7	BOT SundayFun	START_RESOLVER	deposit_all_bank	draynor_north_trees
1774806650586	7	BOT MegalodonM	ASSIGNED	draynor_east_trees
1774806650622	7	PLAYER Hanbo Short	TASK_COMPLETED	on_the_run_task
1774806650633	7	PLAYER AlosaurAce	CONNECTED	TILE 3212,3428,0
1774806651184	8	BOT SundayFun	START_ACTIVITY	deposit_all_bank
1774806651184	8	BOT MegalodonM	START_RESOLVER	deposit_all_bank	draynor_east_trees
1774806651185	8	BOT AlosaurAce	ASSIGNED	lumbridge_copper_mining
1774806651234	8	PLAYER Matoya	CONNECTED	TILE 3095,3241,0
1774806651784	9	BOT Blueberry	START_ACTIVITY	go_to_lumbridge_combat_tutors
1774806651785	9	BOT Tuga	START_ACTIVITY	go_to_bank
1774806651785	9	BOT MegalodonM	START_ACTIVITY	deposit_all_bank
1774806651785	9	BOT AlosaurAce	START_RESOLVER	deposit_all_bank	lumbridge_copper_mining
1774806651785	9	BOT Matoya	ASSIGNED	varrock_tin_mining
1774806651831	9	PLAYER Blueberry	TASK_COMPLETED	on_the_run_task
1774806651832	9	PLAYER Tuga	TASK_COMPLETED	on_the_run_task
1774806651839	9	PLAYER DeepDan	CONNECTED	TILE 3213,3429,0
1774806652385	10	BOT SundayFun	START_ACTIVITY	go_to_bank
1774806652386	10	BOT AlosaurAce	START_ACTIVITY	deposit_all_bank
1774806652386	10	BOT Matoya	START_RESOLVER	deposit_all_bank	varrock_tin_mining
1774806652387	10	BOT DeepDan	ASSIGNED	lumbridge_east_tree_cutting
1774806652416	10	PLAYER SundayFun	TASK_COMPLETED	on_the_run_task
1774806652424	10	PLAYER PrairieP	CONNECTED	TILE 3213,3428,0
1774806652986	11	BOT MegalodonM	START_ACTIVITY	go_to_bank
1774806652987	11	BOT Matoya	START_ACTIVITY	deposit_all_bank
1774806652987	11	BOT DeepDan	START_RESOLVER	deposit_all_bank	lumbridge_east_tree_cutting
1774806652987	11	BOT PrairieP	ASSIGNED	kill_freds_chickens_attack
1774806653021	11	PLAYER MegalodonM	TASK_COMPLETED	on_the_run_task
1774806653029	11	PLAYER LazyLuke	CONNECTED	TILE 3095,3245,0
1774806653587	12	BOT AlosaurAce	START_ACTIVITY	go_to_bank
1774806653587	12	BOT DeepDan	START_ACTIVITY	deposit_all_bank
1774806653587	12	BOT PrairieP	START_RESOLVER	equip_items	kill_freds_chickens_attack
1774806653587	12	BOT LazyLuke	ASSIGNED	lumbridge_net_fishing
1774806653611	12	PLAYER AlosaurAce	TASK_COMPLETED	on_the_run_task
1774806653617	12	PLAYER CamelCarl	CONNECTED	TILE 3221,3220,0
1774806654190	13	BOT PrairieP	START_ACTIVITY	equip_items
1774806654190	13	BOT LazyLuke	START_RESOLVER	deposit_all_bank	lumbridge_net_fishing
1774806654191	13	BOT CamelCarl	ASSIGNED	ranged_tutor
1774806654230	13	PLAYER Matoya	TASK_COMPLETED	on_the_run_task
1774806654238	13	PLAYER AprilFool	CONNECTED	TILE 3221,3220,0
1774806654788	14	BOT DeepDan	START_ACTIVITY	go_to_bank
1774806654792	14	PLAYER PrairieP	TASK_COMPLETED	armed_and_dangerous_task
1774806654793	14	BOT LazyLuke	START_ACTIVITY	deposit_all_bank
1774806654794	14	BOT CamelCarl	START_RESOLVER	nemarti_bow	ranged_tutor
1774806654794	14	BOT AprilFool	ASSIGNED	varrock_tin_mining
1774806654821	14	PLAYER DeepDan	TASK_COMPLETED	on_the_run_task
1774806654827	14	PLAYER ThreatPeace	CONNECTED	TILE 3095,3241,0
1774806655389	15	BOT CamelCarl	START_RESOLVER	go_to_area	nemarti_bow
1774806655389	15	BOT AprilFool	START_RESOLVER	deposit_all_bank	varrock_tin_mining
1774806655389	15	BOT ThreatPeace	ASSIGNED	lumbridge_copper_mining
1774806655426	15	PLAYER SkidMark	CONNECTED	TILE 3213,3429,0
1774806655990	16	BOT CamelCarl	START_ACTIVITY	go_to_area
1774806655990	16	BOT AprilFool	START_ACTIVITY	deposit_all_bank
1774806655990	16	BOT ThreatPeace	START_RESOLVER	deposit_all_bank	lumbridge_copper_mining
1774806655990	16	BOT SkidMark	ASSIGNED	varrock_tin_mining
1774806656023	16	PLAYER LazyLuke	TASK_COMPLETED	on_the_run_task
1774806656030	16	PLAYER Zapdos	CONNECTED	TILE 3095,3243,0
1774806656590	17	BOT PrairieP	COMPLETED	equip_items
1774806656591	17	BOT ThreatPeace	START_ACTIVITY	deposit_all_bank
1774806656591	17	BOT SkidMark	START_RESOLVER	deposit_all_bank	varrock_tin_mining
1774806656591	17	BOT Zapdos	ASSIGNED	kill_freds_chickens_defence
1774806656630	17	PLAYER FakeTruth	CONNECTED	TILE 3094,3245,0
1774806657194	18	PLAYER Matoya	TASK_COMPLETED	hang_on_to_something_task
1774806657198	18	BOT PrairieP	START_RESOLVER	deposit_all_bank	kill_freds_chickens_attack
1774806657198	18	BOT CamelCarl	START_ACTIVITY	go_to_lumbridge_combat_tutors
1774806657198	18	BOT AprilFool	START_ACTIVITY	go_to_bank
1774806657198	18	BOT SkidMark	START_ACTIVITY	deposit_all_bank
1774806657198	18	BOT Zapdos	START_RESOLVER	equip_items	kill_freds_chickens_defence
1774806657199	18	BOT FakeTruth	ASSIGNED	varrock_clay_mining
1774806657226	18	PLAYER CamelCarl	TASK_COMPLETED	on_the_run_task
1774806657227	18	PLAYER AprilFool	TASK_COMPLETED	on_the_run_task
1774806657232	18	PLAYER Starmie	CONNECTED	TILE 3222,3217,0
1774806657792	19	BOT PrairieP	START_ACTIVITY	deposit_all_bank
1774806657793	19	BOT Zapdos	START_ACTIVITY	equip_items
1774806657793	19	BOT FakeTruth	START_RESOLVER	deposit_all_bank	varrock_clay_mining
1774806657793	19	BOT Starmie	ASSIGNED	kill_freds_chickens_strength
1774806657828	19	PLAYER ThreatPeace	TASK_COMPLETED	on_the_run_task
1774806657833	19	PLAYER Ember	CONNECTED	TILE 3213,3428,0
1774806658394	20	BOT SkidMark	START_ACTIVITY	go_to_bank
1774806658394	20	PLAYER Zapdos	TASK_COMPLETED	armed_and_dangerous_task
1774806658395	20	BOT FakeTruth	START_ACTIVITY	deposit_all_bank
1774806658395	20	BOT Starmie	START_RESOLVER	equip_items	kill_freds_chickens_strength
1774806658395	20	BOT Ember	ASSIGNED	varrock_clay_mining
1774806658421	20	PLAYER SkidMark	TASK_COMPLETED	on_the_run_task
1774806658426	20	PLAYER SpeedHack99	CONNECTED	TILE 3213,3429,0
1774806658994	21	BOT Matoya	COMPLETED	deposit_all_bank
1774806658994	21	BOT PrairieP	START_ACTIVITY	go_to_bank
1774806658994	21	PLAYER LazyLuke	TASK_COMPLETED	hang_on_to_something_task
1774806658997	21	BOT Starmie	START_ACTIVITY	equip_items
1774806658997	21	BOT Ember	START_RESOLVER	deposit_all_bank	varrock_clay_mining
1774806658997	21	BOT SpeedHack99	ASSIGNED	varrock_copper_mining
1774806659027	21	PLAYER PrairieP	TASK_COMPLETED	on_the_run_task
1774806659032	21	PLAYER Lash	CONNECTED	TILE 3222,3220,0
1774806659595	22	BOT Matoya	START_RESOLVER	withdraw_from_bank	varrock_tin_mining
1774806659596	22	PLAYER Starmie	TASK_COMPLETED	armed_and_dangerous_task
1774806659596	22	BOT Ember	START_ACTIVITY	deposit_all_bank
1774806659596	22	BOT SpeedHack99	START_RESOLVER	deposit_all_bank	varrock_copper_mining
1774806659597	22	BOT Lash	ASSIGNED	lumbridge_tin_mining
1774806659620	22	PLAYER FakeTruth	TASK_COMPLETED	on_the_run_task
1774806659626	22	PLAYER Cloud	CONNECTED	TILE 3221,3220,0
1774806660196	23	BOT Matoya	START_ACTIVITY	withdraw_from_bank
1774806660196	23	BOT Zapdos	COMPLETED	equip_items
1774806660197	23	BOT SpeedHack99	START_ACTIVITY	deposit_all_bank
1774806660197	23	BOT Lash	START_RESOLVER	deposit_all_bank	lumbridge_tin_mining
1774806660197	23	BOT Cloud	ASSIGNED	lumbridge_net_fishing
1774806660227	23	PLAYER Tuga	TELED	TILE 3205,3209,1
1774806660233	23	PLAYER SacredProf	CONNECTED	TILE 3095,3244,0
1774806660797	24	BOT LazyLuke	COMPLETED	deposit_all_bank
1774806660797	24	PLAYER ThreatPeace	TASK_COMPLETED	hang_on_to_something_task
1774806660798	24	PLAYER FakeTruth	TASK_COMPLETED	hang_on_to_something_task
1774806660802	24	BOT Zapdos	START_RESOLVER	deposit_all_bank	kill_freds_chickens_defence
1774806660802	24	BOT Ember	START_ACTIVITY	go_to_bank
1774806660802	24	BOT Lash	START_ACTIVITY	deposit_all_bank
1774806660802	24	BOT Cloud	START_RESOLVER	deposit_all_bank	lumbridge_net_fishing
1774806660802	24	BOT SacredProf	ASSIGNED	magic_tutor
1774806660831	24	PLAYER SundayFun	TELED	TILE 3205,3209,1
1774806660831	24	PLAYER MegalodonM	TELED	TILE 3205,3209,1
1774806660833	24	PLAYER Ember	TASK_COMPLETED	on_the_run_task
1774806660837	24	PLAYER Gunslinger	CONNECTED	TILE 3213,3428,0
1774806661397	25	BOT LazyLuke	START_RESOLVER	withdraw_from_bank	lumbridge_net_fishing
1774806661397	25	BOT Zapdos	START_ACTIVITY	deposit_all_bank
1774806661397	25	BOT Starmie	COMPLETED	equip_items
1774806661397	25	BOT SpeedHack99	START_ACTIVITY	go_to_bank
1774806661398	25	BOT Cloud	START_ACTIVITY	deposit_all_bank
1774806661399	25	BOT Gunslinger	ASSIGNED	varrock_east_tin_mining
1774806661444	25	PLAYER SpeedHack99	TASK_COMPLETED	on_the_run_task
1774806661449	25	PLAYER Skoll	CONNECTED	TILE 3222,3217,0
1774806661998	26	BOT LazyLuke	START_ACTIVITY	withdraw_from_bank
1774806662001	26	BOT Starmie	START_RESOLVER	deposit_all_bank	kill_freds_chickens_strength
1774806662001	26	BOT Lash	START_ACTIVITY	go_to_bank
1774806662002	26	BOT SacredProf	FAILED	magic_tutor	Requirement(BotInventorySetup(items=[BotItem(ids=[air_rune], min=30, max=null, usable=false, equippable=false), BotItem(ids=[mind_rune], min=30, max=null, usable=false, equippable=false)]))	0	BotInterfaceOption
1774806662006	26	BOT Gunslinger	START_RESOLVER	deposit_all_bank	varrock_east_tin_mining
1774806662007	26	BOT Skoll	ASSIGNED	varrock_tin_mining
1774806662040	26	PLAYER Lash	TASK_COMPLETED	on_the_run_task
1774806662045	26	PLAYER Maikeru	CONNECTED	TILE 3095,3245,0
1774806662599	27	BOT AlosaurAce	COMPLETED	go_to_bank
1774806662599	27	BOT ThreatPeace	COMPLETED	deposit_all_bank
1774806662599	27	BOT Starmie	START_ACTIVITY	deposit_all_bank
1774806662599	27	BOT Cloud	START_ACTIVITY	go_to_bank
1774806662599	27	BOT SacredProf	ASSIGNED	kill_freds_chickens_defence
1774806662599	27	BOT Gunslinger	START_ACTIVITY	deposit_all_bank
1774806662599	27	BOT Skoll	START_RESOLVER	deposit_all_bank	varrock_tin_mining
1774806662600	27	BOT Maikeru	ASSIGNED	lumbridge_pickpocketing
1774806662629	27	PLAYER Tuga	TELED	TILE 3205,3209,2
1774806662631	27	PLAYER Zapdos	TASK_COMPLETED	on_the_run_task
1774806662633	27	PLAYER Cloud	TASK_COMPLETED	on_the_run_task
1774806662637	27	PLAYER Ril	CONNECTED	TILE 3095,3241,0
1774806663200	28	BOT ThreatPeace	START_RESOLVER	withdraw_from_bank	lumbridge_copper_mining
1774806663200	28	BOT SacredProf	START_RESOLVER	equip_items	kill_freds_chickens_defence
1774806663200	28	BOT Skoll	START_ACTIVITY	deposit_all_bank
1774806663200	28	BOT Maikeru	START_RESOLVER	go_to_area	lumbridge_pickpocketing
1774806663200	28	BOT Ril	ASSIGNED	lumbridge_pickpocketing
1774806663230	28	PLAYER SundayFun	TELED	TILE 3205,3209,2
1774806663230	28	PLAYER MegalodonM	TELED	TILE 3205,3209,2
1774806663234	28	PLAYER ProPunch	CONNECTED	TILE 3212,3428,0
1774806663801	29	BOT DeepDan	COMPLETED	go_to_bank
1774806663801	29	BOT ThreatPeace	START_ACTIVITY	withdraw_from_bank
1774806663801	29	BOT FakeTruth	COMPLETED	deposit_all_bank
1774806663801	29	BOT Starmie	START_ACTIVITY	go_to_bank
1774806663801	29	BOT SacredProf	START_ACTIVITY	equip_items
1774806663801	29	BOT Gunslinger	START_ACTIVITY	go_to_bank
1774806663802	29	BOT Maikeru	START_ACTIVITY	go_to_area
1774806663802	29	BOT Ril	START_RESOLVER	go_to_area	lumbridge_pickpocketing
1774806663802	29	BOT ProPunch	ASSIGNED	varrock_copper_mining
1774806663838	29	PLAYER Starmie	TASK_COMPLETED	on_the_run_task
1774806663839	29	PLAYER Gunslinger	TASK_COMPLETED	on_the_run_task
1774806663842	29	PLAYER HeadHunter	CONNECTED	TILE 3092,3241,0
1774806664403	30	PLAYER Zapdos	TASK_COMPLETED	hang_on_to_something_task
1774806664404	30	BOT FakeTruth	START_RESOLVER	withdraw_from_bank	varrock_clay_mining
1774806664405	30	PLAYER SacredProf	TASK_COMPLETED	armed_and_dangerous_task
1774806664406	30	BOT Skoll	START_ACTIVITY	go_to_bank
1774806664406	30	BOT Ril	START_ACTIVITY	go_to_area
1774806664406	30	BOT ProPunch	START_RESOLVER	deposit_all_bank	varrock_copper_mining
1774806664406	30	BOT HeadHunter	ASSIGNED	kill_freds_chickens_attack
1774806664441	30	PLAYER Skoll	TASK_COMPLETED	on_the_run_task
1774806664445	30	PLAYER FuturePast	CONNECTED	TILE 3093,3245,0
1774806665002	31	BOT FakeTruth	START_ACTIVITY	withdraw_from_bank
1774806665002	31	BOT Maikeru	START_ACTIVITY	go_to_lumbridge_thieving_area
1774806665002	31	BOT ProPunch	START_ACTIVITY	deposit_all_bank
1774806665003	31	BOT HeadHunter	START_RESOLVER	equip_items	kill_freds_chickens_attack
1774806665003	31	BOT FuturePast	ASSIGNED	lumbridge_copper_mining
1774806665039	31	PLAYER Maikeru	TASK_COMPLETED	on_the_run_task
1774806665043	31	PLAYER RhoRanger	CONNECTED	TILE 3094,3245,0
1774806665607	32	BOT Ril	START_ACTIVITY	go_to_lumbridge_thieving_area
1774806665608	32	BOT HeadHunter	START_ACTIVITY	equip_items
1774806665608	32	BOT FuturePast	START_RESOLVER	deposit_all_bank	lumbridge_copper_mining
1774806665608	32	BOT RhoRanger	ASSIGNED	lumbridge_cow_tree_cutting
1774806665643	32	PLAYER AprilFool	TELED	TILE 3205,3209,1
1774806665645	32	PLAYER Ril	TASK_COMPLETED	on_the_run_task
1774806665648	32	PLAYER GuppyGary	CONNECTED	TILE 3213,3429,0
1774806666203	33	BOT Tuga	COMPLETED	go_to_bank
1774806666204	33	BOT SacredProf	COMPLETED	equip_items
1774806666204	33	BOT ProPunch	START_ACTIVITY	go_to_bank
1774806666204	33	PLAYER HeadHunter	TASK_COMPLETED	armed_and_dangerous_task
1774806666205	33	BOT FuturePast	START_ACTIVITY	deposit_all_bank
1774806666205	33	BOT RhoRanger	START_RESOLVER	deposit_all_bank	lumbridge_cow_tree_cutting
1774806666206	33	BOT GuppyGary	ASSIGNED	magic_tutor
1774806666243	33	PLAYER ProPunch	TASK_COMPLETED	on_the_run_task
1774806666247	33	PLAYER Halp	CONNECTED	TILE 3093,3241,0
1774806666804	34	BOT SundayFun	COMPLETED	go_to_bank
1774806666804	34	BOT MegalodonM	COMPLETED	go_to_bank
1774806666804	34	BOT Matoya	COMPLETED	withdraw_from_bank
1774806666804	34	BOT SacredProf	START_RESOLVER	deposit_all_bank	kill_freds_chickens_defence
1774806666804	34	BOT RhoRanger	START_ACTIVITY	deposit_all_bank
1774806666805	34	BOT Halp	ASSIGNED	lumbridge_tin_mining
1774806666836	34	PLAYER Ice	CONNECTED	TILE 3212,3429,0
1774806667404	35	BOT Matoya	START_RESOLVER	go_to_area	varrock_tin_mining
1774806667405	35	BOT SkidMark	COMPLETED	go_to_bank
1774806667405	35	BOT Zapdos	COMPLETED	deposit_all_bank
1774806667405	35	BOT SacredProf	START_ACTIVITY	deposit_all_bank
1774806667405	35	BOT GuppyGary	FAILED	magic_tutor	Requirement(BotInventorySetup(items=[BotItem(ids=[air_rune], min=30, max=null, usable=false, equippable=false), BotItem(ids=[mind_rune], min=30, max=null, usable=false, equippable=false)]))	0	BotInterfaceOption
1774806667405	35	BOT Halp	START_RESOLVER	deposit_all_bank	lumbridge_tin_mining
1774806667405	35	BOT Ice	ASSIGNED	lumbridge_west_tree_cutting
1774806667439	35	PLAYER FuturePast	TASK_COMPLETED	on_the_run_task
1774806667443	35	PLAYER YutytyrannY	CONNECTED	TILE 3094,3244,0
1774806668006	36	PLAYER AlosaurAce	TASK_COMPLETED	hang_on_to_something_task
1774806668007	36	PLAYER DeepDan	TASK_COMPLETED	hang_on_to_something_task
1774806668010	36	BOT Matoya	START_ACTIVITY	go_to_area
1774806668010	36	BOT Zapdos	START_RESOLVER	go_to_area	kill_freds_chickens_defence
1774806668010	36	BOT HeadHunter	COMPLETED	equip_items
1774806668011	36	BOT GuppyGary	ASSIGNED	lumbridge_copper_mining
1774806668011	36	BOT Halp	START_ACTIVITY	deposit_all_bank
1774806668011	36	BOT Ice	START_RESOLVER	deposit_all_bank	lumbridge_west_tree_cutting
1774806668011	36	BOT YutytyrannY	ASSIGNED	lumbridge_crayfish
1774806668037	36	PLAYER AprilFool	TELED	TILE 3205,3209,2
1774806668047	36	PLAYER RhoRanger	TASK_COMPLETED	on_the_run_task
1774806668051	36	PLAYER Bob	CONNECTED	TILE 3092,3244,0
1774806668607	37	BOT PrairieP	COMPLETED	go_to_bank
1774806668607	37	BOT LazyLuke	COMPLETED	withdraw_from_bank
1774806668607	37	BOT Zapdos	START_ACTIVITY	go_to_area
1774806668607	37	BOT HeadHunter	START_RESOLVER	deposit_all_bank	kill_freds_chickens_attack
1774806668607	37	BOT GuppyGary	START_RESOLVER	deposit_all_bank	lumbridge_copper_mining
1774806668607	37	BOT Ice	START_ACTIVITY	deposit_all_bank
1774806668608	37	BOT YutytyrannY	START_RESOLVER	take_from_shop	lumbridge_crayfish
1774806668608	37	BOT Bob	ASSIGNED	varrock_copper_mining
1774806668648	37	PLAYER SacredProf	TASK_COMPLETED	on_the_run_task
1774806668652	37	PLAYER Farmer Plow	CONNECTED	TILE 3222,3217,0
1774806669208	38	BOT Matoya	START_ACTIVITY	go_to_varrock_south_east_mine
1774806669209	38	PLAYER FuturePast	TASK_COMPLETED	hang_on_to_something_task
1774806669209	38	PLAYER RhoRanger	TASK_COMPLETED	hang_on_to_something_task
1774806669212	38	BOT LazyLuke	START_RESOLVER	go_to_area	lumbridge_net_fishing
1774806669213	38	BOT HeadHunter	START_ACTIVITY	deposit_all_bank
1774806669213	38	BOT GuppyGary	START_ACTIVITY	deposit_all_bank
1774806669213	38	BOT YutytyrannY	START_ACTIVITY	take_from_shop
1774806669213	38	BOT Bob	START_RESOLVER	deposit_all_bank	varrock_copper_mining
1774806669213	38	BOT Farmer Plow	ASSIGNED	al_kharid_north_copper_mining
1774806669244	38	PLAYER Halp	TASK_COMPLETED	on_the_run_task
1774806669248	38	PLAYER YudonYuri	CONNECTED	TILE 3213,3429,0
1774806669808	39	BOT AlosaurAce	COMPLETED	deposit_all_bank
1774806669809	39	BOT LazyLuke	START_ACTIVITY	go_to_area
1774806669809	39	BOT Zapdos	START_ACTIVITY	go_to_lumbridge_chicken_pen
1774806669809	39	PLAYER Tuga	TASK_COMPLETED	hang_on_to_something_task
1774806669813	39	BOT Ice	START_ACTIVITY	go_to_bank
1774806669813	39	BOT Bob	START_ACTIVITY	deposit_all_bank
1774806669813	39	BOT Farmer Plow	START_RESOLVER	deposit_all_bank	al_kharid_north_copper_mining
1774806669813	39	BOT YudonYuri	ASSIGNED	melee_tutor_attack
1774806669846	39	PLAYER Ice	TASK_COMPLETED	on_the_run_task
1774806669850	39	PLAYER IceBerg	CONNECTED	TILE 3221,3218,0
1774806670409	40	BOT AlosaurAce	START_RESOLVER	withdraw_from_bank	lumbridge_copper_mining
1774806670410	40	BOT ThreatPeace	COMPLETED	withdraw_from_bank
1774806670410	40	BOT Ember	COMPLETED	go_to_bank
1774806670410	40	BOT SpeedHack99	COMPLETED	go_to_bank
1774806670410	40	PLAYER SundayFun	TASK_COMPLETED	hang_on_to_something_task
1774806670411	40	PLAYER MegalodonM	TASK_COMPLETED	hang_on_to_something_task
1774806670411	40	PLAYER SacredProf	TASK_COMPLETED	hang_on_to_something_task
1774806670411	40	PLAYER Halp	TASK_COMPLETED	hang_on_to_something_task
1774806670413	40	BOT GuppyGary	START_ACTIVITY	go_to_bank
1774806670413	40	BOT YutytyrannY	START_ACTIVITY	go_to_hanks_fishing_shop
1774806670413	40	BOT Farmer Plow	START_ACTIVITY	deposit_all_bank
1774806670414	40	BOT YudonYuri	START_RESOLVER	harlan_sword	melee_tutor_attack
1774806670414	40	BOT IceBerg	ASSIGNED	lumbridge_net_fishing
1774806670441	40	PLAYER HeadHunter	TASK_COMPLETED	on_the_run_task
1774806670442	40	PLAYER GuppyGary	TASK_COMPLETED	on_the_run_task
1774806670442	40	PLAYER YutytyrannY	TASK_COMPLETED	on_the_run_task
1774806670446	40	PLAYER LaunchDay	CONNECTED	TILE 3213,3429,0
1774806671010	41	PLAYER SkidMark	TASK_COMPLETED	hang_on_to_something_task
1774806671012	41	BOT AlosaurAce	START_ACTIVITY	withdraw_from_bank
1774806671012	41	BOT DeepDan	COMPLETED	deposit_all_bank
1774806671012	41	BOT LazyLuke	START_ACTIVITY	go_to_lumbridge_swamp_fishing_area
1774806671012	41	BOT ThreatPeace	START_RESOLVER	go_to_area	lumbridge_copper_mining
1774806671013	41	BOT YudonYuri	START_RESOLVER	go_to_area	harlan_sword
1774806671013	41	BOT IceBerg	START_RESOLVER	deposit_all_bank	lumbridge_net_fishing
1774806671013	41	BOT LaunchDay	ASSIGNED	magic_tutor
1774806671046	41	PLAYER Bob	TASK_COMPLETED	on_the_run_task
1774806671050	41	PLAYER DownUp99	CONNECTED	TILE 3221,3219,0
1774806671611	42	PLAYER HeadHunter	TASK_COMPLETED	hang_on_to_something_task
1774806671616	42	BOT DeepDan	START_RESOLVER	withdraw_from_bank	lumbridge_east_tree_cutting
1774806671616	42	BOT AprilFool	COMPLETED	go_to_bank
1774806671616	42	BOT ThreatPeace	START_ACTIVITY	go_to_area
1774806671616	42	BOT FakeTruth	COMPLETED	withdraw_from_bank
1774806671618	42	BOT FuturePast	COMPLETED	deposit_all_bank
1774806671621	42	BOT Farmer Plow	START_ACTIVITY	go_to_bank
1774806671621	42	BOT YudonYuri	START_ACTIVITY	go_to_area
1774806671621	42	BOT IceBerg	START_ACTIVITY	deposit_all_bank
1774806671621	42	BOT DownUp99	ASSIGNED	varrock_copper_mining
1774806671651	42	PLAYER Farmer Plow	TASK_COMPLETED	on_the_run_task
1774806671654	42	PLAYER SparrowS	CONNECTED	TILE 3093,3241,0
1774806672212	43	BOT DeepDan	START_ACTIVITY	withdraw_from_bank
1774806672213	43	PLAYER PrairieP	TASK_COMPLETED	hang_on_to_something_task
1774806672213	43	PLAYER Bob	TASK_COMPLETED	hang_on_to_something_task
1774806672217	43	BOT FakeTruth	START_RESOLVER	go_to_area	varrock_clay_mining
1774806672218	43	BOT FuturePast	START_RESOLVER	withdraw_from_bank	lumbridge_copper_mining
1774806672218	43	BOT RhoRanger	COMPLETED	deposit_all_bank
1774806672218	43	BOT LaunchDay	FAILED	magic_tutor	Requirement(BotInventorySetup(items=[BotItem(ids=[air_rune], min=30, max=null, usable=false, equippable=false), BotItem(ids=[mind_rune], min=30, max=null, usable=false, equippable=false)]))	0	BotInterfaceOption
1774806672218	43	BOT DownUp99	START_RESOLVER	deposit_all_bank	varrock_copper_mining
1774806672218	43	BOT SparrowS	ASSIGNED	lumbridge_net_fishing
1774806672250	43	PLAYER Starmie	TELED	TILE 3205,3209,1
1774806672254	43	PLAYER FireStarter	CONNECTED	TILE 3094,3245,0
1774806672813	44	BOT Tuga	COMPLETED	deposit_all_bank
1774806672813	44	BOT ThreatPeace	START_ACTIVITY	go_to_lumbridge_swamp_east_copper_mine
1774806672814	44	BOT FakeTruth	START_ACTIVITY	go_to_area
1774806672816	44	BOT FuturePast	START_ACTIVITY	withdraw_from_bank
1774806672816	44	BOT RhoRanger	START_RESOLVER	withdraw_from_bank	lumbridge_cow_tree_cutting
1774806672817	44	BOT YudonYuri	START_ACTIVITY	teleport_lumbridge
1774806672817	44	BOT IceBerg	START_ACTIVITY	go_to_bank
1774806672817	44	BOT LaunchDay	ASSIGNED	lumbridge_crayfish
1774806672817	44	BOT DownUp99	START_ACTIVITY	deposit_all_bank
1774806672817	44	BOT SparrowS	START_RESOLVER	deposit_all_bank	lumbridge_net_fishing
1774806672817	44	BOT FireStarter	ASSIGNED	lumbridge_tin_mining
1774806672845	44	PLAYER IceBerg	TASK_COMPLETED	on_the_run_task
1774806672848	44	PLAYER BrokenWheel	CONNECTED	TILE 3212,3429,0
1774806673414	45	BOT Tuga	START_RESOLVER	withdraw_from_bank	lumbridge_net_fishing
1774806673414	45	BOT SundayFun	COMPLETED	deposit_all_bank
1774806673414	45	BOT MegalodonM	COMPLETED	deposit_all_bank
1774806673416	45	BOT CamelCarl	COMPLETED	go_to_lumbridge_combat_tutors
1774806673416	45	BOT SacredProf	COMPLETED	deposit_all_bank
1774806673416	45	BOT Gunslinger	COMPLETED	go_to_bank
1774806673416	45	BOT RhoRanger	START_ACTIVITY	withdraw_from_bank
1774806673416	45	BOT Halp	COMPLETED	deposit_all_bank
1774806673419	45	BOT LaunchDay	START_RESOLVER	take_from_shop	lumbridge_crayfish
1774806673419	45	BOT SparrowS	START_ACTIVITY	deposit_all_bank
1774806673419	45	BOT FireStarter	START_RESOLVER	deposit_all_bank	lumbridge_tin_mining
1774806673419	45	BOT BrokenWheel	ASSIGNED	kill_freds_chickens_strength
1774806673455	45	PLAYER FullStackF	CONNECTED	TILE 3212,3428,0
1774806674014	46	BOT Tuga	START_ACTIVITY	withdraw_from_bank
1774806674014	46	BOT SundayFun	START_RESOLVER	withdraw_from_bank	draynor_north_trees
1774806674015	46	BOT MegalodonM	START_RESOLVER	withdraw_from_bank	draynor_east_trees
1774806674015	46	BOT SkidMark	COMPLETED	deposit_all_bank
1774806674015	46	BOT FakeTruth	START_ACTIVITY	go_to_varrock_south_west_mine
1774806674015	46	BOT SacredProf	START_RESOLVER	go_to_area	kill_freds_chickens_defence
1774806674015	46	BOT Halp	START_RESOLVER	withdraw_from_bank	lumbridge_tin_mining
1774806674015	46	BOT LaunchDay	START_ACTIVITY	take_from_shop
1774806674015	46	BOT DownUp99	START_ACTIVITY	go_to_bank
1774806674015	46	BOT FireStarter	START_ACTIVITY	deposit_all_bank
1774806674015	46	BOT BrokenWheel	START_RESOLVER	equip_items	kill_freds_chickens_strength
1774806674015	46	BOT FullStackF	ASSIGNED	lumbridge_crayfish
1774806674043	46	PLAYER DownUp99	TASK_COMPLETED	on_the_run_task
1774806674047	46	PLAYER BigOof	CONNECTED	TILE 3092,3242,0
1774806674615	47	BOT SundayFun	START_ACTIVITY	withdraw_from_bank
1774806674615	47	BOT MegalodonM	START_ACTIVITY	withdraw_from_bank
1774806674615	47	BOT CamelCarl	COMPLETED	go_to_area
1774806674615	47	BOT SkidMark	START_RESOLVER	withdraw_from_bank	varrock_tin_mining
1774806674615	47	BOT SacredProf	START_ACTIVITY	go_to_area
1774806674615	47	BOT HeadHunter	COMPLETED	deposit_all_bank
1774806674615	47	BOT Halp	START_ACTIVITY	withdraw_from_bank
1774806674616	47	BOT BrokenWheel	START_ACTIVITY	equip_items
1774806674616	47	BOT FullStackF	START_RESOLVER	take_from_shop	lumbridge_crayfish
1774806674616	47	BOT BigOof	ASSIGNED	lumbridge_crayfish
1774806674646	47	PLAYER Starmie	TELED	TILE 3205,3209,2
1774806674646	47	PLAYER SparrowS	TASK_COMPLETED	on_the_run_task
1774806674650	47	PLAYER Waves	CONNECTED	TILE 3213,3429,0
1774806675216	48	PLAYER Ember	TASK_COMPLETED	hang_on_to_something_task
1774806675216	48	PLAYER AprilFool	TASK_COMPLETED	hang_on_to_something_task
1774806675216	48	PLAYER SpeedHack99	TASK_COMPLETED	hang_on_to_something_task
1774806675216	48	BOT PrairieP	COMPLETED	deposit_all_bank
1774806675216	48	BOT CamelCarl	START_ACTIVITY	nemarti_bow
1774806675216	48	BOT SkidMark	START_ACTIVITY	withdraw_from_bank
1774806675217	48	BOT ProPunch	COMPLETED	go_to_bank
1774806675217	48	BOT HeadHunter	START_RESOLVER	go_to_area	kill_freds_chickens_attack
1774806675217	48	BOT Bob	COMPLETED	deposit_all_bank
1774806675217	48	BOT LaunchDay	START_ACTIVITY	teleport_lumbridge
1774806675217	48	PLAYER BrokenWheel	TASK_COMPLETED	armed_and_dangerous_task
1774806675217	48	BOT FullStackF	START_ACTIVITY	take_from_shop
1774806675218	48	BOT BigOof	START_RESOLVER	take_from_shop	lumbridge_crayfish
1774806675218	48	BOT Waves	ASSIGNED	lumbridge_tin_mining
1774806675270	48	PLAYER FireStarter	TASK_COMPLETED	on_the_run_task
1774806675273	48	PLAYER Dwarf Mine	CONNECTED	TILE 3213,3428,0
1774806675816	49	BOT PrairieP	START_RESOLVER	go_to_area	kill_freds_chickens_attack
1774806675818	49	PLAYER SparrowS	TASK_COMPLETED	hang_on_to_something_task
1774806675820	49	BOT SacredProf	START_ACTIVITY	go_to_lumbridge_chicken_pen
1774806675820	49	BOT HeadHunter	START_ACTIVITY	go_to_area
1774806675820	49	BOT Bob	START_RESOLVER	withdraw_from_bank	varrock_copper_mining
1774806675821	49	BOT BigOof	START_ACTIVITY	take_from_shop
1774806675821	49	BOT Waves	START_RESOLVER	deposit_all_bank	lumbridge_tin_mining
1774806675821	49	BOT Dwarf Mine	ASSIGNED	varrock_east_tin_mining
1774806675868	49	PLAYER UnknownX	CONNECTED	TILE 3221,3220,0
1774806676418	50	PLAYER FireStarter	TASK_COMPLETED	hang_on_to_something_task
1774806676418	50	BOT PrairieP	START_ACTIVITY	go_to_area
1774806676424	50	BOT Bob	START_ACTIVITY	withdraw_from_bank
1774806676424	50	BOT FullStackF	START_ACTIVITY	teleport_lumbridge
1774806676424	50	BOT Waves	START_ACTIVITY	deposit_all_bank
1774806676424	50	BOT Dwarf Mine	START_RESOLVER	deposit_all_bank	varrock_east_tin_mining
1774806676425	50	BOT UnknownX	ASSIGNED	magic_tutor
1774806676456	50	PLAYER Astra	CONNECTED	TILE 3212,3429,0
1774806677019	51	BOT HeadHunter	START_ACTIVITY	go_to_lumbridge_chicken_pen
1774806677022	51	BOT BrokenWheel	COMPLETED	equip_items
1774806677022	51	BOT BigOof	START_ACTIVITY	go_to_hanks_fishing_shop
1774806677022	51	BOT Dwarf Mine	START_ACTIVITY	deposit_all_bank
1774806677022	51	BOT Astra	ASSIGNED	magic_tutor
1774806677051	51	PLAYER BigOof	TASK_COMPLETED	on_the_run_task
1774806677053	51	PLAYER SilentScrem	CONNECTED	TILE 3221,3218,0
1774806677619	52	BOT AlosaurAce	COMPLETED	withdraw_from_bank
1774806677619	52	BOT PrairieP	START_ACTIVITY	go_to_lumbridge_chicken_pen
1774806677620	52	BOT Ember	COMPLETED	deposit_all_bank
1774806677621	52	PLAYER Gunslinger	TASK_COMPLETED	hang_on_to_something_task
1774806677623	52	BOT BrokenWheel	START_RESOLVER	deposit_all_bank	kill_freds_chickens_strength
1774806677623	52	BOT Waves	START_ACTIVITY	go_to_bank
1774806677623	52	BOT UnknownX	FAILED	magic_tutor	Requirement(BotInventorySetup(items=[BotItem(ids=[air_rune], min=30, max=null, usable=false, equippable=false), BotItem(ids=[mind_rune], min=30, max=null, usable=false, equippable=false)]))	0	BotInterfaceOption
1774806677623	52	BOT SilentScrem	ASSIGNED	magic_tutor
1774806677650	52	PLAYER Waves	TASK_COMPLETED	on_the_run_task
1774806677653	52	PLAYER StyracoS	CONNECTED	TILE 3222,3218,0
1774806678221	53	BOT AlosaurAce	START_RESOLVER	go_to_area	lumbridge_copper_mining
1774806678226	53	BOT AprilFool	COMPLETED	deposit_all_bank
1774806678226	53	BOT Starmie	COMPLETED	go_to_bank
1774806678227	53	BOT Ember	START_RESOLVER	withdraw_from_bank	varrock_clay_mining
1774806678227	53	BOT SpeedHack99	COMPLETED	deposit_all_bank
1774806678227	53	BOT Ice	COMPLETED	go_to_bank
1774806678227	53	BOT BrokenWheel	START_ACTIVITY	deposit_all_bank
1774806678227	53	BOT Dwarf Mine	START_ACTIVITY	go_to_bank
1774806678227	53	BOT UnknownX	ASSIGNED	varrock_east_tin_mining
1774806678227	53	BOT Astra	FAILED	magic_tutor	Requirement(BotInventorySetup(items=[BotItem(ids=[air_rune], min=30, max=null, usable=false, equippable=false), BotItem(ids=[mind_rune], min=30, max=null, usable=false, equippable=false)]))	0	BotInterfaceOption
1774806678227	53	BOT StyracoS	ASSIGNED	magic_tutor
1774806678261	53	PLAYER Dwarf Mine	TASK_COMPLETED	on_the_run_task
1774806678822	54	BOT AlosaurAce	START_ACTIVITY	go_to_area
1774806678822	54	BOT DeepDan	COMPLETED	withdraw_from_bank
1774806678822	54	BOT AprilFool	START_RESOLVER	withdraw_from_bank	varrock_tin_mining
1774806678822	54	BOT Ember	START_ACTIVITY	withdraw_from_bank
1774806678822	54	BOT SpeedHack99	START_RESOLVER	withdraw_from_bank	varrock_copper_mining
1774806678823	54	BOT SparrowS	COMPLETED	deposit_all_bank
1774806678824	54	BOT UnknownX	START_RESOLVER	deposit_all_bank	varrock_east_tin_mining
1774806678824	54	BOT Astra	ASSIGNED	varrock_east_tin_mining
1774806678824	54	BOT SilentScrem	FAILED	magic_tutor	Requirement(BotInventorySetup(items=[BotItem(ids=[air_rune], min=30, max=null, usable=false, equippable=false), BotItem(ids=[mind_rune], min=30, max=null, usable=false, equippable=false)]))	0	BotInterfaceOption
1774806679422	55	BOT DeepDan	START_RESOLVER	go_to_area	lumbridge_east_tree_cutting
1774806679422	55	BOT AprilFool	START_ACTIVITY	withdraw_from_bank
1774806679423	55	PLAYER ProPunch	TASK_COMPLETED	hang_on_to_something_task
1774806679423	55	BOT SpeedHack99	START_ACTIVITY	withdraw_from_bank
1774806679423	55	BOT FuturePast	COMPLETED	withdraw_from_bank
1774806679423	55	BOT GuppyGary	COMPLETED	go_to_bank
1774806679423	55	BOT SparrowS	START_RESOLVER	withdraw_from_bank	lumbridge_net_fishing
1774806679423	55	BOT FireStarter	COMPLETED	deposit_all_bank
1774806679423	55	BOT BrokenWheel	START_ACTIVITY	go_to_bank
1774806679423	55	BOT UnknownX	START_ACTIVITY	deposit_all_bank
1774806679423	55	BOT Astra	START_RESOLVER	deposit_all_bank	varrock_east_tin_mining
1774806679424	55	PLAYER SilentScrem	TASK_COMPLETED	hang_on_to_something_task
1774806679424	55	BOT SilentScrem	ASSIGNED	bury_bones_in_bank
1774806679424	55	BOT StyracoS	FAILED	magic_tutor	Requirement(BotInventorySetup(items=[BotItem(ids=[air_rune], min=30, max=null, usable=false, equippable=false), BotItem(ids=[mind_rune], min=30, max=null, usable=false, equippable=false)]))	0	BotInterfaceOption
1774806679452	55	PLAYER BrokenWheel	TASK_COMPLETED	on_the_run_task
1774806680023	56	BOT AlosaurAce	START_ACTIVITY	teleport_lumbridge
1774806680023	56	BOT DeepDan	START_ACTIVITY	go_to_area
1774806680025	56	BOT FuturePast	START_RESOLVER	go_to_area	lumbridge_copper_mining
1774806680025	56	BOT RhoRanger	COMPLETED	withdraw_from_bank
1774806680025	56	BOT SparrowS	START_ACTIVITY	withdraw_from_bank
1774806680025	56	BOT FireStarter	START_RESOLVER	withdraw_from_bank	lumbridge_tin_mining
1774806680026	56	BOT Astra	START_ACTIVITY	deposit_all_bank
1774806680026	56	BOT SilentScrem	START_RESOLVER	withdraw_from_bank	bury_bones_in_bank
1774806680026	56	PLAYER StyracoS	TASK_COMPLETED	hang_on_to_something_task
1774806680026	56	BOT StyracoS	ASSIGNED	bury_bones_in_bank
1774806680054	56	PLAYER Farmer Plow	TELED	TILE 3205,3209,1
1774806680624	57	BOT Tuga	COMPLETED	withdraw_from_bank
1774806680625	57	BOT Gunslinger	COMPLETED	deposit_all_bank
1774806680626	57	BOT FuturePast	START_ACTIVITY	go_to_area
1774806680626	57	BOT RhoRanger	START_RESOLVER	go_to_area	lumbridge_cow_tree_cutting
1774806680626	57	BOT FireStarter	START_ACTIVITY	withdraw_from_bank
1774806680626	57	BOT UnknownX	START_ACTIVITY	go_to_bank
1774806680627	57	BOT SilentScrem	START_ACTIVITY	withdraw_from_bank
1774806680627	57	BOT StyracoS	START_RESOLVER	withdraw_from_bank	bury_bones_in_bank
1774806680663	57	PLAYER IceBerg	TELED	TILE 3205,3209,1
1774806680664	57	PLAYER UnknownX	TASK_COMPLETED	on_the_run_task
1774806681225	58	BOT Tuga	START_RESOLVER	go_to_area	lumbridge_net_fishing
1774806681225	58	BOT SundayFun	COMPLETED	withdraw_from_bank
1774806681225	58	BOT MegalodonM	COMPLETED	withdraw_from_bank
1774806681225	58	BOT DeepDan	START_ACTIVITY	teleport_lumbridge
1774806681226	58	BOT Gunslinger	START_RESOLVER	withdraw_from_bank	varrock_east_tin_mining
1774806681226	58	BOT RhoRanger	START_ACTIVITY	go_to_area
1774806681226	58	BOT Halp	COMPLETED	withdraw_from_bank
1774806681226	58	BOT Astra	START_ACTIVITY	go_to_bank
1774806681226	58	BOT StyracoS	START_ACTIVITY	withdraw_from_bank
1774806681251	58	PLAYER Astra	TASK_COMPLETED	on_the_run_task
1774806681826	59	BOT Tuga	START_ACTIVITY	go_to_area
1774806681826	59	BOT SundayFun	START_RESOLVER	go_to_area	draynor_north_trees
1774806681826	59	BOT MegalodonM	START_RESOLVER	go_to_area	draynor_east_trees
1774806681827	59	BOT SkidMark	COMPLETED	withdraw_from_bank
1774806681827	59	BOT Gunslinger	START_ACTIVITY	withdraw_from_bank
1774806681827	59	BOT FuturePast	START_ACTIVITY	go_to_lumbridge_swamp_east_copper_mine
1774806681827	59	BOT Halp	START_RESOLVER	go_to_area	lumbridge_tin_mining
1774806681827	59	BOT SilentScrem	START_ACTIVITY	go_to_bank
1774806681857	59	PLAYER SilentScrem	TASK_COMPLETED	on_the_run_task
1774806682426	60	BOT SundayFun	START_ACTIVITY	go_to_area
1774806682427	60	BOT MegalodonM	START_ACTIVITY	go_to_area
1774806682427	60	BOT SkidMark	START_RESOLVER	go_to_area	varrock_tin_mining
1774806682427	60	BOT ProPunch	COMPLETED	deposit_all_bank
1774806682427	60	BOT RhoRanger	START_ACTIVITY	go_to_lumbridge_cow_trees
1774806682427	60	BOT Halp	START_ACTIVITY	go_to_area
1774806682427	60	BOT StyracoS	START_ACTIVITY	go_to_bank
1774806682453	60	PLAYER Farmer Plow	TELED	TILE 3205,3209,2
1774806682454	60	PLAYER StyracoS	TASK_COMPLETED	on_the_run_task
1774806683027	61	BOT Tuga	START_ACTIVITY	go_to_lumbridge_swamp_fishing_area
1774806683028	61	BOT SkidMark	START_ACTIVITY	go_to_area
1774806683028	61	PLAYER Starmie	TASK_COMPLETED	hang_on_to_something_task
1774806683029	61	PLAYER Ice	TASK_COMPLETED	hang_on_to_something_task
1774806683031	61	BOT ProPunch	START_RESOLVER	withdraw_from_bank	varrock_copper_mining
1774806683032	61	BOT Bob	COMPLETED	withdraw_from_bank
1774806683061	61	PLAYER IceBerg	TELED	TILE 3205,3209,2
1774806683629	62	BOT SundayFun	START_ACTIVITY	go_to_draynor_north_trees
1774806683629	62	BOT MegalodonM	START_ACTIVITY	go_to_draynor_oak_trees
1774806683629	62	PLAYER GuppyGary	TASK_COMPLETED	hang_on_to_something_task
1774806683630	62	BOT ProPunch	START_ACTIVITY	withdraw_from_bank
1774806683630	62	BOT Halp	START_ACTIVITY	go_to_lumbridge_swamp_east_tin_mine
1774806683632	62	BOT Bob	START_RESOLVER	go_to_area	varrock_copper_mining
1774806684229	63	BOT SkidMark	START_ACTIVITY	go_to_varrock_south_east_mine
1774806684230	63	BOT Bob	START_ACTIVITY	go_to_area
1774806684256	63	PLAYER Hanbo Short	TELED	TILE 3205,3209,1
1774806684832	64	BOT CamelCarl	COMPLETED	nemarti_bow
1774806684832	64	BOT Starmie	COMPLETED	deposit_all_bank
1774806685432	65	BOT CamelCarl	START_RESOLVER	equip_items	ranged_tutor
1774806685432	65	BOT Starmie	START_RESOLVER	go_to_area	kill_freds_chickens_strength
1774806685432	65	BOT Ember	COMPLETED	withdraw_from_bank
1774806685432	65	BOT Ice	COMPLETED	deposit_all_bank
1774806685432	65	BOT Bob	START_ACTIVITY	go_to_varrock_south_east_mine
1774806685495	65	PLAYER zedders	CONNECTED	TILE 3221,3219,0
1774806686032	66	BOT CamelCarl	START_ACTIVITY	equip_items
1774806686032	66	BOT AprilFool	COMPLETED	withdraw_from_bank
1774806686032	66	BOT Starmie	START_ACTIVITY	go_to_area
1774806686032	66	BOT Ember	START_RESOLVER	go_to_area	varrock_clay_mining
1774806686032	66	BOT SpeedHack99	COMPLETED	withdraw_from_bank
1774806686033	66	BOT Ice	START_RESOLVER	withdraw_from_bank	lumbridge_west_tree_cutting
1774806686033	66	BOT Farmer Plow	COMPLETED	go_to_bank
1774806686634	67	PLAYER CamelCarl	TASK_COMPLETED	reach_out_and_touch_someone_task
1774806686634	67	PLAYER CamelCarl	TASK_COMPLETED	take_a_bow_task
1774806686635	67	BOT AprilFool	START_RESOLVER	go_to_area	varrock_tin_mining
1774806686635	67	BOT Ember	START_ACTIVITY	go_to_area
1774806686635	67	BOT SpeedHack99	START_RESOLVER	go_to_area	varrock_copper_mining
1774806686635	67	BOT GuppyGary	COMPLETED	deposit_all_bank
1774806686635	67	BOT Ice	START_ACTIVITY	withdraw_from_bank
1774806686635	67	BOT IceBerg	COMPLETED	go_to_bank
1774806686635	67	BOT SparrowS	COMPLETED	withdraw_from_bank
1774806686635	67	BOT Waves	COMPLETED	go_to_bank
1774806686663	67	PLAYER Hanbo Short	TELED	TILE 3205,3209,2
1774806687234	68	BOT AprilFool	START_ACTIVITY	go_to_area
1774806687234	68	BOT Starmie	START_ACTIVITY	go_to_lumbridge_chicken_pen
1774806687234	68	BOT SpeedHack99	START_ACTIVITY	go_to_area
1774806687234	68	BOT GuppyGary	START_RESOLVER	withdraw_from_bank	lumbridge_copper_mining
1774806687234	68	BOT SparrowS	START_RESOLVER	go_to_area	lumbridge_net_fishing
1774806687234	68	BOT FireStarter	COMPLETED	withdraw_from_bank
1774806687836	69	BOT Ember	START_ACTIVITY	go_to_varrock_south_west_mine
1774806687837	69	BOT GuppyGary	START_ACTIVITY	withdraw_from_bank
1774806687837	69	BOT SparrowS	START_ACTIVITY	go_to_area
1774806687837	69	BOT FireStarter	START_RESOLVER	go_to_area	lumbridge_tin_mining
1774806687837	69	BOT BrokenWheel	COMPLETED	go_to_bank
1774806687837	69	BOT Dwarf Mine	COMPLETED	go_to_bank
1774806687868	69	PLAYER Tuga	TELED	TILE 3205,3209,1
1774806688436	70	BOT CamelCarl	COMPLETED	equip_items
1774806688436	70	BOT AprilFool	START_ACTIVITY	go_to_varrock_south_east_mine
1774806688436	70	BOT SpeedHack99	START_ACTIVITY	go_to_varrock_south_east_mine
1774806688436	70	BOT Gunslinger	COMPLETED	withdraw_from_bank
1774806688436	70	BOT FireStarter	START_ACTIVITY	go_to_area
1774806688460	70	PLAYER SundayFun	TELED	TILE 3205,3209,1
1774806688460	70	PLAYER MegalodonM	TELED	TILE 3205,3209,1
1774806689037	71	BOT CamelCarl	START_ACTIVITY	ranged_tutor
1774806689037	71	BOT Gunslinger	START_RESOLVER	go_to_area	varrock_east_tin_mining
1774806689037	71	BOT SparrowS	START_ACTIVITY	go_to_lumbridge_swamp_fishing_area
1774806689639	72	BOT Gunslinger	START_ACTIVITY	go_to_area
1774806689639	72	BOT FireStarter	START_ACTIVITY	go_to_lumbridge_swamp_east_tin_mine
1774806689639	72	BOT Astra	COMPLETED	go_to_bank
1774806690239	73	BOT Hanbo Short	COMPLETED	go_to_bank
1774806690239	73	BOT ProPunch	COMPLETED	withdraw_from_bank
1774806690240	73	BOT YudonYuri	COMPLETED	teleport_lumbridge
1774806690275	73	PLAYER Tuga	TELED	TILE 3205,3209,0
1774806690840	74	BOT Blueberry	COMPLETED	go_to_lumbridge_combat_tutors
1774806690841	74	BOT Gunslinger	START_ACTIVITY	go_to_varrock_south_west_mine
1774806690841	74	BOT ProPunch	START_RESOLVER	go_to_area	varrock_copper_mining
1774806690841	74	PLAYER Farmer Plow	TASK_COMPLETED	hang_on_to_something_task
1774806690841	74	PLAYER IceBerg	TASK_COMPLETED	hang_on_to_something_task
1774806690843	74	BOT YudonYuri	START_ACTIVITY	go_to_lumbridge_combat_tutors
1774806690867	74	PLAYER SundayFun	TELED	TILE 3205,3209,0
1774806690867	74	PLAYER MegalodonM	TELED	TILE 3205,3209,0
1774806691442	75	BOT ProPunch	START_ACTIVITY	go_to_area
1774806691443	75	PLAYER BrokenWheel	TASK_COMPLETED	hang_on_to_something_task
1774806691443	75	PLAYER Waves	TASK_COMPLETED	hang_on_to_something_task
1774806691471	75	PLAYER AlosaurAce	TELED	TILE 3222,3217,0
1774806691472	75	PLAYER AlosaurAce	TASK_COMPLETED	click_your_heels_three_times_task
1774806692043	76	BOT Blueberry	COMPLETED	go_to_area
1774806692044	76	PLAYER Dwarf Mine	TASK_COMPLETED	hang_on_to_something_task
1774806692044	76	BOT YudonYuri	FAILED	go_to_lumbridge_combat_tutors	Stuck	0	BotWalkTo
1774806692069	76	PLAYER CamelCarl	EXP	Ranged	2.4
1774806692069	76	PLAYER CamelCarl	SET_EXP	Ranged	144
1774806692075	76	PLAYER Starmie	TELED	TILE 3205,3209,1
1774806692645	77	BOT Blueberry	START_ACTIVITY	harlan_sword
1774806692645	77	BOT ProPunch	START_ACTIVITY	go_to_varrock_south_east_mine
1774806692645	77	BOT Farmer Plow	COMPLETED	deposit_all_bank
1774806692645	77	BOT LaunchDay	COMPLETED	teleport_lumbridge
1774806692675	77	PLAYER DeepDan	TELED	TILE 3222,3220,0
1774806692675	77	PLAYER DeepDan	TASK_COMPLETED	click_your_heels_three_times_task
1774806693245	78	BOT Ice	COMPLETED	withdraw_from_bank
1774806693246	78	BOT Farmer Plow	START_RESOLVER	withdraw_from_bank	al_kharid_north_copper_mining
1774806693246	78	BOT YudonYuri	START_ACTIVITY	go_to_lumbridge_combat_tutors
1774806693246	78	BOT IceBerg	COMPLETED	deposit_all_bank
1774806693246	78	BOT LaunchDay	START_ACTIVITY	go_to_hanks_fishing_shop
1774806693246	78	PLAYER Astra	TASK_COMPLETED	hang_on_to_something_task
1774806693271	78	PLAYER AprilFool	TELED	TILE 3205,3209,1
1774806693272	78	PLAYER YudonYuri	TASK_COMPLETED	on_the_run_task
1774806693846	79	BOT Ice	START_RESOLVER	go_to_area	lumbridge_west_tree_cutting
1774806693846	79	BOT Farmer Plow	START_ACTIVITY	withdraw_from_bank
1774806693846	79	BOT IceBerg	START_RESOLVER	withdraw_from_bank	lumbridge_net_fishing
1774806693846	79	BOT FullStackF	COMPLETED	teleport_lumbridge
1774806694447	80	BOT GuppyGary	COMPLETED	withdraw_from_bank
1774806694447	80	BOT Ice	START_ACTIVITY	go_to_area
1774806694447	80	BOT IceBerg	START_ACTIVITY	withdraw_from_bank
1774806694447	80	BOT LaunchDay	FAILED	go_to_hanks_fishing_shop	Stuck	0	BotWalkTo
1774806694447	80	BOT BrokenWheel	COMPLETED	deposit_all_bank
1774806694447	80	BOT FullStackF	START_ACTIVITY	go_to_hanks_fishing_shop
1774806694448	80	BOT Waves	COMPLETED	deposit_all_bank
1774806694448	80	PLAYER Hanbo Short	TASK_COMPLETED	hang_on_to_something_task
1774806694474	80	PLAYER CamelCarl	EXP	Ranged	6.0
1774806694474	80	PLAYER CamelCarl	SET_EXP	Ranged	504
1774806694475	80	PLAYER Starmie	TELED	TILE 3205,3209,0
1774806695048	81	BOT GuppyGary	START_RESOLVER	go_to_area	lumbridge_copper_mining
1774806695049	81	BOT BrokenWheel	START_RESOLVER	go_to_area	kill_freds_chickens_strength
1774806695049	81	BOT Waves	START_RESOLVER	withdraw_from_bank	lumbridge_tin_mining
1774806695049	81	BOT Dwarf Mine	COMPLETED	deposit_all_bank
1774806695649	82	BOT GuppyGary	START_ACTIVITY	go_to_area
1774806695649	82	BOT Ice	START_ACTIVITY	teleport_lumbridge
1774806695649	82	BOT LaunchDay	START_ACTIVITY	go_to_hanks_fishing_shop
1774806695649	82	BOT BrokenWheel	START_ACTIVITY	go_to_area
1774806695649	82	BOT FullStackF	FAILED	go_to_hanks_fishing_shop	Stuck	0	BotWalkTo
1774806695649	82	BOT Waves	START_ACTIVITY	withdraw_from_bank
1774806695649	82	BOT Dwarf Mine	START_RESOLVER	withdraw_from_bank	varrock_east_tin_mining
1774806695672	82	PLAYER AprilFool	TELED	TILE 3205,3209,0
1774806695673	82	PLAYER LaunchDay	TASK_COMPLETED	on_the_run_task
1774806696250	83	BOT Dwarf Mine	START_ACTIVITY	withdraw_from_bank
1774806696250	83	BOT Astra	COMPLETED	deposit_all_bank
1774806696850	84	BOT Hanbo Short	COMPLETED	deposit_all_bank
1774806696853	84	BOT GuppyGary	START_ACTIVITY	teleport_lumbridge
1774806696853	84	BOT BrokenWheel	START_ACTIVITY	go_to_lumbridge_chicken_pen
1774806696853	84	BOT FullStackF	START_ACTIVITY	go_to_hanks_fishing_shop
1774806696853	84	BOT Astra	START_RESOLVER	withdraw_from_bank	varrock_east_tin_mining
1774806696876	84	PLAYER CamelCarl	EXP	Ranged	2.0
1774806696876	84	PLAYER CamelCarl	SET_EXP	Ranged	624
1774806696878	84	PLAYER Lash	TELED	TILE 3205,3209,1
1774806696878	84	PLAYER FullStackF	TASK_COMPLETED	on_the_run_task
1774806697450	85	BOT Hanbo Short	START_RESOLVER	withdraw_from_bank	lumbridge_north_tree_cutting
1774806697450	85	BOT AlosaurAce	COMPLETED	teleport_lumbridge
1774806697451	85	BOT Astra	START_ACTIVITY	withdraw_from_bank
1774806697479	85	PLAYER Cloud	TELED	TILE 3205,3209,1
1774806698051	86	BOT Hanbo Short	START_ACTIVITY	withdraw_from_bank
1774806698051	86	BOT AlosaurAce	START_ACTIVITY	go_to_lumbridge_swamp_east_copper_mine
1774806698653	87	BOT DeepDan	COMPLETED	teleport_lumbridge
1774806699252	88	BOT DeepDan	START_ACTIVITY	go_to_lumbridge_east_trees
1774806699276	88	PLAYER CamelCarl	EXP	Ranged	0.8
1774806699276	88	PLAYER CamelCarl	SET_EXP	Ranged	672
1774806699277	88	PLAYER Lash	TELED	TILE 3205,3209,2
1774806699277	88	PLAYER Skoll	TELED	TILE 3205,3209,1
1774806699880	89	PLAYER Cloud	TELED	TILE 3205,3209,2
1774806700455	90	BOT Farmer Plow	COMPLETED	withdraw_from_bank
1774806701055	91	BOT Farmer Plow	START_RESOLVER	go_to_area	al_kharid_north_copper_mining
1774806701055	91	BOT IceBerg	COMPLETED	withdraw_from_bank
1774806701656	92	BOT Farmer Plow	START_ACTIVITY	go_to_area
1774806701656	92	BOT IceBerg	START_RESOLVER	go_to_area	lumbridge_net_fishing
1774806701680	92	PLAYER CamelCarl	EXP	Ranged	5.6
1774806701680	92	PLAYER CamelCarl	TOTAL_LEVEL_UP	1
1774806701680	92	PLAYER CamelCarl	LEVEL_UP	Ranged	2
1774806701684	92	PLAYER CamelCarl	SET_EXP	Ranged	1008
1774806701686	92	PLAYER Skoll	TELED	TILE 3205,3209,2
1774806702257	93	BOT IceBerg	START_ACTIVITY	go_to_area
1774806702257	93	BOT Waves	COMPLETED	withdraw_from_bank
1774806702857	94	BOT Lash	COMPLETED	go_to_bank
1774806702857	94	BOT Farmer Plow	START_ACTIVITY	go_to_al_kharid_mine_north
1774806702858	94	BOT Waves	START_RESOLVER	go_to_area	lumbridge_tin_mining
1774806702858	94	BOT Dwarf Mine	COMPLETED	withdraw_from_bank
1774806703458	95	BOT Cloud	COMPLETED	go_to_bank
1774806703458	95	BOT IceBerg	START_ACTIVITY	go_to_lumbridge_swamp_fishing_area
1774806703458	95	BOT Waves	START_ACTIVITY	go_to_area
1774806703458	95	BOT Dwarf Mine	START_RESOLVER	go_to_area	varrock_east_tin_mining
1774806704060	96	BOT Dwarf Mine	START_ACTIVITY	go_to_area
1774806704060	96	BOT Astra	COMPLETED	withdraw_from_bank
1774806704084	96	PLAYER CamelCarl	EXP	Ranged	0.4
1774806704084	96	PLAYER CamelCarl	SET_EXP	Ranged	1032
1774806704659	97	BOT Hanbo Short	COMPLETED	withdraw_from_bank
1774806704660	97	BOT Waves	START_ACTIVITY	teleport_lumbridge
1774806704660	97	BOT Astra	START_RESOLVER	go_to_area	varrock_east_tin_mining
1774806705261	98	BOT Hanbo Short	START_RESOLVER	go_to_area	lumbridge_north_tree_cutting
1774806705261	98	BOT Blueberry	COMPLETED	harlan_sword
1774806705261	98	BOT Skoll	COMPLETED	go_to_bank
1774806705261	98	BOT Dwarf Mine	START_ACTIVITY	go_to_varrock_south_west_mine
1774806705261	98	BOT Astra	START_ACTIVITY	go_to_area
1774806705861	99	BOT Hanbo Short	START_ACTIVITY	go_to_area
1774806705862	99	BOT Blueberry	START_RESOLVER	equip_items	melee_tutor_strength
1774806705862	99	BOT YutytyrannY	COMPLETED	go_to_hanks_fishing_shop
1774806706462	100	BOT Blueberry	START_ACTIVITY	equip_items
1774806706463	100	BOT Astra	START_ACTIVITY	go_to_varrock_south_west_mine
1774806706487	100	PLAYER CamelCarl	EXP	Ranged	7.2
1774806706487	100	PLAYER CamelCarl	SET_EXP	Ranged	1464
1774806707063	101	BOT Hanbo Short	START_ACTIVITY	go_to_lumbridge_north_trees
1774806707064	101	PLAYER Blueberry	TASK_COMPLETED	armed_and_dangerous_task
1774806707064	101	BOT Maikeru	COMPLETED	go_to_lumbridge_thieving_area
1774806707064	101	BOT YutytyrannY	START_ACTIVITY	go_to_hanks_fishing_shop
1774806707091	101	PLAYER Ice	TELED	TILE 3222,3220,0
1774806707091	101	PLAYER Ice	TASK_COMPLETED	click_your_heels_three_times_task
1774806707664	102	PLAYER Lash	TASK_COMPLETED	hang_on_to_something_task
1774806707665	102	PLAYER Cloud	TASK_COMPLETED	hang_on_to_something_task
1774806707690	102	PLAYER Farmer Plow	TELED	TILE 3205,3209,1
1774806707690	102	PLAYER DownUp99	TELED	TILE 3205,3209,1
1774806708266	103	BOT Ril	COMPLETED	go_to_lumbridge_thieving_area
1774806708266	103	BOT YutytyrannY	COMPLETED	go_to_hanks_fishing_shop
1774806708293	103	PLAYER GuppyGary	TELED	TILE 3221,3217,0
1774806708293	103	PLAYER GuppyGary	TASK_COMPLETED	click_your_heels_three_times_task
1774806708294	103	PLAYER IceBerg	TELED	TILE 3205,3209,1
1774806708866	104	BOT Blueberry	COMPLETED	equip_items
1774806708866	104	BOT Maikeru	COMPLETED	go_to_area
1774806708890	104	PLAYER CamelCarl	EXP	Ranged	3.6
1774806708890	104	PLAYER CamelCarl	SET_EXP	Ranged	1680
1774806709466	105	BOT Blueberry	START_ACTIVITY	melee_tutor_strength
1774806709467	105	BOT Lash	COMPLETED	deposit_all_bank
1774806709467	105	BOT Maikeru	START_ACTIVITY	lumbridge_pickpocketing
1774806710067	106	BOT Lash	START_RESOLVER	withdraw_from_bank	lumbridge_tin_mining
1774806710067	106	BOT Cloud	COMPLETED	deposit_all_bank
1774806710068	106	PLAYER Skoll	TASK_COMPLETED	hang_on_to_something_task
1774806710069	106	BOT Ril	COMPLETED	go_to_area
1774806710094	106	PLAYER Farmer Plow	TELED	TILE 3205,3209,0
1774806710095	106	PLAYER DownUp99	TELED	TILE 3205,3209,2
1774806710668	107	BOT Lash	START_ACTIVITY	withdraw_from_bank
1774806710668	107	BOT Cloud	START_RESOLVER	withdraw_from_bank	lumbridge_net_fishing
1774806710668	107	BOT Ril	START_ACTIVITY	lumbridge_pickpocketing
1774806710695	107	PLAYER IceBerg	TELED	TILE 3205,3209,0
1774806711270	108	BOT Cloud	START_ACTIVITY	withdraw_from_bank
1774806711294	108	PLAYER CamelCarl	EXP	Ranged	4.4
1774806711294	108	PLAYER CamelCarl	TOTAL_LEVEL_UP	2
1774806711294	108	PLAYER CamelCarl	LEVEL_UP	Ranged	3
1774806711294	108	PLAYER CamelCarl	SET_EXP	Ranged	1944
1774806711296	108	PLAYER Maikeru	EXP	Thieving	8.0
1774806711296	108	PLAYER Maikeru	SET_EXP	Thieving	480
1774806711870	109	BOT Skoll	COMPLETED	deposit_all_bank
1774806711897	109	PLAYER Hanbo Short	TELED	TILE 3205,3209,1
1774806712471	110	BOT Skoll	START_RESOLVER	withdraw_from_bank	varrock_tin_mining
1774806712496	110	PLAYER Blueberry	EXP	Strength	5.2
1774806712496	110	PLAYER Blueberry	SET_EXP	Strength	312
1774806712497	110	PLAYER Blueberry	EXP	Constitution	1.7333333333333334
1774806712497	110	PLAYER Blueberry	SET_EXP	Constitution	11644
1774806713071	111	BOT Skoll	START_ACTIVITY	withdraw_from_bank
1774806713072	111	BOT Ice	COMPLETED	teleport_lumbridge
1774806713073	111	BOT BigOof	COMPLETED	go_to_hanks_fishing_shop
1774806713673	112	BOT DeepDan	COMPLETED	go_to_lumbridge_east_trees
1774806713673	112	BOT Ice	START_ACTIVITY	go_to_lumbridge_west_trees
1774806713673	112	BOT DownUp99	COMPLETED	go_to_bank
1774806713696	112	PLAYER CamelCarl	EXP	Ranged	2.0
1774806713696	112	PLAYER CamelCarl	SET_EXP	Ranged	2064
1774806714274	113	BOT GuppyGary	COMPLETED	teleport_lumbridge
1774806714300	113	PLAYER Hanbo Short	TELED	TILE 3205,3209,0
1774806714875	114	BOT DeepDan	COMPLETED	go_to_area
1774806714876	114	BOT GuppyGary	START_ACTIVITY	go_to_lumbridge_swamp_east_copper_mine
1774806714899	114	PLAYER Blueberry	EXP	Strength	0.8
1774806714899	114	PLAYER Blueberry	SET_EXP	Strength	360
1774806714900	114	PLAYER Blueberry	EXP	Constitution	0.26666666666666666
1774806714900	114	PLAYER Blueberry	SET_EXP	Constitution	11660
1774806715476	115	BOT DeepDan	START_ACTIVITY	lumbridge_east_tree_cutting
1774806715476	115	BOT YutytyrannY	COMPLETED	take_from_shop
1774806715503	115	PLAYER UnknownX	TELED	TILE 3205,3209,1
1774806715503	115	PLAYER SilentScrem	TELED	TILE 3205,3209,1
1774806716077	116	BOT YutytyrannY	START_RESOLVER	deposit_all_bank	lumbridge_crayfish
1774806716101	116	PLAYER CamelCarl	EXP	Ranged	4.8
1774806716101	116	PLAYER CamelCarl	SET_EXP	Ranged	2352
1774806716103	116	PLAYER Waves	TELED	TILE 3221,3218,0
1774806716103	116	PLAYER Waves	TASK_COMPLETED	click_your_heels_three_times_task
1774806716680	117	BOT YutytyrannY	START_ACTIVITY	deposit_all_bank
1774806717279	118	BOT Lash	COMPLETED	withdraw_from_bank
1774806717279	118	PLAYER DownUp99	TASK_COMPLETED	hang_on_to_something_task
1774806717305	118	PLAYER StyracoS	TELED	TILE 3205,3209,1
1774806717880	119	BOT Lash	START_RESOLVER	go_to_area	lumbridge_tin_mining
1774806717880	119	BOT Cloud	COMPLETED	withdraw_from_bank
1774806717880	119	BOT YutytyrannY	START_ACTIVITY	go_to_bank
1774806717906	119	PLAYER UnknownX	TELED	TILE 3205,3209,2
1774806717906	119	PLAYER SilentScrem	TELED	TILE 3205,3209,2
1774806718480	120	BOT Lash	START_ACTIVITY	go_to_area
1774806718481	120	BOT Cloud	START_RESOLVER	go_to_area	lumbridge_net_fishing
1774806718509	120	PLAYER CamelCarl	EXP	Ranged	5.2
1774806718509	120	PLAYER CamelCarl	SET_EXP	Ranged	2664
1774806719081	121	BOT SkidMark	FAILED	go_to_varrock_south_east_mine	Stuck	6	BotWalkTo
1774806719081	121	BOT Cloud	START_ACTIVITY	go_to_area
1774806719682	122	BOT Ember	COMPLETED	go_to_varrock_south_west_mine
1774806719682	122	BOT Lash	START_ACTIVITY	go_to_lumbridge_swamp_east_tin_mine
1774806719682	122	BOT Skoll	COMPLETED	withdraw_from_bank
1774806719705	122	PLAYER Blueberry	EXP	Strength	6.8
1774806719705	122	PLAYER Blueberry	SET_EXP	Strength	768
1774806719706	122	PLAYER Blueberry	EXP	Constitution	2.2666666666666666
1774806719706	122	PLAYER Blueberry	SET_EXP	Constitution	11796
1774806719707	122	PLAYER Ril	EXP	Thieving	8.0
1774806719707	122	PLAYER Ril	SET_EXP	Thieving	480
1774806719708	122	PLAYER StyracoS	TELED	TILE 3205,3209,2
1774806720282	123	BOT SkidMark	START_ACTIVITY	go_to_varrock_south_east_mine
1774806720283	123	BOT Cloud	START_ACTIVITY	go_to_lumbridge_swamp_fishing_area
1774806720283	123	BOT Skoll	START_RESOLVER	go_to_area	varrock_tin_mining
1774806720283	123	BOT DownUp99	COMPLETED	deposit_all_bank
1774806720283	123	BOT BigOof	COMPLETED	take_from_shop
1774806720883	124	BOT Skoll	START_ACTIVITY	go_to_area
1774806720883	124	BOT DownUp99	START_RESOLVER	withdraw_from_bank	varrock_copper_mining
1774806720883	124	BOT BigOof	START_RESOLVER	deposit_all_bank	lumbridge_crayfish
1774806720908	124	PLAYER CamelCarl	EXP	Ranged	6.4
1774806720908	124	PLAYER CamelCarl	TOTAL_LEVEL_UP	3
1774806720908	124	PLAYER CamelCarl	LEVEL_UP	Ranged	4
1774806720908	124	PLAYER CamelCarl	SET_EXP	Ranged	3048
1774806720909	124	PLAYER Maikeru	EXP	Thieving	8.0
1774806720909	124	PLAYER Maikeru	TOTAL_LEVEL_UP	1
1774806720909	124	PLAYER Maikeru	LEVEL_UP	Thieving	2
1774806720910	124	PLAYER Maikeru	SET_EXP	Thieving	960
1774806721484	125	BOT Ember	COMPLETED	go_to_area
1774806721484	125	BOT DownUp99	START_ACTIVITY	withdraw_from_bank
1774806721484	125	BOT BigOof	START_ACTIVITY	deposit_all_bank
1774806721484	125	BOT UnknownX	COMPLETED	go_to_bank
1774806721484	125	BOT SilentScrem	COMPLETED	go_to_bank
1774806722084	126	BOT SkidMark	FAILED	go_to_varrock_south_east_mine	Stuck	0	BotWalkTo
1774806722084	126	BOT Ember	START_ACTIVITY	varrock_clay_mining
1774806722084	126	BOT Skoll	START_ACTIVITY	go_to_varrock_south_east_mine
1774806722085	126	BOT Waves	COMPLETED	teleport_lumbridge
1774806722108	126	PLAYER Ril	EXP	Thieving	8.0
1774806722108	126	PLAYER Ril	TOTAL_LEVEL_UP	1
1774806722108	126	PLAYER Ril	LEVEL_UP	Thieving	2
1774806722108	126	PLAYER Ril	SET_EXP	Thieving	960
1774806722685	127	BOT Tuga	COMPLETED	go_to_lumbridge_swamp_fishing_area
1774806722685	127	BOT BigOof	START_ACTIVITY	go_to_bank
1774806722685	127	BOT Waves	START_ACTIVITY	go_to_lumbridge_swamp_east_tin_mine
1774806723286	128	BOT SkidMark	START_ACTIVITY	go_to_varrock_south_east_mine
1774806723286	128	BOT Gunslinger	COMPLETED	go_to_varrock_south_west_mine
1774806723286	128	BOT StyracoS	COMPLETED	go_to_bank
1774806723309	128	PLAYER CamelCarl	EXP	Ranged	0.8
1774806723309	128	PLAYER CamelCarl	SET_EXP	Ranged	3096
1774806723311	128	PLAYER Maikeru	EXP	Thieving	8.0
1774806723311	128	PLAYER Maikeru	SET_EXP	Thieving	1440
1774806723887	129	BOT AlosaurAce	COMPLETED	go_to_lumbridge_swamp_east_copper_mine
1774806724488	130	BOT Tuga	COMPLETED	go_to_area
1774806724512	130	PLAYER Lash	TELED	TILE 3205,3209,1
1774806724512	130	PLAYER Ril	EXP	Thieving	8.0
1774806724512	130	PLAYER Ril	SET_EXP	Thieving	1440
1774806725088	131	BOT Tuga	START_ACTIVITY	lumbridge_net_fishing
1774806725088	131	BOT SkidMark	FAILED	go_to_varrock_south_east_mine	Stuck	0	BotWalkTo
1774806725088	131	BOT SpeedHack99	FAILED	go_to_varrock_south_east_mine	Stuck	6	BotWalkTo
1774806725088	131	BOT Gunslinger	COMPLETED	go_to_area
1774806725114	131	PLAYER Cloud	TELED	TILE 3205,3209,1
1774806725690	132	BOT Gunslinger	START_ACTIVITY	varrock_east_tin_mining
1774806725690	132	PLAYER UnknownX	TASK_COMPLETED	hang_on_to_something_task
1774806725715	132	PLAYER DeepDan	EXP	Woodcutting	25.0
1774806725715	132	PLAYER DeepDan	TOTAL_LEVEL_UP	1
1774806725715	132	PLAYER DeepDan	LEVEL_UP	Woodcutting	2
1774806725715	132	PLAYER DeepDan	SET_EXP	Woodcutting	1500
1774806725716	132	PLAYER DeepDan	TASK_COMPLETED	adventurers_log_task
1774806725719	132	PLAYER CamelCarl	EXP	Ranged	6.8
1774806725719	132	PLAYER CamelCarl	SET_EXP	Ranged	3504
1774806725720	132	PLAYER Maikeru	EXP	Thieving	8.0
1774806725720	132	PLAYER Maikeru	TOTAL_LEVEL_UP	2
1774806725720	132	PLAYER Maikeru	LEVEL_UP	Thieving	3
1774806725720	132	PLAYER Maikeru	SET_EXP	Thieving	1920
1774806726291	133	BOT AlosaurAce	COMPLETED	go_to_area
1774806726291	133	BOT SkidMark	START_ACTIVITY	go_to_varrock_south_east_mine
1774806726291	133	BOT SpeedHack99	START_ACTIVITY	go_to_varrock_south_east_mine
1774806726892	134	BOT AlosaurAce	START_ACTIVITY	lumbridge_copper_mining
1774806726916	134	PLAYER Lash	TELED	TILE 3205,3209,0
1774806726916	134	PLAYER Skoll	TELED	TILE 3205,3209,1
1774806726916	134	PLAYER Ril	EXP	Thieving	8.0
1774806726917	134	PLAYER Ril	TOTAL_LEVEL_UP	2
1774806726917	134	PLAYER Ril	LEVEL_UP	Thieving	3
1774806726917	134	PLAYER Ril	SET_EXP	Thieving	1920
1774806727523	135	PLAYER Cloud	TELED	TILE 3205,3209,0
1774806728094	136	BOT SkidMark	FAILED	go_to_varrock_south_east_mine	Stuck	0	BotWalkTo
1774806728095	136	BOT SpeedHack99	FAILED	go_to_varrock_south_east_mine	Stuck	0	BotWalkTo
1774806728095	136	BOT DownUp99	COMPLETED	withdraw_from_bank
1774806728095	136	BOT UnknownX	COMPLETED	deposit_all_bank
1774806728095	136	BOT SilentScrem	FAILED	withdraw_from_bank	Invalid("Invalid interaction: bank:inventory:bones slot -1 option Withdraw-X 4.")	3	BotInterfaceOption
1774806728119	136	PLAYER CamelCarl	EXP	Ranged	5.6
1774806728119	136	PLAYER CamelCarl	SET_EXP	Ranged	3840
1774806728695	137	BOT DownUp99	START_RESOLVER	go_to_area	varrock_copper_mining
1774806728695	137	BOT UnknownX	START_RESOLVER	withdraw_from_bank	varrock_east_tin_mining
1774806728696	137	BOT SilentScrem	ASSIGNED	bury_bones_in_bank
1774806728721	137	PLAYER Ember	EXP	Mining	5.0
1774806728721	137	PLAYER Ember	SET_EXP	Mining	300
1774806729295	138	BOT SkidMark	START_ACTIVITY	go_to_varrock_south_east_mine
1774806729295	138	BOT SpeedHack99	START_ACTIVITY	go_to_varrock_south_east_mine
1774806729296	138	BOT ProPunch	FAILED	go_to_varrock_south_east_mine	Stuck	6	BotWalkTo
1774806729296	138	BOT DownUp99	START_ACTIVITY	go_to_area
1774806729296	138	BOT UnknownX	START_ACTIVITY	withdraw_from_bank
1774806729296	138	BOT SilentScrem	START_RESOLVER	withdraw_from_bank	bury_bones_in_bank
1774806729319	138	PLAYER Blueberry	EXP	Strength	2.8
1774806729319	138	PLAYER Blueberry	TOTAL_LEVEL_UP	1
1774806729319	138	PLAYER Blueberry	LEVEL_UP	Strength	2
1774806729319	138	PLAYER Blueberry	SET_EXP	Strength	936
1774806729320	138	PLAYER Blueberry	EXP	Constitution	0.9333333333333333
1774806729320	138	PLAYER Blueberry	SET_EXP	Constitution	11852
1774806729321	138	PLAYER Skoll	TELED	TILE 3205,3209,0
1774806729321	138	PLAYER Ril	EXP	Thieving	8.0
1774806729321	138	PLAYER Ril	SET_EXP	Thieving	2400
1774806729896	139	BOT SilentScrem	START_ACTIVITY	withdraw_from_bank
1774806730497	140	BOT ProPunch	START_ACTIVITY	go_to_varrock_south_east_mine
1774806730497	140	BOT DownUp99	START_ACTIVITY	go_to_varrock_south_east_mine
1774806730521	140	PLAYER CamelCarl	EXP	Ranged	7.2
1774806730521	140	PLAYER CamelCarl	TOTAL_LEVEL_UP	4
1774806730521	140	PLAYER CamelCarl	LEVEL_UP	Ranged	5
1774806730521	140	PLAYER CamelCarl	SET_EXP	Ranged	4272
1774806731098	141	BOT SkidMark	FAILED	go_to_varrock_south_east_mine	Stuck	0	BotWalkTo
1774806731098	141	BOT SpeedHack99	FAILED	go_to_varrock_south_east_mine	Stuck	0	BotWalkTo
1774806731124	141	PLAYER DeepDan	EXP	Woodcutting	25.0
1774806731124	141	PLAYER DeepDan	TOTAL_LEVEL_UP	3
1774806731124	141	PLAYER DeepDan	LEVEL_UP	Woodcutting	4
1774806731124	141	PLAYER DeepDan	SET_EXP	Woodcutting	3000
1774806731723	142	PLAYER Blueberry	EXP	Strength	6.8
1774806731723	142	PLAYER Blueberry	SET_EXP	Strength	1344
1774806731723	142	PLAYER Blueberry	EXP	Constitution	2.2666666666666666
1774806731723	142	PLAYER Blueberry	SET_EXP	Constitution	11988
1774806731725	142	PLAYER Ril	EXP	Thieving	8.0
1774806731725	142	PLAYER Ril	TOTAL_LEVEL_UP	3
1774806731725	142	PLAYER Ril	LEVEL_UP	Thieving	4
1774806731726	142	PLAYER Ril	SET_EXP	Thieving	2880
1774806732300	143	BOT SkidMark	START_ACTIVITY	go_to_varrock_south_east_mine
1774806732300	143	BOT SpeedHack99	START_ACTIVITY	go_to_varrock_south_east_mine
1774806732300	143	BOT ProPunch	FAILED	go_to_varrock_south_east_mine	Stuck	0	BotWalkTo
1774806732327	143	PLAYER Tuga	EXP	Fishing	10.0
1774806732327	143	PLAYER Tuga	SET_EXP	Fishing	600
1774806732328	143	PLAYER Tuga	TASK_COMPLETED	shrimpin_aint_easy_task
1774806732901	144	BOT StyracoS	COMPLETED	withdraw_from_bank
1774806732924	144	PLAYER CamelCarl	EXP	Ranged	7.2
1774806732925	144	PLAYER CamelCarl	SET_EXP	Ranged	4704
1774806733501	145	BOT PrairieP	COMPLETED	go_to_lumbridge_chicken_pen
1774806733501	145	BOT ProPunch	START_ACTIVITY	go_to_varrock_south_east_mine
1774806733502	145	BOT StyracoS	START_ACTIVITY	bury_bones_in_bank
1774806734102	146	BOT SkidMark	FAILED	go_to_varrock_south_east_mine	Stuck	0	BotWalkTo
1774806734102	146	BOT SpeedHack99	FAILED	go_to_varrock_south_east_mine	Stuck	0	BotWalkTo
1774806734104	146	PLAYER StyracoS	EXP	Prayer	4.5
1774806734104	146	PLAYER StyracoS	SET_EXP	Prayer	270
1774806734105	146	PLAYER StyracoS	TASK_COMPLETED	i_wonder_if_itll_sprout_task
1774806734130	146	PLAYER Blueberry	EXP	Strength	6.4
1774806734130	146	PLAYER Blueberry	SET_EXP	Strength	1728
1774806734130	146	PLAYER Blueberry	EXP	Constitution	2.1333333333333333
1774806734130	146	PLAYER Blueberry	SET_EXP	Constitution	12116
1774806734132	146	PLAYER Ril	EXP	Thieving	8.0
1774806734132	146	PLAYER Ril	SET_EXP	Thieving	3360
1774806734703	147	BOT PrairieP	COMPLETED	go_to_area
1774806735303	148	BOT Hanbo Short	COMPLETED	go_to_lumbridge_north_trees
1774806735303	148	BOT PrairieP	START_ACTIVITY	kill_freds_chickens_attack
1774806735303	148	BOT SkidMark	START_ACTIVITY	go_to_varrock_south_east_mine
1774806735303	148	BOT SpeedHack99	START_ACTIVITY	go_to_varrock_south_east_mine
1774806735303	148	BOT ProPunch	FAILED	go_to_varrock_south_east_mine	Stuck	0	BotWalkTo
1774806735327	148	PLAYER DownUp99	TELED	TILE 3205,3209,1
1774806735328	148	PLAYER CamelCarl	EXP	Ranged	8.0
1774806735328	148	PLAYER CamelCarl	TOTAL_LEVEL_UP	5
1774806735328	148	PLAYER CamelCarl	LEVEL_UP	Ranged	6
1774806735328	148	PLAYER CamelCarl	SET_EXP	Ranged	5184
1774806735904	149	BOT LazyLuke	COMPLETED	go_to_lumbridge_swamp_fishing_area
1774806735904	149	BOT ThreatPeace	COMPLETED	go_to_lumbridge_swamp_east_copper_mine
1774806735905	149	BOT Ice	COMPLETED	go_to_lumbridge_west_trees
1774806735905	149	BOT UnknownX	COMPLETED	withdraw_from_bank
1774806736504	150	BOT Hanbo Short	COMPLETED	go_to_area
1774806736505	150	BOT Zapdos	COMPLETED	go_to_lumbridge_chicken_pen
1774806736505	150	BOT ProPunch	START_ACTIVITY	go_to_varrock_south_east_mine
1774806736505	150	BOT UnknownX	START_RESOLVER	go_to_area	varrock_east_tin_mining
1774806736505	150	BOT SilentScrem	COMPLETED	withdraw_from_bank
1774806736505	150	PLAYER StyracoS	EXP	Prayer	4.5
1774806736505	150	PLAYER StyracoS	SET_EXP	Prayer	540
1774806736529	150	PLAYER Maikeru	EXP	Thieving	8.0
1774806736529	150	PLAYER Maikeru	SET_EXP	Thieving	2400
1774806736530	150	PLAYER Blueberry	EXP	Strength	3.6
1774806736531	150	PLAYER Blueberry	TOTAL_LEVEL_UP	2
1774806736531	150	PLAYER Blueberry	LEVEL_UP	Strength	3
1774806736531	150	PLAYER Blueberry	SET_EXP	Strength	1944
1774806736531	150	PLAYER Blueberry	EXP	Constitution	1.2
1774806736531	150	PLAYER Blueberry	SET_EXP	Constitution	12188
1774806736533	150	PLAYER Ril	EXP	Thieving	8.0
1774806736533	150	PLAYER Ril	SET_EXP	Thieving	3840
1774806737105	151	BOT Hanbo Short	START_ACTIVITY	lumbridge_north_tree_cutting
1774806737106	151	BOT SkidMark	FAILED	go_to_varrock_south_east_mine	Stuck	0	BotWalkTo
1774806737106	151	BOT SpeedHack99	FAILED	go_to_varrock_south_east_mine	Stuck	0	BotWalkTo
1774806737106	151	BOT Ice	COMPLETED	go_to_area
1774806737106	151	BOT UnknownX	START_ACTIVITY	go_to_area
1774806737707	152	BOT LazyLuke	COMPLETED	go_to_area
1774806737707	152	BOT ThreatPeace	COMPLETED	go_to_area
1774806737707	152	BOT Zapdos	COMPLETED	go_to_area
1774806737707	152	BOT Starmie	COMPLETED	go_to_lumbridge_chicken_pen
1774806737707	152	BOT Ice	START_ACTIVITY	lumbridge_west_tree_cutting
1774806737707	152	BOT Astra	COMPLETED	go_to_varrock_south_west_mine
1774806737707	152	BOT SilentScrem	FAILED	bury_bones_in_bank	Requirement(BotBankSetup(items=[BotItem(ids=[bones], min=28, max=null, usable=false, equippable=false)]))	0	BotInterfaceOption
1774806737731	152	PLAYER DownUp99	TELED	TILE 3205,3209,0
1774806737732	152	PLAYER CamelCarl	EXP	Ranged	6.0
1774806737732	152	PLAYER CamelCarl	SET_EXP	Ranged	5544
1774806738307	153	BOT LazyLuke	START_ACTIVITY	lumbridge_net_fishing
1774806738307	153	BOT ThreatPeace	START_ACTIVITY	lumbridge_copper_mining
1774806738307	153	BOT SkidMark	START_ACTIVITY	go_to_varrock_south_east_mine
1774806738307	153	BOT Zapdos	START_ACTIVITY	kill_freds_chickens_defence
1774806738307	153	BOT SpeedHack99	START_ACTIVITY	go_to_varrock_south_east_mine
1774806738307	153	BOT ProPunch	FAILED	go_to_varrock_south_east_mine	Stuck	0	BotWalkTo
1774806738307	153	BOT Dwarf Mine	COMPLETED	go_to_varrock_south_west_mine
1774806738307	153	BOT UnknownX	START_ACTIVITY	go_to_varrock_south_west_mine
1774806738307	153	BOT SilentScrem	ASSIGNED	bury_bones
1774806738334	153	PLAYER PrairieP	EXP	Attack	4.8
1774806738334	153	PLAYER PrairieP	SET_EXP	Attack	288
1774806738335	153	PLAYER PrairieP	EXP	Constitution	1.6
1774806738335	153	PLAYER PrairieP	SET_EXP	Constitution	11636
1774806738908	154	BOT Starmie	COMPLETED	go_to_area
1774806738908	154	BOT RhoRanger	COMPLETED	go_to_lumbridge_cow_trees
1774806738908	154	BOT SilentScrem	START_ACTIVITY	bury_bones
1774806738908	154	PLAYER StyracoS	EXP	Prayer	4.5
1774806738908	154	PLAYER StyracoS	SET_EXP	Prayer	810
1774806738932	154	PLAYER Maikeru	EXP	Thieving	8.0
1774806738932	154	PLAYER Maikeru	TOTAL_LEVEL_UP	3
1774806738932	154	PLAYER Maikeru	LEVEL_UP	Thieving	4
1774806738932	154	PLAYER Maikeru	SET_EXP	Thieving	2880
1774806738933	154	PLAYER Ril	EXP	Thieving	8.0
1774806738933	154	PLAYER Ril	TOTAL_LEVEL_UP	4
1774806738933	154	PLAYER Ril	LEVEL_UP	Thieving	5
1774806738933	154	PLAYER Ril	SET_EXP	Thieving	4320
1774806739508	155	BOT Starmie	START_ACTIVITY	kill_freds_chickens_strength
1774806739508	155	BOT ProPunch	START_ACTIVITY	go_to_varrock_south_east_mine
1774806739508	155	BOT Astra	COMPLETED	go_to_area
1774806739509	155	PLAYER SilentScrem	EXP	Prayer	4.5
1774806739509	155	PLAYER SilentScrem	SET_EXP	Prayer	270
1774806739509	155	PLAYER SilentScrem	TASK_COMPLETED	i_wonder_if_itll_sprout_task
1774806740108	156	BOT Matoya	FAILED	go_to_varrock_south_east_mine	Timeout	16	BotWalkTo
1774806740108	156	BOT SkidMark	FAILED	go_to_varrock_south_east_mine	Stuck	0	BotWalkTo
1774806740108	156	BOT SpeedHack99	FAILED	go_to_varrock_south_east_mine	Stuck	0	BotWalkTo
1774806740109	156	BOT Dwarf Mine	COMPLETED	go_to_area
1774806740109	156	BOT Astra	START_ACTIVITY	varrock_east_tin_mining
1774806740132	156	PLAYER CamelCarl	EXP	Ranged	5.6
1774806740132	156	PLAYER CamelCarl	SET_EXP	Ranged	5880
1774806740709	157	BOT Matoya	ASSIGNED	varrock_tin_mining
1774806740710	157	BOT RhoRanger	COMPLETED	go_to_area
1774806740710	157	BOT GuppyGary	COMPLETED	go_to_lumbridge_swamp_east_copper_mine
1774806740710	157	BOT Dwarf Mine	START_ACTIVITY	varrock_east_tin_mining
1774806740736	157	PLAYER PrairieP	EXP	Attack	5.2
1774806740736	157	PLAYER PrairieP	SET_EXP	Attack	600
1774806740736	157	PLAYER PrairieP	EXP	Constitution	1.7333333333333334
1774806740736	157	PLAYER PrairieP	SET_EXP	Constitution	11740
1774806741310	158	BOT Matoya	START_RESOLVER	go_to_area	varrock_tin_mining
1774806741310	158	BOT SkidMark	START_ACTIVITY	go_to_varrock_south_east_mine
1774806741310	158	BOT SpeedHack99	START_ACTIVITY	go_to_varrock_south_east_mine
1774806741310	158	BOT ProPunch	FAILED	go_to_varrock_south_east_mine	Stuck	0	BotWalkTo
1774806741310	158	BOT RhoRanger	START_ACTIVITY	lumbridge_cow_tree_cutting
1774806741310	158	PLAYER StyracoS	EXP	Prayer	4.5
1774806741311	158	PLAYER StyracoS	TOTAL_LEVEL_UP	1
1774806741311	158	PLAYER StyracoS	LEVEL_UP	Prayer	2
1774806741311	158	PLAYER StyracoS	SET_EXP	Prayer	1080
1774806741336	158	PLAYER Ril	EXP	Thieving	8.0
1774806741336	158	PLAYER Ril	SET_EXP	Thieving	4800
1774806741911	159	BOT Matoya	START_ACTIVITY	go_to_area
1774806741911	159	BOT SacredProf	COMPLETED	go_to_lumbridge_chicken_pen
1774806741912	159	PLAYER SilentScrem	EXP	Prayer	4.5
1774806741912	159	PLAYER SilentScrem	SET_EXP	Prayer	540
1774806741940	159	PLAYER Zapdos	EXP	Defence	5.6
1774806741940	159	PLAYER Zapdos	SET_EXP	Defence	336
1774806741940	159	PLAYER Zapdos	EXP	Constitution	1.8666666666666667
1774806741940	159	PLAYER Zapdos	SET_EXP	Constitution	11652
1774806742511	160	BOT ProPunch	START_ACTIVITY	go_to_varrock_south_east_mine
1774806742535	160	PLAYER Gunslinger	EXP	Mining	17.5
1774806742535	160	PLAYER Gunslinger	TOTAL_LEVEL_UP	1
1774806742535	160	PLAYER Gunslinger	LEVEL_UP	Mining	2
1774806742535	160	PLAYER Gunslinger	SET_EXP	Mining	1050
1774806742536	160	PLAYER Gunslinger	TASK_COMPLETED	heavy_metal_task
1774806742536	160	PLAYER CamelCarl	EXP	Ranged	4.8
1774806742536	160	PLAYER CamelCarl	SET_EXP	Ranged	6168
1774806743111	161	BOT Matoya	START_ACTIVITY	go_to_varrock_south_east_mine
1774806743111	161	BOT SkidMark	FAILED	go_to_varrock_south_east_mine	Stuck	0	BotWalkTo
1774806743112	161	BOT SpeedHack99	FAILED	go_to_varrock_south_east_mine	Stuck	0	BotWalkTo
1774806743112	161	BOT SacredProf	COMPLETED	go_to_area
1774806743112	161	BOT HeadHunter	COMPLETED	go_to_lumbridge_chicken_pen
1774806743112	161	BOT GuppyGary	COMPLETED	go_to_area
1774806743112	161	BOT IceBerg	COMPLETED	go_to_lumbridge_swamp_fishing_area
1774806743139	161	PLAYER UnknownX	TELED	TILE 3205,3209,1
1774806743713	162	BOT SacredProf	START_ACTIVITY	kill_freds_chickens_defence
1774806743713	162	BOT GuppyGary	START_ACTIVITY	lumbridge_copper_mining
1774806743713	162	PLAYER StyracoS	EXP	Prayer	4.5
1774806743713	162	PLAYER StyracoS	SET_EXP	Prayer	1350
1774806743742	162	PLAYER Blueberry	EXP	Strength	3.6
1774806743743	162	PLAYER Blueberry	SET_EXP	Strength	2160
1774806743743	162	PLAYER Blueberry	EXP	Constitution	1.2
1774806743743	162	PLAYER Blueberry	SET_EXP	Constitution	12260
1774806744313	163	BOT SkidMark	START_ACTIVITY	go_to_varrock_south_east_mine
1774806744313	163	BOT SpeedHack99	START_ACTIVITY	go_to_varrock_south_east_mine
1774806744313	163	BOT ProPunch	FAILED	go_to_varrock_south_east_mine	Stuck	0	BotWalkTo
1774806744313	163	BOT HeadHunter	COMPLETED	go_to_area
1774806744313	163	BOT FuturePast	COMPLETED	go_to_lumbridge_swamp_east_copper_mine
1774806744313	163	PLAYER SilentScrem	EXP	Prayer	4.5
1774806744313	163	PLAYER SilentScrem	SET_EXP	Prayer	810
1774806744339	163	PLAYER Ember	EXP	Mining	5.0
1774806744339	163	PLAYER Ember	SET_EXP	Mining	600
1774806744340	163	PLAYER Zapdos	EXP	Defence	5.2
1774806744341	163	PLAYER Zapdos	SET_EXP	Defence	648
1774806744341	163	PLAYER Zapdos	EXP	Constitution	1.7333333333333334
1774806744341	163	PLAYER Zapdos	SET_EXP	Constitution	11756
1774806744342	163	PLAYER ThreatPeace	EXP	Mining	17.5
1774806744342	163	PLAYER ThreatPeace	TOTAL_LEVEL_UP	1
1774806744342	163	PLAYER ThreatPeace	LEVEL_UP	Mining	2
1774806744342	163	PLAYER ThreatPeace	SET_EXP	Mining	1050
1774806744342	163	PLAYER ThreatPeace	TASK_COMPLETED	take_your_pick_task
1774806744343	163	PLAYER Tuga	EXP	Fishing	10.0
1774806744343	163	PLAYER Tuga	TOTAL_LEVEL_UP	1
1774806744343	163	PLAYER Tuga	LEVEL_UP	Fishing	2
1774806744343	163	PLAYER Tuga	SET_EXP	Fishing	1200
1774806744914	164	BOT HeadHunter	START_ACTIVITY	kill_freds_chickens_attack
1774806744914	164	BOT IceBerg	COMPLETED	go_to_area
1774806744939	164	PLAYER CamelCarl	EXP	Ranged	2.4
1774806744939	164	PLAYER CamelCarl	SET_EXP	Ranged	6312
1774806745514	165	BOT MegalodonM	COMPLETED	go_to_draynor_oak_trees
1774806745514	165	BOT ProPunch	START_ACTIVITY	go_to_varrock_south_east_mine
1774806745515	165	BOT IceBerg	START_ACTIVITY	lumbridge_net_fishing
1774806745543	165	PLAYER UnknownX	TELED	TILE 3205,3209,0
1774806746115	166	BOT SkidMark	FAILED	go_to_varrock_south_east_mine	Stuck	0	BotWalkTo
1774806746115	166	BOT SpeedHack99	FAILED	go_to_varrock_south_east_mine	Stuck	0	BotWalkTo
1774806746115	166	PLAYER StyracoS	EXP	Prayer	4.5
1774806746116	166	PLAYER StyracoS	SET_EXP	Prayer	1620
1774806746140	166	PLAYER Blueberry	EXP	Strength	2.4
1774806746140	166	PLAYER Blueberry	SET_EXP	Strength	2304
1774806746140	166	PLAYER Blueberry	EXP	Constitution	0.8
1774806746140	166	PLAYER Blueberry	SET_EXP	Constitution	12308
1774806746141	166	PLAYER DeepDan	EXP	Woodcutting	25.0
1774806746141	166	PLAYER DeepDan	TOTAL_LEVEL_UP	4
1774806746141	166	PLAYER DeepDan	LEVEL_UP	Woodcutting	5
1774806746141	166	PLAYER DeepDan	SET_EXP	Woodcutting	4500
1774806746143	166	PLAYER Starmie	EXP	Strength	5.6
1774806746143	166	PLAYER Starmie	SET_EXP	Strength	336
1774806746143	166	PLAYER Starmie	EXP	Constitution	1.8666666666666667
1774806746143	166	PLAYER Starmie	SET_EXP	Constitution	11652
1774806746144	166	PLAYER SacredProf	EXP	Defence	3.2
1774806746144	166	PLAYER SacredProf	SET_EXP	Defence	192
1774806746145	166	PLAYER SacredProf	EXP	Constitution	1.0666666666666667
1774806746145	166	PLAYER SacredProf	SET_EXP	Constitution	11604
1774806746717	167	BOT FakeTruth	FAILED	go_to_varrock_south_west_mine	Timeout	19	BotWalkTo
1774806746717	167	BOT FuturePast	COMPLETED	go_to_area
1774806746717	167	PLAYER SilentScrem	EXP	Prayer	4.5
1774806746717	167	PLAYER SilentScrem	TOTAL_LEVEL_UP	1
1774806746717	167	PLAYER SilentScrem	LEVEL_UP	Prayer	2
1774806746717	167	PLAYER SilentScrem	SET_EXP	Prayer	1080
1774806746744	167	PLAYER Zapdos	EXP	Defence	1.2
1774806746744	167	PLAYER Zapdos	SET_EXP	Defence	720
1774806746745	167	PLAYER Zapdos	EXP	Constitution	0.4
1774806746745	167	PLAYER Zapdos	SET_EXP	Constitution	11780
1774806746745	167	PLAYER RhoRanger	EXP	Woodcutting	25.0
1774806746745	167	PLAYER RhoRanger	TOTAL_LEVEL_UP	1
1774806746745	167	PLAYER RhoRanger	LEVEL_UP	Woodcutting	2
1774806746745	167	PLAYER RhoRanger	SET_EXP	Woodcutting	1500
1774806746746	167	PLAYER RhoRanger	TASK_COMPLETED	adventurers_log_task
1774806747317	168	BOT SkidMark	START_ACTIVITY	go_to_varrock_south_east_mine
1774806747318	168	BOT FakeTruth	ASSIGNED	varrock_clay_mining
1774806747318	168	BOT SpeedHack99	START_ACTIVITY	go_to_varrock_south_east_mine
1774806747318	168	BOT ProPunch	FAILED	go_to_varrock_south_east_mine	Stuck	0	BotWalkTo
1774806747318	168	BOT FuturePast	START_ACTIVITY	lumbridge_copper_mining
1774806747341	168	PLAYER Astra	EXP	Mining	17.5
1774806747341	168	PLAYER Astra	TOTAL_LEVEL_UP	1
1774806747341	168	PLAYER Astra	LEVEL_UP	Mining	2
1774806747341	168	PLAYER Astra	SET_EXP	Mining	1050
1774806747342	168	PLAYER Astra	TASK_COMPLETED	heavy_metal_task
1774806747343	168	PLAYER CamelCarl	EXP	Ranged	9.2
1774806747343	168	PLAYER CamelCarl	TOTAL_LEVEL_UP	6
1774806747343	168	PLAYER CamelCarl	LEVEL_UP	Ranged	7
1774806747343	168	PLAYER CamelCarl	SET_EXP	Ranged	6864
1774806747918	169	BOT FakeTruth	START_RESOLVER	go_to_area	varrock_clay_mining
1774806747918	169	BOT Halp	COMPLETED	go_to_lumbridge_swamp_east_tin_mine
1774806748519	170	BOT FakeTruth	START_ACTIVITY	go_to_area
1774806748519	170	BOT ProPunch	START_ACTIVITY	go_to_varrock_south_east_mine
1774806748519	170	PLAYER StyracoS	EXP	Prayer	4.5
1774806748519	170	PLAYER StyracoS	TOTAL_LEVEL_UP	2
1774806748519	170	PLAYER StyracoS	LEVEL_UP	Prayer	3
1774806748520	170	PLAYER StyracoS	SET_EXP	Prayer	1890
1774806748543	170	PLAYER YutytyrannY	TELED	TILE 3205,3209,1
1774806748544	170	PLAYER Maikeru	EXP	Thieving	8.0
1774806748544	170	PLAYER Maikeru	SET_EXP	Thieving	3360
1774806748545	170	PLAYER Blueberry	EXP	Strength	7.6
1774806748545	170	PLAYER Blueberry	TOTAL_LEVEL_UP	3
1774806748545	170	PLAYER Blueberry	LEVEL_UP	Strength	4
1774806748545	170	PLAYER Blueberry	SET_EXP	Strength	2760
1774806748545	170	PLAYER Blueberry	EXP	Constitution	2.533333333333333
1774806748545	170	PLAYER Blueberry	SET_EXP	Constitution	12460
1774806748546	170	PLAYER Starmie	EXP	Strength	0.4
1774806748546	170	PLAYER Starmie	SET_EXP	Strength	360
1774806748546	170	PLAYER Starmie	EXP	Constitution	0.13333333333333333
1774806748546	170	PLAYER Starmie	SET_EXP	Constitution	11660
1774806748547	170	PLAYER SacredProf	EXP	Defence	3.6
1774806748547	170	PLAYER SacredProf	SET_EXP	Defence	408
1774806748547	170	PLAYER SacredProf	EXP	Constitution	1.2
1774806748547	170	PLAYER SacredProf	SET_EXP	Constitution	11676
1774806748548	170	PLAYER LazyLuke	EXP	Fishing	10.0
1774806748548	170	PLAYER LazyLuke	SET_EXP	Fishing	600
1774806748549	170	PLAYER LazyLuke	TASK_COMPLETED	shrimpin_aint_easy_task
1774806749119	171	BOT MegalodonM	COMPLETED	go_to_area
1774806749119	171	BOT SkidMark	FAILED	go_to_varrock_south_east_mine	Stuck	0	BotWalkTo
1774806749119	171	BOT SpeedHack99	FAILED	go_to_varrock_south_east_mine	Stuck	0	BotWalkTo
1774806749119	171	BOT Halp	COMPLETED	go_to_area
1774806749119	171	PLAYER SilentScrem	EXP	Prayer	4.5
1774806749120	171	PLAYER SilentScrem	SET_EXP	Prayer	1350
1774806749146	171	PLAYER HeadHunter	EXP	Attack	2.0
1774806749146	171	PLAYER HeadHunter	SET_EXP	Attack	120
1774806749146	171	PLAYER HeadHunter	EXP	Constitution	0.6666666666666666
1774806749146	171	PLAYER HeadHunter	SET_EXP	Constitution	11580
1774806749147	171	PLAYER DeepDan	EXP	Woodcutting	25.0
1774806749147	171	PLAYER DeepDan	TOTAL_LEVEL_UP	5
1774806749147	171	PLAYER DeepDan	LEVEL_UP	Woodcutting	6
1774806749147	171	PLAYER DeepDan	SET_EXP	Woodcutting	6000
1774806749720	172	BOT MegalodonM	START_ACTIVITY	draynor_east_trees
1774806749720	172	BOT FakeTruth	START_ACTIVITY	go_to_varrock_south_west_mine
1774806749720	172	BOT Halp	START_ACTIVITY	lumbridge_tin_mining
1774806749720	172	BOT Waves	COMPLETED	go_to_lumbridge_swamp_east_tin_mine
1774806749743	172	PLAYER Ember	EXP	Mining	5.0
1774806749744	172	PLAYER Ember	TOTAL_LEVEL_UP	1
1774806749744	172	PLAYER Ember	LEVEL_UP	Mining	2
1774806749744	172	PLAYER Ember	SET_EXP	Mining	900
1774806749745	172	PLAYER CamelCarl	EXP	Ranged	2.0
1774806749745	172	PLAYER CamelCarl	SET_EXP	Ranged	6984
1774806749746	172	PLAYER Zapdos	EXP	Defence	0.4
1774806749746	172	PLAYER Zapdos	SET_EXP	Defence	744
1774806749746	172	PLAYER Zapdos	EXP	Constitution	0.13333333333333333
1774806749746	172	PLAYER Zapdos	SET_EXP	Constitution	11788
1774806749747	172	PLAYER RhoRanger	EXP	Woodcutting	25.0
1774806749747	172	PLAYER RhoRanger	TOTAL_LEVEL_UP	3
1774806749747	172	PLAYER RhoRanger	LEVEL_UP	Woodcutting	4
1774806749747	172	PLAYER RhoRanger	SET_EXP	Woodcutting	3000
1774806749747	172	PLAYER Hanbo Short	EXP	Woodcutting	25.0
1774806749747	172	PLAYER Hanbo Short	TOTAL_LEVEL_UP	1
1774806749747	172	PLAYER Hanbo Short	LEVEL_UP	Woodcutting	2
1774806749748	172	PLAYER Hanbo Short	SET_EXP	Woodcutting	1500
1774806749748	172	PLAYER Hanbo Short	TASK_COMPLETED	adventurers_log_task
1774806750320	173	BOT SkidMark	START_ACTIVITY	go_to_varrock_south_east_mine
1774806750320	173	BOT SpeedHack99	START_ACTIVITY	go_to_varrock_south_east_mine
1774806750320	173	BOT ProPunch	FAILED	go_to_varrock_south_east_mine	Stuck	0	BotWalkTo
1774806750335	173	PLAYER Zapdos	KILLED	NPC chicken:10311	TILE 3231,3299,0
1774806750336	173	NPC chicken:10311	DROPPED	ITEM bones:1	ITEM raw_chicken:1
1774806750349	173	PLAYER PrairieP	EXP	Attack	2.0
1774806750349	173	PLAYER PrairieP	SET_EXP	Attack	720
1774806750350	173	PLAYER PrairieP	EXP	Constitution	0.6666666666666666
1774806750350	173	PLAYER PrairieP	SET_EXP	Constitution	11780
1774806750351	173	PLAYER Tuga	EXP	Fishing	10.0
1774806750351	173	PLAYER Tuga	TOTAL_LEVEL_UP	2
1774806750351	173	PLAYER Tuga	LEVEL_UP	Fishing	3
1774806750351	173	PLAYER Tuga	SET_EXP	Fishing	1800
1774806750921	174	BOT CamelCarl	COMPLETED	ranged_tutor
1774806750921	174	BOT BrokenWheel	COMPLETED	go_to_lumbridge_chicken_pen
1774806750921	174	BOT Waves	COMPLETED	go_to_area
1774806750921	174	PLAYER StyracoS	EXP	Prayer	4.5
1774806750921	174	PLAYER StyracoS	SET_EXP	Prayer	2160
1774806750945	174	PLAYER YutytyrannY	TELED	TILE 3205,3209,2
1774806750945	174	PLAYER Maikeru	EXP	Thieving	8.0
1774806750945	174	PLAYER Maikeru	SET_EXP	Thieving	3840
1774806750946	174	PLAYER Blueberry	EXP	Strength	8.0
1774806750946	174	PLAYER Blueberry	SET_EXP	Strength	3240
1774806750946	174	PLAYER Blueberry	EXP	Constitution	2.6666666666666665
1774806750946	174	PLAYER Blueberry	SET_EXP	Constitution	12620
1774806750948	174	PLAYER Ril	EXP	Thieving	8.0
1774806750948	174	PLAYER Ril	TOTAL_LEVEL_UP	5
1774806750948	174	PLAYER Ril	LEVEL_UP	Thieving	6
1774806750948	174	PLAYER Ril	SET_EXP	Thieving	5280
1774806750949	174	PLAYER SacredProf	EXP	Defence	4.8
1774806750949	174	PLAYER SacredProf	SET_EXP	Defence	696
1774806750950	174	PLAYER SacredProf	EXP	Constitution	1.6
1774806750950	174	PLAYER SacredProf	SET_EXP	Constitution	11772
1774806751522	175	BOT CamelCarl	ASSIGNED	magic_tutor
1774806751522	175	BOT ProPunch	START_ACTIVITY	go_to_varrock_south_east_mine
1774806751522	175	BOT Waves	START_ACTIVITY	lumbridge_tin_mining
1774806751522	175	PLAYER SilentScrem	EXP	Prayer	4.5
1774806751522	175	PLAYER SilentScrem	SET_EXP	Prayer	1620
1774806751549	175	PLAYER SundayFun	TASK_COMPLETED	beware_of_pigzilla_task
1774806751550	175	PLAYER HeadHunter	EXP	Attack	0.8
1774806751550	175	PLAYER HeadHunter	SET_EXP	Attack	168
1774806751550	175	PLAYER HeadHunter	EXP	Constitution	0.26666666666666666
1774806751550	175	PLAYER HeadHunter	SET_EXP	Constitution	11596
1774806751551	175	PLAYER LazyLuke	EXP	Fishing	10.0
1774806751551	175	PLAYER LazyLuke	TOTAL_LEVEL_UP	1
1774806751551	175	PLAYER LazyLuke	LEVEL_UP	Fishing	2
1774806751552	175	PLAYER LazyLuke	SET_EXP	Fishing	1200
1774806752122	176	BOT SkidMark	FAILED	go_to_varrock_south_east_mine	Stuck	0	BotWalkTo
1774806752122	176	BOT SpeedHack99	FAILED	go_to_varrock_south_east_mine	Stuck	0	BotWalkTo
1774806752122	176	BOT BrokenWheel	COMPLETED	go_to_area
1774806752722	177	BOT CamelCarl	FAILED	magic_tutor	Requirement(BotInventorySetup(items=[BotItem(ids=[air_rune], min=30, max=null, usable=false, equippable=false), BotItem(ids=[mind_rune], min=30, max=null, usable=false, equippable=false)]))	0	BotInterfaceOption
1774806752723	177	BOT BrokenWheel	START_ACTIVITY	kill_freds_chickens_strength
1774806752751	177	PLAYER IceBerg	EXP	Fishing	10.0
1774806752751	177	PLAYER IceBerg	SET_EXP	Fishing	600
1774806752752	177	PLAYER IceBerg	TASK_COMPLETED	shrimpin_aint_easy_task
1774806752753	177	PLAYER Ice	EXP	Woodcutting	25.0
1774806752753	177	PLAYER Ice	TOTAL_LEVEL_UP	1
1774806752753	177	PLAYER Ice	LEVEL_UP	Woodcutting	2
1774806752754	177	PLAYER Ice	SET_EXP	Woodcutting	1500
1774806752754	177	PLAYER Ice	TASK_COMPLETED	adventurers_log_task
1774806753324	178	PLAYER CamelCarl	TASK_COMPLETED	hang_on_to_something_task
1774806753325	178	BOT CamelCarl	ASSIGNED	ranged_tutor
1774806753325	178	BOT SkidMark	START_ACTIVITY	go_to_varrock_south_east_mine
1774806753325	178	BOT SpeedHack99	START_ACTIVITY	go_to_varrock_south_east_mine
1774806753325	178	BOT ProPunch	FAILED	go_to_varrock_south_east_mine	Stuck	0	BotWalkTo
1774806753325	178	BOT SparrowS	COMPLETED	go_to_lumbridge_swamp_fishing_area
1774806753325	178	PLAYER StyracoS	EXP	Prayer	4.5
1774806753325	178	PLAYER StyracoS	SET_EXP	Prayer	2430
1774806753350	178	PLAYER BigOof	TELED	TILE 3205,3209,1
1774806753351	178	PLAYER Ril	EXP	Thieving	8.0
1774806753351	178	PLAYER Ril	SET_EXP	Thieving	5760
1774806753352	178	PLAYER PrairieP	EXP	Attack	4.8
1774806753352	178	PLAYER PrairieP	TOTAL_LEVEL_UP	1
1774806753352	178	PLAYER PrairieP	LEVEL_UP	Attack	2
1774806753352	178	PLAYER PrairieP	SET_EXP	Attack	1008
1774806753353	178	PLAYER PrairieP	EXP	Constitution	1.6
1774806753353	178	PLAYER PrairieP	SET_EXP	Constitution	11876
1774806753353	178	PLAYER SacredProf	EXP	Defence	0.4
1774806753353	178	PLAYER SacredProf	SET_EXP	Defence	720
1774806753353	178	PLAYER SacredProf	EXP	Constitution	0.13333333333333333
1774806753353	178	PLAYER SacredProf	SET_EXP	Constitution	11780
1774806753924	179	BOT CamelCarl	START_RESOLVER	withdraw_from_bank	ranged_tutor
1774806753925	179	BOT FireStarter	COMPLETED	go_to_lumbridge_swamp_east_tin_mine
1774806753925	179	PLAYER SilentScrem	EXP	Prayer	4.5
1774806753925	179	PLAYER SilentScrem	TOTAL_LEVEL_UP	2
1774806753925	179	PLAYER SilentScrem	LEVEL_UP	Prayer	3
1774806753925	179	PLAYER SilentScrem	SET_EXP	Prayer	1890
1774806753940	179	PLAYER PrairieP	KILLED	NPC chicken:10308	TILE 3235,3292,0
1774806753940	179	NPC chicken:10308	DROPPED	ITEM feather:15	ITEM bones:1	ITEM raw_chicken:1
1774806753952	179	PLAYER HeadHunter	EXP	Attack	2.4
1774806753952	179	PLAYER HeadHunter	SET_EXP	Attack	312
1774806753952	179	PLAYER HeadHunter	EXP	Constitution	0.8
1774806753952	179	PLAYER HeadHunter	SET_EXP	Constitution	11644
1774806753953	179	PLAYER RhoRanger	EXP	Woodcutting	25.0
1774806753953	179	PLAYER RhoRanger	TOTAL_LEVEL_UP	4
1774806753953	179	PLAYER RhoRanger	LEVEL_UP	Woodcutting	5
1774806753953	179	PLAYER RhoRanger	SET_EXP	Woodcutting	4500
1774806754525	180	BOT CamelCarl	START_ACTIVITY	withdraw_from_bank
1774806754526	180	BOT ProPunch	START_ACTIVITY	go_to_varrock_south_east_mine
1774806754526	180	BOT YutytyrannY	COMPLETED	go_to_bank
1774806754551	180	PLAYER Zapdos	EXP	Defence	4.0
1774806754551	180	PLAYER Zapdos	TOTAL_LEVEL_UP	1
1774806754551	180	PLAYER Zapdos	LEVEL_UP	Defence	2
1774806754551	180	PLAYER Zapdos	SET_EXP	Defence	984
1774806754551	180	PLAYER Zapdos	EXP	Constitution	1.3333333333333333
1774806754551	180	PLAYER Zapdos	SET_EXP	Constitution	11868
1774806755126	181	BOT SundayFun	FAILED	go_to_draynor_north_trees	Timeout	17	BotWalkTo
1774806755126	181	BOT SkidMark	FAILED	go_to_varrock_south_east_mine	Stuck	0	BotWalkTo
1774806755126	181	BOT SpeedHack99	FAILED	go_to_varrock_south_east_mine	Stuck	0	BotWalkTo
1774806755126	181	BOT SparrowS	COMPLETED	go_to_area
1774806755126	181	BOT FireStarter	COMPLETED	go_to_area
1774806755154	181	PLAYER MegalodonM	EXP	Woodcutting	25.0
1774806755154	181	PLAYER MegalodonM	TOTAL_LEVEL_UP	1
1774806755154	181	PLAYER MegalodonM	LEVEL_UP	Woodcutting	2
1774806755154	181	PLAYER MegalodonM	SET_EXP	Woodcutting	1500
1774806755155	181	PLAYER MegalodonM	TASK_COMPLETED	adventurers_log_task
1774806755727	182	BOT SundayFun	ASSIGNED	draynor_north_trees
1774806755727	182	BOT CamelCarl	START_ACTIVITY	go_to_bank
1774806755727	182	BOT SparrowS	START_ACTIVITY	lumbridge_net_fishing
1774806755727	182	BOT FireStarter	START_ACTIVITY	lumbridge_tin_mining
1774806755728	182	PLAYER StyracoS	EXP	Prayer	4.5
1774806755728	182	PLAYER StyracoS	SET_EXP	Prayer	2700
1774806755754	182	PLAYER Blueberry	EXP	Strength	2.0
1774806755754	182	PLAYER Blueberry	SET_EXP	Strength	3360
1774806755755	182	PLAYER Blueberry	EXP	Constitution	0.6666666666666666
1774806755755	182	PLAYER Blueberry	SET_EXP	Constitution	12660
1774806755755	182	PLAYER DeepDan	EXP	Woodcutting	25.0
1774806755755	182	PLAYER DeepDan	TOTAL_LEVEL_UP	6
1774806755755	182	PLAYER DeepDan	LEVEL_UP	Woodcutting	7
1774806755755	182	PLAYER DeepDan	SET_EXP	Woodcutting	7500
1774806755756	182	PLAYER BigOof	TELED	TILE 3205,3209,2
1774806755756	182	PLAYER Starmie	EXP	Strength	6.0
1774806755756	182	PLAYER Starmie	SET_EXP	Strength	720
1774806755757	182	PLAYER Starmie	EXP	Constitution	2.0
1774806755757	182	PLAYER Starmie	SET_EXP	Constitution	11780
1774806755758	182	PLAYER PrairieP	EXP	Attack	3.2
1774806755758	182	PLAYER PrairieP	SET_EXP	Attack	1200
1774806755758	182	PLAYER PrairieP	EXP	Constitution	1.0666666666666667
1774806755758	182	PLAYER PrairieP	SET_EXP	Constitution	11940
1774806755759	182	PLAYER SacredProf	EXP	Defence	1.2
1774806755759	182	PLAYER SacredProf	SET_EXP	Defence	792
1774806755759	182	PLAYER SacredProf	EXP	Constitution	0.4
1774806755759	182	PLAYER SacredProf	SET_EXP	Constitution	11804
1774806756328	183	BOT SundayFun	START_RESOLVER	go_to_area	draynor_north_trees
1774806756328	183	BOT SkidMark	START_ACTIVITY	go_to_varrock_south_east_mine
1774806756328	183	BOT SpeedHack99	START_ACTIVITY	go_to_varrock_south_east_mine
1774806756328	183	BOT ProPunch	FAILED	go_to_varrock_south_east_mine	Stuck	0	BotWalkTo
1774806756328	183	BOT Bob	FAILED	go_to_varrock_south_east_mine	Timeout	16	BotWalkTo
1774806756329	183	PLAYER SilentScrem	EXP	Prayer	4.5
1774806756329	183	PLAYER SilentScrem	SET_EXP	Prayer	2160
1774806756356	183	PLAYER HeadHunter	EXP	Attack	2.0
1774806756356	183	PLAYER HeadHunter	SET_EXP	Attack	432
1774806756357	183	PLAYER HeadHunter	EXP	Constitution	0.6666666666666666
1774806756357	183	PLAYER HeadHunter	SET_EXP	Constitution	11684
1774806756928	184	BOT SundayFun	START_ACTIVITY	go_to_area
1774806756929	184	BOT Bob	ASSIGNED	varrock_copper_mining
1774806756941	184	PLAYER SacredProf	KILLED	NPC chicken_brown:10360	TILE 3232,3295,0
1774806756941	184	NPC chicken_brown:10360	DROPPED	ITEM bones:1	ITEM raw_chicken:1
1774806756952	184	PLAYER Zapdos	EXP	Defence	5.2
1774806756952	184	PLAYER Zapdos	SET_EXP	Defence	1296
1774806756953	184	PLAYER Zapdos	EXP	Constitution	1.7333333333333334
1774806756954	184	PLAYER Zapdos	SET_EXP	Constitution	11972
1774806757530	185	BOT ProPunch	START_ACTIVITY	go_to_varrock_south_east_mine
1774806757530	185	BOT Bob	START_RESOLVER	go_to_area	varrock_copper_mining
1774806757556	185	PLAYER Hanbo Short	EXP	Woodcutting	25.0
1774806757556	185	PLAYER Hanbo Short	TOTAL_LEVEL_UP	3
1774806757556	185	PLAYER Hanbo Short	LEVEL_UP	Woodcutting	4
1774806757557	185	PLAYER Hanbo Short	SET_EXP	Woodcutting	3000
1774806758130	186	BOT SundayFun	START_ACTIVITY	go_to_draynor_north_trees
1774806758131	186	BOT SkidMark	FAILED	go_to_varrock_south_east_mine	Stuck	0	BotWalkTo
1774806758131	186	BOT SpeedHack99	FAILED	go_to_varrock_south_east_mine	Stuck	0	BotWalkTo
1774806758131	186	BOT Bob	START_ACTIVITY	go_to_area
1774806758131	186	PLAYER StyracoS	EXP	Prayer	4.5
1774806758131	186	PLAYER StyracoS	TOTAL_LEVEL_UP	3
1774806758131	186	PLAYER StyracoS	LEVEL_UP	Prayer	4
1774806758132	186	PLAYER StyracoS	SET_EXP	Prayer	2970
1774806758156	186	PLAYER Blueberry	EXP	Strength	5.2
1774806758156	186	PLAYER Blueberry	SET_EXP	Strength	3672
1774806758156	186	PLAYER Blueberry	EXP	Constitution	1.7333333333333334
1774806758156	186	PLAYER Blueberry	SET_EXP	Constitution	12764
1774806758157	186	PLAYER Gunslinger	EXP	Mining	17.5
1774806758157	186	PLAYER Gunslinger	TOTAL_LEVEL_UP	2
1774806758157	186	PLAYER Gunslinger	LEVEL_UP	Mining	3
1774806758157	186	PLAYER Gunslinger	SET_EXP	Mining	2100
1774806758158	186	PLAYER PrairieP	EXP	Attack	2.0
1774806758158	186	PLAYER PrairieP	SET_EXP	Attack	1320
1774806758159	186	PLAYER PrairieP	EXP	Constitution	0.6666666666666666
1774806758159	186	PLAYER PrairieP	SET_EXP	Constitution	11980
1774806758159	186	PLAYER SacredProf	EXP	Defence	5.6
1774806758159	186	PLAYER SacredProf	TOTAL_LEVEL_UP	1
1774806758159	186	PLAYER SacredProf	LEVEL_UP	Defence	2
1774806758159	186	PLAYER SacredProf	SET_EXP	Defence	1128
1774806758160	186	PLAYER SacredProf	EXP	Constitution	1.8666666666666667
1774806758160	186	PLAYER SacredProf	SET_EXP	Constitution	11916
1774806758160	186	PLAYER FuturePast	EXP	Mining	17.5
1774806758160	186	PLAYER FuturePast	TOTAL_LEVEL_UP	1
1774806758160	186	PLAYER FuturePast	LEVEL_UP	Mining	2
1774806758160	186	PLAYER FuturePast	SET_EXP	Mining	1050
1774806758161	186	PLAYER FuturePast	TASK_COMPLETED	take_your_pick_task
1774806758161	186	PLAYER Ice	EXP	Woodcutting	25.0
1774806758161	186	PLAYER Ice	TOTAL_LEVEL_UP	3
1774806758161	186	PLAYER Ice	LEVEL_UP	Woodcutting	4
1774806758161	186	PLAYER Ice	SET_EXP	Woodcutting	3000
1774806758170	186	PLAYER ThinkBLUE45	CONNECTED	TILE 3221,3219,0
1774806758731	187	PLAYER SilentScrem	EXP	Prayer	4.5
1774806758732	187	PLAYER SilentScrem	SET_EXP	Prayer	2430
1774806759332	188	BOT SkidMark	START_ACTIVITY	go_to_varrock_south_east_mine
1774806759332	188	BOT SpeedHack99	START_ACTIVITY	go_to_varrock_south_east_mine
1774806759332	188	BOT Cloud	COMPLETED	go_to_lumbridge_swamp_fishing_area
1774806759332	188	BOT ProPunch	FAILED	go_to_varrock_south_east_mine	Stuck	0	BotWalkTo
1774806759332	188	PLAYER YutytyrannY	TASK_COMPLETED	hang_on_to_something_task
1774806759334	188	BOT Bob	START_ACTIVITY	go_to_varrock_south_east_mine
1774806759334	188	BOT BigOof	COMPLETED	go_to_bank
1774806759348	188	PLAYER Starmie	KILLED	NPC chicken_brown:10358	TILE 3230,3299,0
1774806759349	188	NPC chicken_brown:10358	DROPPED	ITEM feather:15	ITEM bones:1	ITEM raw_chicken:1
1774806759959	189	PLAYER BrokenWheel	EXP	Strength	4.8
1774806759959	189	PLAYER BrokenWheel	SET_EXP	Strength	288
1774806759959	189	PLAYER BrokenWheel	EXP	Constitution	1.6
1774806759959	189	PLAYER BrokenWheel	SET_EXP	Constitution	11636
1774806759960	189	PLAYER Ember	EXP	Mining	5.0
1774806759960	189	PLAYER Ember	SET_EXP	Mining	1200
1774806759961	189	PLAYER SparrowS	EXP	Fishing	10.0
1774806759961	189	PLAYER SparrowS	SET_EXP	Fishing	600
1774806759961	189	PLAYER SparrowS	TASK_COMPLETED	shrimpin_aint_easy_task
1774806760533	190	BOT FakeTruth	COMPLETED	go_to_varrock_south_west_mine
1774806760533	190	BOT ProPunch	START_ACTIVITY	go_to_varrock_south_east_mine
1774806760534	190	PLAYER StyracoS	EXP	Prayer	4.5
1774806760534	190	PLAYER StyracoS	SET_EXP	Prayer	3240
1774806760558	190	PLAYER Maikeru	EXP	Thieving	8.0
1774806760558	190	PLAYER Maikeru	TOTAL_LEVEL_UP	4
1774806760558	190	PLAYER Maikeru	LEVEL_UP	Thieving	5
1774806760558	190	PLAYER Maikeru	SET_EXP	Thieving	4320
1774806760559	190	PLAYER Blueberry	EXP	Strength	7.6
1774806760559	190	PLAYER Blueberry	TOTAL_LEVEL_UP	4
1774806760559	190	PLAYER Blueberry	LEVEL_UP	Strength	5
1774806760559	190	PLAYER Blueberry	SET_EXP	Strength	4128
1774806760560	190	PLAYER Blueberry	EXP	Constitution	2.533333333333333
1774806760560	190	PLAYER Blueberry	SET_EXP	Constitution	12916
1774806760561	190	PLAYER PrairieP	EXP	Attack	1.2
1774806760561	190	PLAYER PrairieP	SET_EXP	Attack	1392
1774806760561	190	PLAYER PrairieP	EXP	Constitution	0.4
1774806760561	190	PLAYER PrairieP	SET_EXP	Constitution	12004
1774806761134	191	BOT SkidMark	FAILED	go_to_varrock_south_east_mine	Stuck	0	BotWalkTo
1774806761134	191	BOT SpeedHack99	FAILED	go_to_varrock_south_east_mine	Stuck	0	BotWalkTo
1774806761134	191	BOT Cloud	COMPLETED	go_to_area
1774806761134	191	BOT YutytyrannY	COMPLETED	deposit_all_bank
1774806761134	191	PLAYER SilentScrem	EXP	Prayer	4.5
1774806761134	191	PLAYER SilentScrem	SET_EXP	Prayer	2700
1774806761161	191	PLAYER HeadHunter	EXP	Attack	4.8
1774806761161	191	PLAYER HeadHunter	SET_EXP	Attack	720
1774806761162	191	PLAYER HeadHunter	EXP	Constitution	1.6
1774806761162	191	PLAYER HeadHunter	SET_EXP	Constitution	11780
1774806761735	192	BOT Blueberry	COMPLETED	melee_tutor_strength
1774806761735	192	BOT AprilFool	FAILED	go_to_varrock_south_east_mine	Timeout	20	BotWalkTo
1774806761736	192	BOT Cloud	START_ACTIVITY	lumbridge_net_fishing
1774806761736	192	BOT YutytyrannY	START_RESOLVER	withdraw_from_bank	lumbridge_crayfish
1774806761760	192	PLAYER Zapdos	EXP	Defence	2.4
1774806761761	192	PLAYER Zapdos	SET_EXP	Defence	1440
1774806761761	192	PLAYER Zapdos	EXP	Constitution	0.8
1774806761761	192	PLAYER Zapdos	SET_EXP	Constitution	12020
1774806761762	192	PLAYER Waves	EXP	Mining	17.5
1774806761762	192	PLAYER Waves	TOTAL_LEVEL_UP	1
1774806761762	192	PLAYER Waves	LEVEL_UP	Mining	2
1774806761762	192	PLAYER Waves	SET_EXP	Mining	1050
1774806761763	192	PLAYER Waves	TASK_COMPLETED	heavy_metal_task
1774806762336	193	BOT Blueberry	ASSIGNED	melee_tutor_strength
1774806762336	193	BOT AprilFool	ASSIGNED	varrock_tin_mining
1774806762336	193	BOT SkidMark	START_ACTIVITY	go_to_varrock_south_east_mine
1774806762336	193	BOT FakeTruth	COMPLETED	go_to_area
1774806762336	193	BOT SpeedHack99	START_ACTIVITY	go_to_varrock_south_east_mine
1774806762337	193	BOT ProPunch	FAILED	go_to_varrock_south_east_mine	Stuck	0	BotWalkTo
1774806762337	193	BOT YutytyrannY	START_ACTIVITY	withdraw_from_bank
1774806762337	193	BOT YudonYuri	COMPLETED	go_to_lumbridge_combat_tutors
1774806762386	193	PLAYER BrokenWheel	EXP	Strength	5.6
1774806762386	193	PLAYER BrokenWheel	SET_EXP	Strength	624
1774806762387	193	PLAYER BrokenWheel	EXP	Constitution	1.8666666666666667
1774806762387	193	PLAYER BrokenWheel	SET_EXP	Constitution	11748
1774806762937	194	BOT Blueberry	START_ACTIVITY	melee_tutor_strength
1774806762937	194	BOT AprilFool	START_RESOLVER	go_to_area	varrock_tin_mining
1774806762937	194	BOT FakeTruth	START_ACTIVITY	varrock_clay_mining
1774806762937	194	BOT Lash	COMPLETED	go_to_lumbridge_swamp_east_tin_mine
1774806762938	194	PLAYER StyracoS	EXP	Prayer	4.5
1774806762938	194	PLAYER StyracoS	SET_EXP	Prayer	3510
1774806762962	194	PLAYER MegalodonM	EXP	Woodcutting	25.0
1774806762962	194	PLAYER MegalodonM	TOTAL_LEVEL_UP	3
1774806762962	194	PLAYER MegalodonM	LEVEL_UP	Woodcutting	4
1774806762963	194	PLAYER MegalodonM	SET_EXP	Woodcutting	3000
1774806762964	194	PLAYER Starmie	TOOK	FLOOR_ITEM feather:15	TILE 3230,3299,0
1774806762965	194	PLAYER Ril	EXP	Thieving	8.0
1774806762965	194	PLAYER Ril	SET_EXP	Thieving	6240
1774806762966	194	PLAYER PrairieP	EXP	Attack	0.8
1774806762966	194	PLAYER PrairieP	SET_EXP	Attack	1440
1774806762966	194	PLAYER PrairieP	EXP	Constitution	0.26666666666666666
1774806762966	194	PLAYER PrairieP	SET_EXP	Constitution	12020
1774806762967	194	PLAYER SacredProf	EXP	Defence	4.4
1774806762967	194	PLAYER SacredProf	SET_EXP	Defence	1392
1774806762967	194	PLAYER SacredProf	EXP	Constitution	1.4666666666666666
1774806762967	194	PLAYER SacredProf	SET_EXP	Constitution	12004
1774806763538	195	BOT AprilFool	START_ACTIVITY	go_to_area
1774806763538	195	BOT ProPunch	START_ACTIVITY	go_to_varrock_south_east_mine
1774806763538	195	BOT YudonYuri	COMPLETED	go_to_area
1774806763538	195	PLAYER SilentScrem	EXP	Prayer	4.5
1774806763538	195	PLAYER SilentScrem	TOTAL_LEVEL_UP	3
1774806763538	195	PLAYER SilentScrem	LEVEL_UP	Prayer	4
1774806763539	195	PLAYER SilentScrem	SET_EXP	Prayer	2970
1774806763568	195	PLAYER Starmie	TOOK	FLOOR_ITEM bones:1	TILE 3230,3299,0
1774806763568	195	PLAYER Zapdos	TOOK	FLOOR_ITEM bones:1	TILE 3231,3299,0
1774806763569	195	PLAYER LazyLuke	EXP	Fishing	10.0
1774806763569	195	PLAYER LazyLuke	TOTAL_LEVEL_UP	2
1774806763569	195	PLAYER LazyLuke	LEVEL_UP	Fishing	3
1774806763569	195	PLAYER LazyLuke	SET_EXP	Fishing	1800
1774806764138	196	BOT SkidMark	FAILED	go_to_varrock_south_east_mine	Stuck	0	BotWalkTo
1774806764138	196	BOT SpeedHack99	FAILED	go_to_varrock_south_east_mine	Stuck	0	BotWalkTo
1774806764138	196	BOT Lash	COMPLETED	go_to_area
1774806764138	196	BOT YudonYuri	START_ACTIVITY	harlan_sword
1774806764138	196	PLAYER BigOof	TASK_COMPLETED	hang_on_to_something_task
1774806764162	196	PLAYER Starmie	TOOK	FLOOR_ITEM raw_chicken:1	TILE 3230,3299,0
1774806764163	196	PLAYER Zapdos	TOOK	FLOOR_ITEM raw_chicken:1	TILE 3231,3299,0
1774806764739	197	BOT AprilFool	START_ACTIVITY	go_to_varrock_south_east_mine
1774806764740	197	BOT Lash	START_ACTIVITY	lumbridge_tin_mining
1774806764754	197	PLAYER HeadHunter	KILLED	NPC chicken_brown:10359	TILE 3233,3299,0
1774806764754	197	NPC chicken_brown:10359	DROPPED	ITEM feather:5	ITEM bones:1	ITEM raw_chicken:1
1774806765340	198	BOT SkidMark	START_ACTIVITY	go_to_varrock_south_east_mine
1774806765340	198	BOT SpeedHack99	START_ACTIVITY	go_to_varrock_south_east_mine
1774806765340	198	BOT ProPunch	FAILED	go_to_varrock_south_east_mine	Stuck	0	BotWalkTo
1774806765341	198	PLAYER StyracoS	EXP	Prayer	4.5
1774806765341	198	PLAYER StyracoS	SET_EXP	Prayer	3780
1774806765354	198	PLAYER Zapdos	KILLED	NPC chicken:10309	TILE 3232,3297,0
1774806765354	198	NPC chicken:10309	DROPPED	ITEM feather:15	ITEM bones:1	ITEM raw_chicken:1
1774806765366	198	PLAYER DeepDan	EXP	Woodcutting	25.0
1774806765366	198	PLAYER DeepDan	TOTAL_LEVEL_UP	7
1774806765366	198	PLAYER DeepDan	LEVEL_UP	Woodcutting	8
1774806765366	198	PLAYER DeepDan	SET_EXP	Woodcutting	9000
1774806765367	198	PLAYER Ril	EXP	Thieving	8.0
1774806765367	198	PLAYER Ril	TOTAL_LEVEL_UP	6
1774806765367	198	PLAYER Ril	LEVEL_UP	Thieving	7
1774806765368	198	PLAYER Ril	SET_EXP	Thieving	6720
1774806765368	198	PLAYER GuppyGary	EXP	Mining	17.5
1774806765368	198	PLAYER GuppyGary	TOTAL_LEVEL_UP	1
1774806765368	198	PLAYER GuppyGary	LEVEL_UP	Mining	2
1774806765368	198	PLAYER GuppyGary	SET_EXP	Mining	1050
1774806765368	198	PLAYER GuppyGary	TASK_COMPLETED	take_your_pick_task
1774806765369	198	PLAYER SacredProf	EXP	Defence	0.8
1774806765369	198	PLAYER SacredProf	SET_EXP	Defence	1440
1774806765369	198	PLAYER SacredProf	EXP	Constitution	0.26666666666666666
1774806765369	198	PLAYER SacredProf	SET_EXP	Constitution	12020
1774806765370	198	PLAYER Tuga	EXP	Fishing	10.0
1774806765370	198	PLAYER Tuga	SET_EXP	Fishing	2400
1774806765941	199	BOT Blueberry	COMPLETED	melee_tutor_strength
1774806765942	199	BOT BigOof	COMPLETED	deposit_all_bank
1774806765942	199	PLAYER SilentScrem	EXP	Prayer	4.5
1774806765942	199	PLAYER SilentScrem	SET_EXP	Prayer	3240
1774806765970	199	PLAYER Ice	EXP	Woodcutting	25.0
1774806765970	199	PLAYER Ice	TOTAL_LEVEL_UP	4
1774806765970	199	PLAYER Ice	LEVEL_UP	Woodcutting	5
1774806765970	199	PLAYER Ice	SET_EXP	Woodcutting	4500
1774806766542	200	BOT Blueberry	ASSIGNED	melee_tutor_strength
1774806766542	200	BOT SundayFun	COMPLETED	go_to_draynor_north_trees
1774806766542	200	BOT ProPunch	START_ACTIVITY	go_to_varrock_south_east_mine
1774806766543	200	BOT BigOof	START_RESOLVER	withdraw_from_bank	lumbridge_crayfish
1774806766555	200	PLAYER PrairieP	KILLED	NPC chicken_brown:10356	TILE 3227,3297,0
1774806766555	200	NPC chicken_brown:10356	DROPPED	ITEM bones:1	ITEM raw_chicken:1
1774806766567	200	PLAYER HeadHunter	TOOK	FLOOR_ITEM feather:5	TILE 3233,3299,0
1774806766568	200	PLAYER PrairieP	TOOK	FLOOR_ITEM feather:15	TILE 3235,3292,0
1774806766568	200	PLAYER LazyLuke	EXP	Fishing	10.0
1774806766568	200	PLAYER LazyLuke	SET_EXP	Fishing	2400
1774806767143	201	BOT Blueberry	START_ACTIVITY	melee_tutor_strength
1774806767143	201	BOT SkidMark	FAILED	go_to_varrock_south_east_mine	Stuck	0	BotWalkTo
1774806767143	201	BOT SpeedHack99	FAILED	go_to_varrock_south_east_mine	Stuck	0	BotWalkTo
1774806767143	201	BOT BigOof	START_ACTIVITY	withdraw_from_bank
1774806767168	201	PLAYER BrokenWheel	EXP	Strength	1.6
1774806767168	201	PLAYER BrokenWheel	SET_EXP	Strength	720
1774806767168	201	PLAYER BrokenWheel	EXP	Constitution	0.5333333333333333
1774806767168	201	PLAYER BrokenWheel	SET_EXP	Constitution	11780
1774806767169	201	PLAYER HeadHunter	TOOK	FLOOR_ITEM bones:1	TILE 3233,3299,0
1774806767170	201	PLAYER PrairieP	TOOK	FLOOR_ITEM bones:1	TILE 3235,3292,0
1774806767744	202	BOT SundayFun	COMPLETED	go_to_area
1774806767745	202	BOT LaunchDay	FAILED	go_to_hanks_fishing_shop	Timeout	18	BotWalkTo
1774806767745	202	PLAYER StyracoS	EXP	Prayer	4.5
1774806767745	202	PLAYER StyracoS	TOTAL_LEVEL_UP	4
1774806767745	202	PLAYER StyracoS	LEVEL_UP	Prayer	5
1774806767745	202	PLAYER StyracoS	SET_EXP	Prayer	4050
1774806767770	202	PLAYER IceBerg	EXP	Fishing	10.0
1774806767770	202	PLAYER IceBerg	TOTAL_LEVEL_UP	1
1774806767770	202	PLAYER IceBerg	LEVEL_UP	Fishing	2
1774806767770	202	PLAYER IceBerg	SET_EXP	Fishing	1200
1774806767771	202	PLAYER HeadHunter	TOOK	FLOOR_ITEM raw_chicken:1	TILE 3233,3299,0
1774806767772	202	PLAYER Ril	EXP	Thieving	8.0
1774806767772	202	PLAYER Ril	SET_EXP	Thieving	7200
1774806767772	202	PLAYER PrairieP	TOOK	FLOOR_ITEM raw_chicken:1	TILE 3235,3292,0
1774806768345	203	BOT SundayFun	START_ACTIVITY	draynor_north_trees
1774806768345	203	BOT SkidMark	START_ACTIVITY	go_to_varrock_south_east_mine
1774806768345	203	BOT SpeedHack99	START_ACTIVITY	go_to_varrock_south_east_mine
1774806768345	203	BOT ProPunch	FAILED	go_to_varrock_south_east_mine	Stuck	0	BotWalkTo
1774806768345	203	BOT LaunchDay	ASSIGNED	lumbridge_crayfish
1774806768346	203	PLAYER SilentScrem	EXP	Prayer	4.5
1774806768346	203	PLAYER SilentScrem	SET_EXP	Prayer	3510
1774806768375	203	PLAYER Zapdos	EXP	Defence	0.4
1774806768375	203	PLAYER Zapdos	SET_EXP	Defence	1464
1774806768376	203	PLAYER Zapdos	EXP	Constitution	0.13333333333333333
1774806768376	203	PLAYER Zapdos	SET_EXP	Constitution	12028
1774806768376	203	PLAYER SacredProf	TOOK	FLOOR_ITEM bones:1	TILE 3232,3295,0
1774806768946	204	BOT YutytyrannY	COMPLETED	withdraw_from_bank
1774806768946	204	BOT LaunchDay	START_RESOLVER	take_from_shop	lumbridge_crayfish
1774806768946	204	BOT FullStackF	FAILED	go_to_hanks_fishing_shop	Timeout	18	BotWalkTo
1774806768959	204	PLAYER SacredProf	KILLED	NPC chicken:10310	TILE 3226,3297,0
1774806768959	204	NPC chicken:10310	DROPPED	ITEM feather:5	ITEM bones:1	ITEM raw_chicken:1
1774806768971	204	PLAYER SacredProf	TOOK	FLOOR_ITEM raw_chicken:1	TILE 3232,3295,0
1774806769546	205	BOT ProPunch	START_ACTIVITY	go_to_varrock_south_east_mine
1774806769546	205	BOT YutytyrannY	START_RESOLVER	go_to_area	lumbridge_crayfish
1774806769546	205	BOT LaunchDay	START_ACTIVITY	take_from_shop
1774806769546	205	BOT FullStackF	ASSIGNED	lumbridge_crayfish
1774806769573	205	PLAYER Halp	EXP	Mining	17.5
1774806769573	205	PLAYER Halp	TOTAL_LEVEL_UP	1
1774806769573	205	PLAYER Halp	LEVEL_UP	Mining	2
1774806769573	205	PLAYER Halp	SET_EXP	Mining	1050
1774806769574	205	PLAYER Halp	TASK_COMPLETED	heavy_metal_task
1774806769575	205	PLAYER Ice	EXP	Woodcutting	25.0
1774806769575	205	PLAYER Ice	TOTAL_LEVEL_UP	5
1774806769575	205	PLAYER Ice	LEVEL_UP	Woodcutting	6
1774806769575	205	PLAYER Ice	SET_EXP	Woodcutting	6000
1774806770147	206	BOT Blueberry	COMPLETED	melee_tutor_strength
1774806770147	206	BOT SkidMark	FAILED	go_to_varrock_south_east_mine	Stuck	0	BotWalkTo
1774806770147	206	BOT SpeedHack99	FAILED	go_to_varrock_south_east_mine	Stuck	0	BotWalkTo
1774806770147	206	BOT YutytyrannY	START_ACTIVITY	go_to_area
1774806770147	206	BOT FullStackF	START_RESOLVER	take_from_shop	lumbridge_crayfish
1774806770148	206	PLAYER StyracoS	EXP	Prayer	4.5
1774806770148	206	PLAYER StyracoS	SET_EXP	Prayer	4320
1774806770172	206	PLAYER BrokenWheel	EXP	Strength	2.0
1774806770172	206	PLAYER BrokenWheel	TOTAL_LEVEL_UP	1
1774806770172	206	PLAYER BrokenWheel	LEVEL_UP	Strength	2
1774806770172	206	PLAYER BrokenWheel	SET_EXP	Strength	840
1774806770172	206	PLAYER BrokenWheel	EXP	Constitution	0.6666666666666666
1774806770172	206	PLAYER BrokenWheel	SET_EXP	Constitution	11820
1774806770747	207	BOT Blueberry	ASSIGNED	melee_tutor_strength
1774806770747	207	BOT Matoya	COMPLETED	go_to_varrock_south_east_mine
1774806770748	207	BOT LaunchDay	START_ACTIVITY	go_to_hanks_fishing_shop
1774806770748	207	BOT FullStackF	START_ACTIVITY	take_from_shop
1774806770749	207	PLAYER SilentScrem	EXP	Prayer	4.5
1774806770749	207	PLAYER SilentScrem	SET_EXP	Prayer	3780
1774806770765	207	PLAYER BrokenWheel	KILLED	NPC chicken_brown:10357	TILE 3225,3297,0
1774806770765	207	NPC chicken_brown:10357	DROPPED	ITEM feather:5	ITEM bones:1	ITEM raw_chicken:1
1774806770777	207	PLAYER Zapdos	EXP	Defence	3.2
1774806770777	207	PLAYER Zapdos	SET_EXP	Defence	1656
1774806770777	207	PLAYER Zapdos	EXP	Constitution	1.0666666666666667
1774806770777	207	PLAYER Zapdos	SET_EXP	Constitution	12092
1774806771348	208	BOT Blueberry	START_ACTIVITY	melee_tutor_strength
1774806771348	208	BOT SkidMark	START_ACTIVITY	go_to_varrock_south_east_mine
1774806771349	208	BOT SpeedHack99	START_ACTIVITY	go_to_varrock_south_east_mine
1774806771349	208	BOT ProPunch	FAILED	go_to_varrock_south_east_mine	Stuck	0	BotWalkTo
1774806771349	208	BOT YutytyrannY	START_ACTIVITY	go_to_lumbridge_south_river_fishing_area
1774806771376	208	PLAYER AlosaurAce	EXP	Mining	17.5
1774806771376	208	PLAYER AlosaurAce	TOTAL_LEVEL_UP	1
1774806771376	208	PLAYER AlosaurAce	LEVEL_UP	Mining	2
1774806771376	208	PLAYER AlosaurAce	SET_EXP	Mining	1050
1774806771377	208	PLAYER AlosaurAce	TASK_COMPLETED	take_your_pick_task
1774806771378	208	PLAYER PrairieP	TOOK	FLOOR_ITEM bones:1	TILE 3227,3297,0
1774806771950	209	BOT Matoya	COMPLETED	go_to_area
1774806771950	209	BOT LaunchDay	COMPLETED	go_to_hanks_fishing_shop
1774806771950	209	BOT FullStackF	START_ACTIVITY	go_to_hanks_fishing_shop
1774806771976	209	PLAYER PrairieP	TOOK	FLOOR_ITEM raw_chicken:1	TILE 3227,3297,0
1774806771976	209	PLAYER SacredProf	TOOK	FLOOR_ITEM feather:5	TILE 3226,3297,0
1774806771976	209	PLAYER SparrowS	EXP	Fishing	10.0
1774806771976	209	PLAYER SparrowS	TOTAL_LEVEL_UP	1
1774806771976	209	PLAYER SparrowS	LEVEL_UP	Fishing	2
1774806771977	209	PLAYER SparrowS	SET_EXP	Fishing	1200
1774806772550	210	BOT Matoya	START_ACTIVITY	varrock_tin_mining
1774806772550	210	BOT ProPunch	START_ACTIVITY	go_to_varrock_south_east_mine
1774806772551	210	PLAYER StyracoS	EXP	Prayer	4.5
1774806772551	210	PLAYER StyracoS	SET_EXP	Prayer	4590
1774806772574	210	PLAYER BrokenWheel	EXP	Strength	5.6
1774806772574	210	PLAYER BrokenWheel	SET_EXP	Strength	1176
1774806772575	210	PLAYER BrokenWheel	EXP	Constitution	1.8666666666666667
1774806772575	210	PLAYER BrokenWheel	SET_EXP	Constitution	11932
1774806772576	210	PLAYER SacredProf	TOOK	FLOOR_ITEM bones:1	TILE 3226,3297,0
1774806773151	211	BOT SkidMark	FAILED	go_to_varrock_south_east_mine	Stuck	0	BotWalkTo
1774806773151	211	BOT SpeedHack99	FAILED	go_to_varrock_south_east_mine	Stuck	0	BotWalkTo
1774806773151	211	BOT FullStackF	COMPLETED	go_to_hanks_fishing_shop
1774806773151	211	PLAYER SilentScrem	EXP	Prayer	4.5
1774806773151	211	PLAYER SilentScrem	TOTAL_LEVEL_UP	4
1774806773151	211	PLAYER SilentScrem	LEVEL_UP	Prayer	5
1774806773151	211	PLAYER SilentScrem	SET_EXP	Prayer	4050
1774806773178	211	PLAYER Zapdos	EXP	Defence	0.8
1774806773178	211	PLAYER Zapdos	SET_EXP	Defence	1704
1774806773178	211	PLAYER Zapdos	EXP	Constitution	0.26666666666666666
1774806773178	211	PLAYER Zapdos	SET_EXP	Constitution	12108
1774806773179	211	PLAYER SacredProf	TOOK	FLOOR_ITEM raw_chicken:1	TILE 3226,3297,0
1774806773752	212	BOT BigOof	COMPLETED	withdraw_from_bank
1774806773775	212	PLAYER Gunslinger	EXP	Mining	17.5
1774806773775	212	PLAYER Gunslinger	TOTAL_LEVEL_UP	3
1774806773775	212	PLAYER Gunslinger	LEVEL_UP	Mining	4
1774806773776	212	PLAYER Gunslinger	SET_EXP	Mining	3150
1774806774352	213	BOT Blueberry	COMPLETED	melee_tutor_strength
1774806774352	213	BOT AprilFool	COMPLETED	go_to_varrock_south_east_mine
1774806774352	213	BOT SkidMark	START_ACTIVITY	go_to_varrock_south_east_mine
1774806774352	213	BOT SpeedHack99	START_ACTIVITY	go_to_varrock_south_east_mine
1774806774352	213	BOT ProPunch	FAILED	go_to_varrock_south_east_mine	Stuck	0	BotWalkTo
1774806774353	213	BOT BigOof	START_RESOLVER	go_to_area	lumbridge_crayfish
1774806774953	214	BOT Blueberry	ASSIGNED	melee_tutor_strength
1774806774953	214	BOT BigOof	START_ACTIVITY	go_to_area
1774806774953	214	PLAYER StyracoS	EXP	Prayer	4.5
1774806774953	214	PLAYER StyracoS	SET_EXP	Prayer	4860
1774806774977	214	PLAYER BrokenWheel	EXP	Strength	4.4
1774806774977	214	PLAYER BrokenWheel	SET_EXP	Strength	1440
1774806774978	214	PLAYER BrokenWheel	EXP	Constitution	1.4666666666666666
1774806774978	214	PLAYER BrokenWheel	SET_EXP	Constitution	12020
1774806774978	214	PLAYER Blueberry	EXP	Strength	7.2
1774806774978	214	PLAYER Blueberry	SET_EXP	Strength	4560
1774806774979	214	PLAYER Blueberry	EXP	Constitution	2.4
1774806774979	214	PLAYER Blueberry	SET_EXP	Constitution	13060
1774806774980	214	PLAYER SacredProf	EXP	Defence	3.2
1774806774980	214	PLAYER SacredProf	SET_EXP	Defence	1632
1774806774980	214	PLAYER SacredProf	EXP	Constitution	1.0666666666666667
1774806774980	214	PLAYER SacredProf	SET_EXP	Constitution	12084
1774806774981	214	PLAYER SparrowS	EXP	Fishing	10.0
1774806774981	214	PLAYER SparrowS	TOTAL_LEVEL_UP	2
1774806774981	214	PLAYER SparrowS	LEVEL_UP	Fishing	3
1774806774981	214	PLAYER SparrowS	SET_EXP	Fishing	1800
1774806775553	215	BOT Blueberry	START_ACTIVITY	melee_tutor_strength
1774806775553	215	BOT ProPunch	START_ACTIVITY	go_to_varrock_south_east_mine
1774806775554	215	BOT Farmer Plow	FAILED	go_to_al_kharid_mine_north	Timeout	19	BotWalkTo
1774806775554	215	PLAYER SilentScrem	EXP	Prayer	4.5
1774806775554	215	PLAYER SilentScrem	SET_EXP	Prayer	4320
1774806775580	215	PLAYER GuppyGary	EXP	Mining	17.5
1774806775581	215	PLAYER GuppyGary	TOTAL_LEVEL_UP	2
1774806775581	215	PLAYER GuppyGary	LEVEL_UP	Mining	3
1774806775581	215	PLAYER GuppyGary	SET_EXP	Mining	2100
1774806775581	215	PLAYER LazyLuke	EXP	Fishing	10.0
1774806775581	215	PLAYER LazyLuke	TOTAL_LEVEL_UP	3
1774806775581	215	PLAYER LazyLuke	LEVEL_UP	Fishing	4
1774806775582	215	PLAYER LazyLuke	SET_EXP	Fishing	3000
1774806776154	216	BOT AprilFool	COMPLETED	go_to_area
1774806776154	216	BOT SkidMark	FAILED	go_to_varrock_south_east_mine	Stuck	0	BotWalkTo
1774806776154	216	BOT SpeedHack99	FAILED	go_to_varrock_south_east_mine	Stuck	0	BotWalkTo
1774806776155	216	BOT Farmer Plow	ASSIGNED	al_kharid_north_copper_mining
1774806776155	216	BOT BigOof	START_ACTIVITY	go_to_lumbridge_south_river_fishing_area
1774806776177	216	PLAYER YutytyrannY	TELED	TILE 3205,3209,1
1774806776179	216	PLAYER PrairieP	EXP	Attack	3.2
1774806776179	216	PLAYER PrairieP	SET_EXP	Attack	1632
1774806776179	216	PLAYER PrairieP	EXP	Constitution	1.0666666666666667
1774806776180	216	PLAYER PrairieP	SET_EXP	Constitution	12084
1774806776755	217	BOT AprilFool	START_ACTIVITY	varrock_tin_mining
1774806776755	217	BOT Farmer Plow	START_RESOLVER	go_to_area	al_kharid_north_copper_mining
1774806776755	217	BOT YudonYuri	COMPLETED	harlan_sword
1774806777356	218	BOT SkidMark	START_ACTIVITY	go_to_varrock_south_east_mine
1774806777356	218	BOT SpeedHack99	START_ACTIVITY	go_to_varrock_south_east_mine
1774806777356	218	BOT ProPunch	FAILED	go_to_varrock_south_east_mine	Stuck	0	BotWalkTo
1774806777356	218	BOT Farmer Plow	START_ACTIVITY	go_to_area
1774806777357	218	BOT YudonYuri	START_RESOLVER	equip_items	melee_tutor_attack
1774806777357	218	PLAYER StyracoS	EXP	Prayer	4.5
1774806777357	218	PLAYER StyracoS	TOTAL_LEVEL_UP	5
1774806777357	218	PLAYER StyracoS	LEVEL_UP	Prayer	6
1774806777357	218	PLAYER StyracoS	SET_EXP	Prayer	5130
1774806777380	218	PLAYER Maikeru	EXP	Thieving	8.0
1774806777381	218	PLAYER Maikeru	SET_EXP	Thieving	4800
1774806777382	218	PLAYER Ril	EXP	Thieving	8.0
1774806777382	218	PLAYER Ril	SET_EXP	Thieving	7680
1774806777383	218	PLAYER SacredProf	EXP	Defence	1.2
1774806777383	218	PLAYER SacredProf	SET_EXP	Defence	1704
1774806777383	218	PLAYER SacredProf	EXP	Constitution	0.4
1774806777383	218	PLAYER SacredProf	SET_EXP	Constitution	12108
1774806777384	218	PLAYER Tuga	EXP	Fishing	10.0
1774806777384	218	PLAYER Tuga	TOTAL_LEVEL_UP	3
1774806777384	218	PLAYER Tuga	LEVEL_UP	Fishing	4
1774806777384	218	PLAYER Tuga	SET_EXP	Fishing	3000
1774806777958	219	BOT YudonYuri	START_ACTIVITY	equip_items
1774806777958	219	PLAYER SilentScrem	EXP	Prayer	4.5
1774806777958	219	PLAYER SilentScrem	SET_EXP	Prayer	4590
1774806777984	219	PLAYER BrokenWheel	TOOK	FLOOR_ITEM feather:5	TILE 3225,3297,0
1774806777985	219	PLAYER Zapdos	EXP	Defence	1.2
1774806777985	219	PLAYER Zapdos	TOTAL_LEVEL_UP	2
1774806777985	219	PLAYER Zapdos	LEVEL_UP	Defence	3
1774806777985	219	PLAYER Zapdos	SET_EXP	Defence	1776
1774806777986	219	PLAYER Zapdos	EXP	Constitution	0.4
1774806777986	219	PLAYER Zapdos	SET_EXP	Constitution	12132
1774806778558	220	BOT Blueberry	COMPLETED	melee_tutor_strength
1774806778558	220	BOT ProPunch	START_ACTIVITY	go_to_varrock_south_east_mine
1774806778558	220	BOT Farmer Plow	START_ACTIVITY	go_to_al_kharid_mine_north
1774806778558	220	PLAYER YudonYuri	TASK_COMPLETED	armed_and_dangerous_task
1774806778571	220	PLAYER BrokenWheel	KILLED	NPC chicken:10308	TILE 3229,3298,0
1774806778571	220	NPC chicken:10308	DROPPED	ITEM feather:5	ITEM bones:1	ITEM raw_chicken:1
1774806778582	220	PLAYER YutytyrannY	TELED	TILE 3205,3209,0
1774806778583	220	PLAYER BrokenWheel	TOOK	FLOOR_ITEM bones:1	TILE 3225,3297,0
1774806778583	220	PLAYER PrairieP	EXP	Attack	0.4
1774806778583	220	PLAYER PrairieP	SET_EXP	Attack	1656
1774806778584	220	PLAYER PrairieP	EXP	Constitution	0.13333333333333333
1774806778584	220	PLAYER PrairieP	SET_EXP	Constitution	12092
1774806779158	221	BOT Blueberry	ASSIGNED	melee_tutor_strength
1774806779158	221	BOT SkidMark	FAILED	go_to_varrock_south_east_mine	Stuck	0	BotWalkTo
1774806779158	221	BOT SpeedHack99	FAILED	go_to_varrock_south_east_mine	Stuck	0	BotWalkTo
1774806779158	221	BOT LaunchDay	COMPLETED	take_from_shop
1774806779184	221	PLAYER BrokenWheel	TOOK	FLOOR_ITEM raw_chicken:1	TILE 3225,3297,0
1774806779759	222	BOT Blueberry	START_ACTIVITY	melee_tutor_strength
1774806779759	222	BOT LaunchDay	START_RESOLVER	deposit_all_bank	lumbridge_crayfish
1774806779760	222	PLAYER StyracoS	EXP	Prayer	4.5
1774806779760	222	PLAYER StyracoS	SET_EXP	Prayer	5400
1774806779783	222	PLAYER Maikeru	EXP	Thieving	8.0
1774806779783	222	PLAYER Maikeru	TOTAL_LEVEL_UP	5
1774806779783	222	PLAYER Maikeru	LEVEL_UP	Thieving	6
1774806779784	222	PLAYER Maikeru	SET_EXP	Thieving	5280
1774806779785	222	PLAYER Gunslinger	EXP	Mining	17.5
1774806779785	222	PLAYER Gunslinger	TASK_COMPLETED	hack_and_smash_task
1774806779785	222	PLAYER Gunslinger	TOTAL_LEVEL_UP	4
1774806779785	222	PLAYER Gunslinger	LEVEL_UP	Mining	5
1774806779785	222	PLAYER Gunslinger	SET_EXP	Mining	4200
1774806779786	222	PLAYER Hanbo Short	EXP	Woodcutting	25.0
1774806779786	222	PLAYER Hanbo Short	TOTAL_LEVEL_UP	4
1774806779786	222	PLAYER Hanbo Short	LEVEL_UP	Woodcutting	5
1774806779786	222	PLAYER Hanbo Short	SET_EXP	Woodcutting	4500
1774806779786	222	PLAYER SacredProf	EXP	Defence	5.2
1774806779786	222	PLAYER SacredProf	TOTAL_LEVEL_UP	2
1774806779786	222	PLAYER SacredProf	LEVEL_UP	Defence	3
1774806779786	222	PLAYER SacredProf	SET_EXP	Defence	2016
1774806779787	222	PLAYER SacredProf	EXP	Constitution	1.7333333333333334
1774806779787	222	PLAYER SacredProf	SET_EXP	Constitution	12212
1774806780360	223	BOT SkidMark	START_ACTIVITY	go_to_varrock_south_east_mine
1774806780360	223	BOT SpeedHack99	START_ACTIVITY	go_to_varrock_south_east_mine
1774806780360	223	BOT ProPunch	FAILED	go_to_varrock_south_east_mine	Stuck	0	BotWalkTo
1774806780360	223	BOT YudonYuri	COMPLETED	equip_items
1774806780360	223	BOT LaunchDay	START_ACTIVITY	deposit_all_bank
1774806780360	223	BOT FullStackF	COMPLETED	take_from_shop
1774806780360	223	PLAYER SilentScrem	EXP	Prayer	4.5
1774806780360	223	PLAYER SilentScrem	SET_EXP	Prayer	4860
1774806780392	223	PLAYER Zapdos	EXP	Defence	5.2
1774806780392	223	PLAYER Zapdos	SET_EXP	Defence	2088
1774806780392	223	PLAYER Zapdos	EXP	Constitution	1.7333333333333334
1774806780392	223	PLAYER Zapdos	SET_EXP	Constitution	12236
1774806780393	223	PLAYER RhoRanger	EXP	Woodcutting	25.0
1774806780393	223	PLAYER RhoRanger	TOTAL_LEVEL_UP	5
1774806780393	223	PLAYER RhoRanger	LEVEL_UP	Woodcutting	6
1774806780393	223	PLAYER RhoRanger	SET_EXP	Woodcutting	6000
1774806780394	223	PLAYER Tuga	EXP	Fishing	10.0
1774806780394	223	PLAYER Tuga	SET_EXP	Fishing	3600
1774806780960	224	BOT YudonYuri	START_ACTIVITY	melee_tutor_attack
1774806780960	224	BOT FullStackF	START_RESOLVER	deposit_all_bank	lumbridge_crayfish
1774806780984	224	PLAYER BrokenWheel	TOOK	FLOOR_ITEM feather:5	TILE 3229,3298,0
1774806780985	224	PLAYER BigOof	TELED	TILE 3205,3209,1
1774806780985	224	PLAYER MegalodonM	EXP	Woodcutting	25.0
1774806780985	224	PLAYER MegalodonM	TOTAL_LEVEL_UP	4
1774806780985	224	PLAYER MegalodonM	LEVEL_UP	Woodcutting	5
1774806780985	224	PLAYER MegalodonM	SET_EXP	Woodcutting	4500
1774806780986	224	PLAYER CamelCarl	TELED	TILE 3205,3209,1
1774806780986	224	PLAYER GuppyGary	EXP	Mining	17.5
1774806780986	224	PLAYER GuppyGary	TOTAL_LEVEL_UP	3
1774806780986	224	PLAYER GuppyGary	LEVEL_UP	Mining	4
1774806780986	224	PLAYER GuppyGary	SET_EXP	Mining	3150
1774806780987	224	PLAYER SparrowS	EXP	Fishing	10.0
1774806780987	224	PLAYER SparrowS	SET_EXP	Fishing	2400
1774806781561	225	BOT ProPunch	START_ACTIVITY	go_to_varrock_south_east_mine
1774806781561	225	BOT LaunchDay	START_ACTIVITY	go_to_bank
1774806781561	225	BOT FullStackF	START_ACTIVITY	deposit_all_bank
1774806781587	225	PLAYER BrokenWheel	TOOK	FLOOR_ITEM bones:1	TILE 3229,3298,0
1774806781588	225	PLAYER HeadHunter	EXP	Attack	2.8
1774806781588	225	PLAYER HeadHunter	TOTAL_LEVEL_UP	1
1774806781588	225	PLAYER HeadHunter	LEVEL_UP	Attack	2
1774806781588	225	PLAYER HeadHunter	SET_EXP	Attack	888
1774806781588	225	PLAYER HeadHunter	EXP	Constitution	0.9333333333333333
1774806781588	225	PLAYER HeadHunter	SET_EXP	Constitution	11836
1774806782161	226	BOT SkidMark	FAILED	go_to_varrock_south_east_mine	Stuck	0	BotWalkTo
1774806782161	226	BOT SpeedHack99	FAILED	go_to_varrock_south_east_mine	Stuck	0	BotWalkTo
1774806782162	226	PLAYER StyracoS	EXP	Prayer	4.5
1774806782162	226	PLAYER StyracoS	SET_EXP	Prayer	5670
1774806782185	226	PLAYER Maikeru	EXP	Thieving	8.0
1774806782185	226	PLAYER Maikeru	SET_EXP	Thieving	5760
1774806782186	226	PLAYER BrokenWheel	TOOK	FLOOR_ITEM raw_chicken:1	TILE 3229,3298,0
1774806782186	226	PLAYER Blueberry	EXP	Strength	3.2
1774806782186	226	PLAYER Blueberry	SET_EXP	Strength	4752
1774806782187	226	PLAYER Blueberry	EXP	Constitution	1.0666666666666667
1774806782187	226	PLAYER Blueberry	SET_EXP	Constitution	13124
1774806782188	226	PLAYER Ice	EXP	Woodcutting	25.0
1774806782188	226	PLAYER Ice	TOTAL_LEVEL_UP	6
1774806782188	226	PLAYER Ice	LEVEL_UP	Woodcutting	7
1774806782188	226	PLAYER Ice	SET_EXP	Woodcutting	7500
1774806782762	227	BOT Blueberry	COMPLETED	melee_tutor_strength
1774806782762	227	BOT FullStackF	START_ACTIVITY	go_to_bank
1774806782763	227	PLAYER SilentScrem	EXP	Prayer	4.5
1774806782763	227	PLAYER SilentScrem	TOTAL_LEVEL_UP	5
1774806782763	227	PLAYER SilentScrem	LEVEL_UP	Prayer	6
1774806782763	227	PLAYER SilentScrem	SET_EXP	Prayer	5130
1774806782788	227	PLAYER BrokenWheel	EXP	Strength	3.2
1774806782788	227	PLAYER BrokenWheel	SET_EXP	Strength	1632
1774806782789	227	PLAYER BrokenWheel	EXP	Constitution	1.0666666666666667
1774806782789	227	PLAYER BrokenWheel	SET_EXP	Constitution	12084
1774806782789	227	PLAYER DeepDan	EXP	Woodcutting	25.0
1774806782789	227	PLAYER DeepDan	TOTAL_LEVEL_UP	8
1774806782789	227	PLAYER DeepDan	LEVEL_UP	Woodcutting	9
1774806782790	227	PLAYER DeepDan	SET_EXP	Woodcutting	10500
1774806782790	227	PLAYER Zapdos	EXP	Defence	1.2
1774806782790	227	PLAYER Zapdos	SET_EXP	Defence	2160
1774806782791	227	PLAYER Zapdos	EXP	Constitution	0.4
1774806782791	227	PLAYER Zapdos	SET_EXP	Constitution	12260
1774806782791	227	PLAYER Hanbo Short	EXP	Woodcutting	25.0
1774806782791	227	PLAYER Hanbo Short	TOTAL_LEVEL_UP	5
1774806782791	227	PLAYER Hanbo Short	LEVEL_UP	Woodcutting	6
1774806782791	227	PLAYER Hanbo Short	SET_EXP	Woodcutting	6000
1774806783363	228	BOT Blueberry	ASSIGNED	melee_tutor_strength
1774806783363	228	BOT SkidMark	START_ACTIVITY	go_to_varrock_south_east_mine
1774806783363	228	BOT SpeedHack99	START_ACTIVITY	go_to_varrock_south_east_mine
1774806783364	228	BOT ProPunch	FAILED	go_to_varrock_south_east_mine	Stuck	0	BotWalkTo
1774806783395	228	PLAYER BigOof	TELED	TILE 3205,3209,0
1774806783395	228	PLAYER CamelCarl	TELED	TILE 3205,3209,2
1774806783396	228	PLAYER RhoRanger	EXP	Woodcutting	25.0
1774806783396	228	PLAYER RhoRanger	TOTAL_LEVEL_UP	6
1774806783396	228	PLAYER RhoRanger	LEVEL_UP	Woodcutting	7
1774806783396	228	PLAYER RhoRanger	SET_EXP	Woodcutting	7500
1774806783397	228	PLAYER AprilFool	EXP	Mining	17.5
1774806783397	228	PLAYER AprilFool	TOTAL_LEVEL_UP	1
1774806783397	228	PLAYER AprilFool	LEVEL_UP	Mining	2
1774806783397	228	PLAYER AprilFool	SET_EXP	Mining	1050
1774806783397	228	PLAYER AprilFool	TASK_COMPLETED	heavy_metal_task
1774806783398	228	PLAYER PrairieP	EXP	Attack	5.6
1774806783398	228	PLAYER PrairieP	TOTAL_LEVEL_UP	2
1774806783398	228	PLAYER PrairieP	LEVEL_UP	Attack	3
1774806783398	228	PLAYER PrairieP	SET_EXP	Attack	1992
1774806783399	228	PLAYER PrairieP	EXP	Constitution	1.8666666666666667
1774806783399	228	PLAYER PrairieP	SET_EXP	Constitution	12204
1774806783963	229	BOT Blueberry	START_ACTIVITY	melee_tutor_strength
1774806783996	229	PLAYER HeadHunter	EXP	Attack	3.6
1774806783996	229	PLAYER HeadHunter	SET_EXP	Attack	1104
1774806783997	229	PLAYER HeadHunter	EXP	Constitution	1.2
1774806783997	229	PLAYER HeadHunter	SET_EXP	Constitution	11908
1774806783998	229	PLAYER YudonYuri	EXP	Attack	1.6
1774806783998	229	PLAYER YudonYuri	SET_EXP	Attack	96
1774806783998	229	PLAYER YudonYuri	EXP	Constitution	0.5333333333333333
1774806783998	229	PLAYER YudonYuri	SET_EXP	Constitution	11572
1774806783999	229	PLAYER Zapdos	TOOK	FLOOR_ITEM feather:15	TILE 3232,3297,0
1774806784565	230	BOT ProPunch	START_ACTIVITY	go_to_varrock_south_east_mine
1774806784565	230	PLAYER StyracoS	EXP	Prayer	4.5
1774806784565	230	PLAYER StyracoS	SET_EXP	Prayer	5940
1774806784594	230	PLAYER Maikeru	EXP	Thieving	8.0
1774806784594	230	PLAYER Maikeru	SET_EXP	Thieving	6240
1774806784595	230	PLAYER Starmie	EXP	Strength	5.6
1774806784595	230	PLAYER Starmie	TOTAL_LEVEL_UP	1
1774806784595	230	PLAYER Starmie	LEVEL_UP	Strength	2
1774806784595	230	PLAYER Starmie	SET_EXP	Strength	1056
1774806784596	230	PLAYER Starmie	EXP	Constitution	1.8666666666666667
1774806784596	230	PLAYER Starmie	SET_EXP	Constitution	11892
1774806784597	230	PLAYER Zapdos	TOOK	FLOOR_ITEM bones:1	TILE 3232,3297,0
1774806784597	230	PLAYER SacredProf	EXP	Defence	2.4
1774806784597	230	PLAYER SacredProf	SET_EXP	Defence	2160
1774806784598	230	PLAYER SacredProf	EXP	Constitution	0.8
1774806784598	230	PLAYER SacredProf	SET_EXP	Constitution	12260
1774806784598	230	PLAYER FakeTruth	EXP	Mining	5.0
1774806784598	230	PLAYER FakeTruth	SET_EXP	Mining	300
1774806785166	231	BOT SkidMark	FAILED	go_to_varrock_south_east_mine	Stuck	0	BotWalkTo
1774806785166	231	BOT SpeedHack99	FAILED	go_to_varrock_south_east_mine	Stuck	0	BotWalkTo
1774806785166	231	PLAYER SilentScrem	EXP	Prayer	4.5
1774806785166	231	PLAYER SilentScrem	SET_EXP	Prayer	5400
1774806785192	231	PLAYER BrokenWheel	EXP	Strength	2.4
1774806785192	231	PLAYER BrokenWheel	TOTAL_LEVEL_UP	2
1774806785192	231	PLAYER BrokenWheel	LEVEL_UP	Strength	3
1774806785192	231	PLAYER BrokenWheel	SET_EXP	Strength	1776
1774806785193	231	PLAYER BrokenWheel	EXP	Constitution	0.8
1774806785193	231	PLAYER BrokenWheel	SET_EXP	Constitution	12132
1774806785194	231	PLAYER Zapdos	TOOK	FLOOR_ITEM raw_chicken:1	TILE 3232,3297,0
1774806785790	232	PLAYER SundayFun	EXP	Woodcutting	25.0
1774806785790	232	PLAYER SundayFun	TOTAL_LEVEL_UP	1
1774806785790	232	PLAYER SundayFun	LEVEL_UP	Woodcutting	2
1774806785790	232	PLAYER SundayFun	SET_EXP	Woodcutting	1500
1774806785791	232	PLAYER SundayFun	TASK_COMPLETED	adventurers_log_task
1774806785792	232	PLAYER MegalodonM	EXP	Woodcutting	25.0
1774806785792	232	PLAYER MegalodonM	TOTAL_LEVEL_UP	5
1774806785792	232	PLAYER MegalodonM	LEVEL_UP	Woodcutting	6
1774806785792	232	PLAYER MegalodonM	SET_EXP	Woodcutting	6000
1774806785793	232	PLAYER Zapdos	EXP	Defence	4.4
1774806785793	232	PLAYER Zapdos	SET_EXP	Defence	2424
1774806785793	232	PLAYER Zapdos	EXP	Constitution	1.4666666666666666
1774806785793	232	PLAYER Zapdos	SET_EXP	Constitution	12348
1774806785794	232	PLAYER PrairieP	EXP	Attack	1.6
1774806785794	232	PLAYER PrairieP	SET_EXP	Attack	2088
1774806785794	232	PLAYER PrairieP	EXP	Constitution	0.5333333333333333
1774806785794	232	PLAYER PrairieP	SET_EXP	Constitution	12236
1774806786368	233	BOT SkidMark	START_ACTIVITY	go_to_varrock_south_east_mine
1774806786368	233	BOT SpeedHack99	START_ACTIVITY	go_to_varrock_south_east_mine
1774806786368	233	BOT ProPunch	FAILED	go_to_varrock_south_east_mine	Stuck	0	BotWalkTo
1774806786383	233	PLAYER Zapdos	KILLED	NPC chicken:10311	TILE 3233,3297,0
1774806786383	233	NPC chicken:10311	DROPPED	ITEM feather:15	ITEM bones:1	ITEM raw_chicken:1
1774806786394	233	PLAYER HeadHunter	EXP	Attack	5.6
1774806786394	233	PLAYER HeadHunter	SET_EXP	Attack	1440
1774806786395	233	PLAYER HeadHunter	EXP	Constitution	1.8666666666666667
1774806786395	233	PLAYER HeadHunter	SET_EXP	Constitution	12020
1774806786395	233	PLAYER YudonYuri	EXP	Attack	3.2
1774806786396	233	PLAYER YudonYuri	SET_EXP	Attack	288
1774806786396	233	PLAYER YudonYuri	EXP	Constitution	1.0666666666666667
1774806786396	233	PLAYER YudonYuri	SET_EXP	Constitution	11636
1774806786397	233	PLAYER Ice	EXP	Woodcutting	25.0
1774806786397	233	PLAYER Ice	TOTAL_LEVEL_UP	7
1774806786397	233	PLAYER Ice	LEVEL_UP	Woodcutting	8
1774806786397	233	PLAYER Ice	SET_EXP	Woodcutting	9000
1774806786969	234	BOT Blueberry	COMPLETED	melee_tutor_strength
1774806786969	234	BOT CamelCarl	COMPLETED	go_to_bank
1774806786969	234	PLAYER StyracoS	EXP	Prayer	4.5
1774806786969	234	PLAYER StyracoS	SET_EXP	Prayer	6210
1774806786993	234	PLAYER Maikeru	EXP	Thieving	8.0
1774806786993	234	PLAYER Maikeru	TOTAL_LEVEL_UP	6
1774806786993	234	PLAYER Maikeru	LEVEL_UP	Thieving	7
1774806786993	234	PLAYER Maikeru	SET_EXP	Thieving	6720
1774806786994	234	PLAYER Blueberry	EXP	Strength	8.4
1774806786994	234	PLAYER Blueberry	TOTAL_LEVEL_UP	5
1774806786994	234	PLAYER Blueberry	LEVEL_UP	Strength	6
1774806786994	234	PLAYER Blueberry	SET_EXP	Strength	5256
1774806786995	234	PLAYER Blueberry	EXP	Constitution	2.8
1774806786995	234	PLAYER Blueberry	SET_EXP	Constitution	13292
1774806786995	234	PLAYER Starmie	EXP	Strength	0.8
1774806786995	234	PLAYER Starmie	SET_EXP	Strength	1104
1774806786996	234	PLAYER Starmie	EXP	Constitution	0.26666666666666666
1774806786996	234	PLAYER Starmie	SET_EXP	Constitution	11908
1774806786996	234	PLAYER Ril	EXP	Thieving	8.0
1774806786996	234	PLAYER Ril	TOTAL_LEVEL_UP	7
1774806786996	234	PLAYER Ril	LEVEL_UP	Thieving	8
1774806786996	234	PLAYER Ril	SET_EXP	Thieving	8160
1774806787570	235	BOT Blueberry	ASSIGNED	magic_tutor
1774806787570	235	BOT ProPunch	START_ACTIVITY	go_to_varrock_south_east_mine
1774806787570	235	BOT Bob	COMPLETED	go_to_varrock_south_east_mine
1774806787570	235	PLAYER SilentScrem	EXP	Prayer	4.5
1774806787570	235	PLAYER SilentScrem	SET_EXP	Prayer	5670
1774806787595	235	PLAYER BrokenWheel	EXP	Strength	1.6
1774806787596	235	PLAYER BrokenWheel	SET_EXP	Strength	1872
1774806787596	235	PLAYER BrokenWheel	EXP	Constitution	0.5333333333333333
1774806787596	235	PLAYER BrokenWheel	SET_EXP	Constitution	12164
1774806788171	236	BOT SkidMark	FAILED	go_to_varrock_south_east_mine	Stuck	0	BotWalkTo
1774806788171	236	BOT SpeedHack99	FAILED	go_to_varrock_south_east_mine	Stuck	0	BotWalkTo
1774806788183	236	PLAYER SacredProf	KILLED	NPC chicken_brown:10358	TILE 3227,3299,0
1774806788184	236	NPC chicken_brown:10358	DROPPED	ITEM feather:5	ITEM bones:1	ITEM raw_chicken:1
1774806788195	236	PLAYER Zapdos	EXP	Defence	4.0
1774806788195	236	PLAYER Zapdos	SET_EXP	Defence	2664
1774806788195	236	PLAYER Zapdos	EXP	Constitution	1.3333333333333333
1774806788195	236	PLAYER Zapdos	SET_EXP	Constitution	12428
1774806788198	236	PLAYER PrairieP	EXP	Attack	1.2
1774806788198	236	PLAYER PrairieP	SET_EXP	Attack	2160
1774806788199	236	PLAYER PrairieP	EXP	Constitution	0.4
1774806788199	236	PLAYER PrairieP	SET_EXP	Constitution	12260
1774806788199	236	PLAYER SacredProf	EXP	Defence	4.8
1774806788199	236	PLAYER SacredProf	SET_EXP	Defence	2448
1774806788199	236	PLAYER SacredProf	EXP	Constitution	1.6
1774806788199	236	PLAYER SacredProf	SET_EXP	Constitution	12356
1774806788772	237	BOT Blueberry	FAILED	magic_tutor	Requirement(BotInventorySetup(items=[BotItem(ids=[air_rune], min=30, max=null, usable=false, equippable=false), BotItem(ids=[mind_rune], min=30, max=null, usable=false, equippable=false)]))	0	BotInterfaceOption
1774806788797	237	PLAYER IceBerg	EXP	Fishing	10.0
1774806788798	237	PLAYER IceBerg	TOTAL_LEVEL_UP	2
1774806788798	237	PLAYER IceBerg	LEVEL_UP	Fishing	3
1774806788798	237	PLAYER IceBerg	SET_EXP	Fishing	1800
1774806788798	237	PLAYER SundayFun	EXP	Woodcutting	25.0
1774806788798	237	PLAYER SundayFun	TOTAL_LEVEL_UP	3
1774806788798	237	PLAYER SundayFun	LEVEL_UP	Woodcutting	4
1774806788799	237	PLAYER SundayFun	SET_EXP	Woodcutting	3000
1774806788799	237	PLAYER YudonYuri	EXP	Attack	3.6
1774806788799	237	PLAYER YudonYuri	SET_EXP	Attack	504
1774806788800	237	PLAYER YudonYuri	EXP	Constitution	1.2
1774806788800	237	PLAYER YudonYuri	SET_EXP	Constitution	11708
1774806789372	238	PLAYER Blueberry	TASK_COMPLETED	hang_on_to_something_task
1774806789373	238	BOT Blueberry	ASSIGNED	melee_tutor_strength
1774806789373	238	BOT SkidMark	START_ACTIVITY	go_to_varrock_south_east_mine
1774806789373	238	BOT SpeedHack99	START_ACTIVITY	go_to_varrock_south_east_mine
1774806789373	238	BOT ProPunch	FAILED	go_to_varrock_south_east_mine	Stuck	0	BotWalkTo
1774806789373	238	BOT Bob	COMPLETED	go_to_area
1774806789373	238	PLAYER StyracoS	EXP	Prayer	4.5
1774806789374	238	PLAYER StyracoS	SET_EXP	Prayer	6480
1774806789397	238	PLAYER Blueberry	EXP	Strength	0.4
1774806789397	238	PLAYER Blueberry	SET_EXP	Strength	5280
1774806789397	238	PLAYER Blueberry	EXP	Constitution	0.13333333333333333
1774806789397	238	PLAYER Blueberry	SET_EXP	Constitution	13300
1774806789398	238	PLAYER Starmie	EXP	Strength	5.2
1774806789398	238	PLAYER Starmie	SET_EXP	Strength	1416
1774806789399	238	PLAYER Starmie	EXP	Constitution	1.7333333333333334
1774806789399	238	PLAYER Starmie	SET_EXP	Constitution	12012
1774806789399	238	PLAYER Ril	EXP	Thieving	8.0
1774806789399	238	PLAYER Ril	SET_EXP	Thieving	8640
1774806789973	239	BOT Blueberry	START_ACTIVITY	melee_tutor_strength
1774806789973	239	BOT Bob	START_ACTIVITY	varrock_copper_mining
1774806789973	239	PLAYER SilentScrem	EXP	Prayer	4.5
1774806789973	239	PLAYER SilentScrem	SET_EXP	Prayer	5940
1774806789989	239	PLAYER HeadHunter	KILLED	NPC chicken_brown:10359	TILE 3228,3298,0
1774806789989	239	NPC chicken_brown:10359	DROPPED	ITEM feather:15	ITEM bones:1	ITEM raw_chicken:1
1774806790000	239	PLAYER BrokenWheel	EXP	Strength	4.8
1774806790000	239	PLAYER BrokenWheel	SET_EXP	Strength	2160
1774806790000	239	PLAYER BrokenWheel	EXP	Constitution	1.6
1774806790000	239	PLAYER BrokenWheel	SET_EXP	Constitution	12260
1774806790001	239	PLAYER Gunslinger	EXP	Mining	17.5
1774806790001	239	PLAYER Gunslinger	TOTAL_LEVEL_UP	5
1774806790001	239	PLAYER Gunslinger	LEVEL_UP	Mining	6
1774806790001	239	PLAYER Gunslinger	SET_EXP	Mining	5250
1774806790002	239	PLAYER FireStarter	EXP	Mining	17.5
1774806790002	239	PLAYER FireStarter	TOTAL_LEVEL_UP	1
1774806790002	239	PLAYER FireStarter	LEVEL_UP	Mining	2
1774806790002	239	PLAYER FireStarter	SET_EXP	Mining	1050
1774806790002	239	PLAYER FireStarter	TASK_COMPLETED	heavy_metal_task
1774806790574	240	BOT ProPunch	START_ACTIVITY	go_to_varrock_south_east_mine
1774806790598	240	PLAYER DeepDan	EXP	Woodcutting	25.0
1774806790598	240	PLAYER DeepDan	TOTAL_LEVEL_UP	9
1774806790598	240	PLAYER DeepDan	LEVEL_UP	Woodcutting	10
1774806790598	240	PLAYER DeepDan	SET_EXP	Woodcutting	12000
1774806790600	240	PLAYER Zapdos	EXP	Defence	3.6
1774806790600	240	PLAYER Zapdos	TOTAL_LEVEL_UP	3
1774806790600	240	PLAYER Zapdos	LEVEL_UP	Defence	4
1774806790600	240	PLAYER Zapdos	SET_EXP	Defence	2880
1774806790600	240	PLAYER Zapdos	EXP	Constitution	1.2
1774806790600	240	PLAYER Zapdos	SET_EXP	Constitution	12500
1774806790601	240	PLAYER SacredProf	EXP	Defence	0.4
1774806790601	240	PLAYER SacredProf	SET_EXP	Defence	2472
1774806790601	240	PLAYER SacredProf	EXP	Constitution	0.13333333333333333
1774806790601	240	PLAYER SacredProf	SET_EXP	Constitution	12364
1774806790602	240	PLAYER LazyLuke	EXP	Fishing	10.0
1774806790602	240	PLAYER LazyLuke	SET_EXP	Fishing	3600
1774806790602	240	PLAYER Cloud	EXP	Fishing	10.0
1774806790602	240	PLAYER Cloud	SET_EXP	Fishing	600
1774806790603	240	PLAYER Cloud	TASK_COMPLETED	shrimpin_aint_easy_task
1774806791174	241	BOT SkidMark	FAILED	go_to_varrock_south_east_mine	Stuck	0	BotWalkTo
1774806791174	241	BOT SpeedHack99	FAILED	go_to_varrock_south_east_mine	Stuck	0	BotWalkTo
1774806791201	241	PLAYER YudonYuri	EXP	Attack	2.8
1774806791201	241	PLAYER YudonYuri	SET_EXP	Attack	672
1774806791201	241	PLAYER YudonYuri	EXP	Constitution	0.9333333333333333
1774806791202	241	PLAYER YudonYuri	SET_EXP	Constitution	11764
1774806791202	241	PLAYER GuppyGary	EXP	Mining	17.5
1774806791202	241	PLAYER GuppyGary	TASK_COMPLETED	hack_and_smash_task
1774806791203	241	PLAYER GuppyGary	TOTAL_LEVEL_UP	4
1774806791203	241	PLAYER GuppyGary	LEVEL_UP	Mining	5
1774806791203	241	PLAYER GuppyGary	SET_EXP	Mining	4200
1774806791776	242	PLAYER StyracoS	EXP	Prayer	4.5
1774806791776	242	PLAYER StyracoS	TOTAL_LEVEL_UP	6
1774806791776	242	PLAYER StyracoS	LEVEL_UP	Prayer	7
1774806791776	242	PLAYER StyracoS	SET_EXP	Prayer	6750
1774806791790	242	PLAYER PrairieP	KILLED	NPC chicken_brown:10360	TILE 3231,3300,0
1774806791790	242	NPC chicken_brown:10360	DROPPED	ITEM feather:15	ITEM bones:1	ITEM raw_chicken:1
1774806791801	242	PLAYER Starmie	EXP	Strength	0.4
1774806791801	242	PLAYER Starmie	SET_EXP	Strength	1440
1774806791802	242	PLAYER Starmie	EXP	Constitution	0.13333333333333333
1774806791802	242	PLAYER Starmie	SET_EXP	Constitution	12020
1774806791802	242	PLAYER Ril	EXP	Thieving	8.0
1774806791802	242	PLAYER Ril	SET_EXP	Thieving	9120
1774806792376	243	BOT SkidMark	START_ACTIVITY	go_to_varrock_south_east_mine
1774806792376	243	BOT SpeedHack99	START_ACTIVITY	go_to_varrock_south_east_mine
1774806792376	243	BOT ProPunch	FAILED	go_to_varrock_south_east_mine	Stuck	0	BotWalkTo
1774806792376	243	PLAYER SilentScrem	EXP	Prayer	4.5
1774806792376	243	PLAYER SilentScrem	SET_EXP	Prayer	6210
1774806792403	243	PLAYER SundayFun	EXP	Woodcutting	25.0
1774806792403	243	PLAYER SundayFun	TOTAL_LEVEL_UP	4
1774806792403	243	PLAYER SundayFun	LEVEL_UP	Woodcutting	5
1774806792403	243	PLAYER SundayFun	SET_EXP	Woodcutting	4500
1774806792404	243	PLAYER Zapdos	TOOK	FLOOR_ITEM feather:15	TILE 3233,3297,0
1774806793001	244	PLAYER Zapdos	TOOK	FLOOR_ITEM bones:1	TILE 3233,3297,0
1774806793001	244	PLAYER RhoRanger	EXP	Woodcutting	25.0
1774806793001	244	PLAYER RhoRanger	TOTAL_LEVEL_UP	7
1774806793001	244	PLAYER RhoRanger	LEVEL_UP	Woodcutting	8
1774806793001	244	PLAYER RhoRanger	SET_EXP	Woodcutting	9000
1774806793002	244	PLAYER SacredProf	EXP	Defence	1.2
1774806793002	244	PLAYER SacredProf	SET_EXP	Defence	2544
1774806793003	244	PLAYER SacredProf	EXP	Constitution	0.4
1774806793003	244	PLAYER SacredProf	SET_EXP	Constitution	12388
1774806793577	245	BOT CamelCarl	FAILED	withdraw_from_bank	Invalid("Invalid interaction: bank:inventory:training_arrows slot -1 option Withdraw-X 4.")	3	BotInterfaceOption
1774806793577	245	BOT ProPunch	START_ACTIVITY	go_to_varrock_south_east_mine
1774806793592	245	PLAYER BrokenWheel	KILLED	NPC chicken_brown:10356	TILE 3230,3297,0
1774806793593	245	NPC chicken_brown:10356	DROPPED	ITEM feather:5	ITEM bones:1	ITEM raw_chicken:1
1774806793605	245	PLAYER Zapdos	TOOK	FLOOR_ITEM raw_chicken:1	TILE 3233,3297,0
1774806793605	245	PLAYER PrairieP	TOOK	FLOOR_ITEM feather:15	TILE 3231,3300,0
1774806794178	246	BOT CamelCarl	ASSIGNED	ranged_tutor
1774806794178	246	BOT SkidMark	FAILED	go_to_varrock_south_east_mine	Stuck	0	BotWalkTo
1774806794178	246	BOT SpeedHack99	FAILED	go_to_varrock_south_east_mine	Stuck	0	BotWalkTo
1774806794179	246	PLAYER StyracoS	EXP	Prayer	4.5
1774806794179	246	PLAYER StyracoS	SET_EXP	Prayer	7020
1774806794191	246	PLAYER Zapdos	KILLED	NPC chicken:10310	TILE 3231,3298,0
1774806794191	246	NPC chicken:10310	DROPPED	ITEM feather:5	ITEM bones:1	ITEM raw_chicken:1
1774806794203	246	PLAYER HeadHunter	TOOK	FLOOR_ITEM feather:15	TILE 3228,3298,0
1774806794203	246	PLAYER MegalodonM	EXP	Woodcutting	25.0
1774806794203	246	PLAYER MegalodonM	TOTAL_LEVEL_UP	6
1774806794203	246	PLAYER MegalodonM	LEVEL_UP	Woodcutting	7
1774806794204	246	PLAYER MegalodonM	SET_EXP	Woodcutting	7500
1774806794204	246	PLAYER Ril	EXP	Thieving	8.0
1774806794204	246	PLAYER Ril	SET_EXP	Thieving	9600
1774806794205	246	PLAYER PrairieP	TOOK	FLOOR_ITEM bones:1	TILE 3231,3300,0
1774806794780	247	BOT Skoll	FAILED	go_to_varrock_south_east_mine	Timeout	19	BotWalkTo
1774806794780	247	PLAYER SilentScrem	EXP	Prayer	4.5
1774806794780	247	PLAYER SilentScrem	SET_EXP	Prayer	6480
1774806794806	247	PLAYER BrokenWheel	EXP	Strength	5.6
1774806794806	247	PLAYER BrokenWheel	SET_EXP	Strength	2496
1774806794807	247	PLAYER BrokenWheel	EXP	Constitution	1.8666666666666667
1774806794807	247	PLAYER BrokenWheel	SET_EXP	Constitution	12372
1774806794807	247	PLAYER HeadHunter	TOOK	FLOOR_ITEM bones:1	TILE 3228,3298,0
1774806794808	247	PLAYER PrairieP	TOOK	FLOOR_ITEM raw_chicken:1	TILE 3231,3300,0
1774806795380	248	BOT CamelCarl	FAILED	ranged_tutor	Requirement(BotEquipmentSetup(items={Ammo=BotItem(ids=[training_arrows], min=10, max=null, usable=false, equippable=false), Weapon=BotItem(ids=[training_bow], min=1, max=null, usable=false, equippable=false)}))	0	BotInterfaceOption
1774806795380	248	BOT SkidMark	START_ACTIVITY	go_to_varrock_south_east_mine
1774806795380	248	BOT SpeedHack99	START_ACTIVITY	go_to_varrock_south_east_mine
1774806795380	248	BOT Skoll	ASSIGNED	varrock_tin_mining
1774806795380	248	BOT ProPunch	FAILED	go_to_varrock_south_east_mine	Stuck	0	BotWalkTo
1774806795392	248	PLAYER Starmie	KILLED	NPC chicken:10309	TILE 3227,3297,0
1774806795392	248	NPC chicken:10309	DROPPED	ITEM bones:1	ITEM raw_chicken:1
1774806795404	248	PLAYER HeadHunter	TOOK	FLOOR_ITEM raw_chicken:1	TILE 3228,3298,0
1774806795404	248	PLAYER DeepDan	EXP	Woodcutting	25.0
1774806795404	248	PLAYER DeepDan	SET_EXP	Woodcutting	13500
1774806795405	248	PLAYER SacredProf	EXP	Defence	0.8
1774806795405	248	PLAYER SacredProf	SET_EXP	Defence	2592
1774806795405	248	PLAYER SacredProf	EXP	Constitution	0.26666666666666666
1774806795405	248	PLAYER SacredProf	SET_EXP	Constitution	12404
1774806795981	249	BOT CamelCarl	ASSIGNED	bury_bones_in_bank
1774806795981	249	BOT Skoll	START_RESOLVER	go_to_area	varrock_tin_mining
1774806796009	249	PLAYER Gunslinger	EXP	Mining	17.5
1774806796009	249	PLAYER Gunslinger	SET_EXP	Mining	6300
1774806796009	249	PLAYER YudonYuri	EXP	Attack	2.8
1774806796010	249	PLAYER YudonYuri	TOTAL_LEVEL_UP	1
1774806796010	249	PLAYER YudonYuri	LEVEL_UP	Attack	2
1774806796010	249	PLAYER YudonYuri	SET_EXP	Attack	840
1774806796010	249	PLAYER YudonYuri	EXP	Constitution	0.9333333333333333
1774806796010	249	PLAYER YudonYuri	SET_EXP	Constitution	11820
1774806796011	249	PLAYER Zapdos	TOOK	FLOOR_ITEM feather:5	TILE 3231,3298,0
1774806796581	250	BOT CamelCarl	START_RESOLVER	withdraw_from_bank	bury_bones_in_bank
1774806796581	250	BOT Skoll	START_ACTIVITY	go_to_area
1774806796581	250	BOT ProPunch	START_ACTIVITY	go_to_varrock_south_east_mine
1774806796582	250	PLAYER StyracoS	EXP	Prayer	4.5
1774806796582	250	PLAYER StyracoS	SET_EXP	Prayer	7290
1774806796606	250	PLAYER Ril	EXP	Thieving	8.0
1774806796606	250	PLAYER Ril	TOTAL_LEVEL_UP	8
1774806796606	250	PLAYER Ril	LEVEL_UP	Thieving	9
1774806796606	250	PLAYER Ril	SET_EXP	Thieving	10080
1774806796607	250	PLAYER Zapdos	TOOK	FLOOR_ITEM bones:1	TILE 3231,3298,0
1774806796607	250	PLAYER LazyLuke	EXP	Fishing	10.0
1774806796607	250	PLAYER LazyLuke	TOTAL_LEVEL_UP	4
1774806796607	250	PLAYER LazyLuke	LEVEL_UP	Fishing	5
1774806796607	250	PLAYER LazyLuke	SET_EXP	Fishing	4200
1774806796608	250	PLAYER zedders	TASK_COMPLETED	on_the_run_task
1774806797182	251	BOT CamelCarl	START_ACTIVITY	withdraw_from_bank
1774806797182	251	BOT SkidMark	FAILED	go_to_varrock_south_east_mine	Stuck	0	BotWalkTo
1774806797182	251	BOT SpeedHack99	FAILED	go_to_varrock_south_east_mine	Stuck	0	BotWalkTo
1774806797183	251	PLAYER SilentScrem	EXP	Prayer	4.5
1774806797183	251	PLAYER SilentScrem	TOTAL_LEVEL_UP	6
1774806797183	251	PLAYER SilentScrem	LEVEL_UP	Prayer	7
1774806797183	251	PLAYER SilentScrem	SET_EXP	Prayer	6750
1774806797209	251	PLAYER BrokenWheel	EXP	Strength	3.2
1774806797209	251	PLAYER BrokenWheel	SET_EXP	Strength	2688
1774806797209	251	PLAYER BrokenWheel	EXP	Constitution	1.0666666666666667
1774806797209	251	PLAYER BrokenWheel	SET_EXP	Constitution	12436
1774806797210	251	PLAYER Starmie	TOOK	FLOOR_ITEM bones:1	TILE 3227,3297,0
1774806797210	251	PLAYER Zapdos	TOOK	FLOOR_ITEM raw_chicken:1	TILE 3231,3298,0
1774806797783	252	BOT Skoll	START_ACTIVITY	go_to_varrock_south_east_mine
1774806797809	252	PLAYER Maikeru	EXP	Thieving	8.0
1774806797809	252	PLAYER Maikeru	SET_EXP	Thieving	7200
1774806797810	252	PLAYER Starmie	TOOK	FLOOR_ITEM raw_chicken:1	TILE 3227,3297,0
1774806797811	252	PLAYER FuturePast	EXP	Mining	17.5
1774806797811	252	PLAYER FuturePast	TOTAL_LEVEL_UP	2
1774806797811	252	PLAYER FuturePast	LEVEL_UP	Mining	3
1774806797811	252	PLAYER FuturePast	SET_EXP	Mining	2100
1774806798383	253	BOT SkidMark	START_ACTIVITY	go_to_varrock_south_east_mine
1774806798383	253	BOT SpeedHack99	START_ACTIVITY	go_to_varrock_south_east_mine
1774806798384	253	BOT ProPunch	FAILED	go_to_varrock_south_east_mine	Stuck	0	BotWalkTo
1774806798384	253	BOT YutytyrannY	COMPLETED	go_to_lumbridge_south_river_fishing_area
1774806798384	253	BOT Farmer Plow	COMPLETED	go_to_al_kharid_mine_north
1774806798410	253	PLAYER YudonYuri	EXP	Attack	2.8
1774806798410	253	PLAYER YudonYuri	SET_EXP	Attack	1008
1774806798410	253	PLAYER YudonYuri	EXP	Constitution	0.9333333333333333
1774806798410	253	PLAYER YudonYuri	SET_EXP	Constitution	11876
1774806798412	253	PLAYER Tuga	EXP	Fishing	10.0
1774806798412	253	PLAYER Tuga	TOTAL_LEVEL_UP	4
1774806798412	253	PLAYER Tuga	LEVEL_UP	Fishing	5
1774806798412	253	PLAYER Tuga	SET_EXP	Fishing	4200
1774806798984	254	PLAYER StyracoS	EXP	Prayer	4.5
1774806798984	254	PLAYER StyracoS	SET_EXP	Prayer	7560
1774806799008	254	PLAYER Ember	EXP	Mining	5.0
1774806799008	254	PLAYER Ember	SET_EXP	Mining	1500
1774806799009	254	PLAYER Ril	EXP	Thieving	8.0
1774806799009	254	PLAYER Ril	SET_EXP	Thieving	10560
1774806799009	254	PLAYER AprilFool	EXP	Mining	17.5
1774806799009	254	PLAYER AprilFool	TOTAL_LEVEL_UP	2
1774806799009	254	PLAYER AprilFool	LEVEL_UP	Mining	3
1774806799009	254	PLAYER AprilFool	SET_EXP	Mining	2100
1774806799586	255	BOT ProPunch	START_ACTIVITY	go_to_varrock_south_east_mine
1774806799587	255	BOT Farmer Plow	COMPLETED	go_to_area
1774806799587	255	PLAYER SilentScrem	EXP	Prayer	4.5
1774806799587	255	PLAYER SilentScrem	SET_EXP	Prayer	7020
1774806800186	256	BOT SkidMark	FAILED	go_to_varrock_south_east_mine	Stuck	0	BotWalkTo
1774806800186	256	BOT SpeedHack99	FAILED	go_to_varrock_south_east_mine	Stuck	0	BotWalkTo
1774806800186	256	BOT YutytyrannY	COMPLETED	go_to_area
1774806800186	256	BOT Farmer Plow	START_ACTIVITY	al_kharid_north_copper_mining
1774806800209	256	PLAYER Maikeru	EXP	Thieving	8.0
1774806800209	256	PLAYER Maikeru	SET_EXP	Thieving	7680
1774806800209	256	PLAYER Halp	EXP	Mining	17.5
1774806800209	256	PLAYER Halp	TOTAL_LEVEL_UP	2
1774806800209	256	PLAYER Halp	LEVEL_UP	Mining	3
1774806800210	256	PLAYER Halp	SET_EXP	Mining	2100
1774806800786	257	BOT YutytyrannY	START_ACTIVITY	lumbridge_crayfish
1774806800812	257	PLAYER IceBerg	EXP	Fishing	10.0
1774806800812	257	PLAYER IceBerg	SET_EXP	Fishing	2400
1774806801388	258	BOT SkidMark	START_ACTIVITY	go_to_varrock_south_east_mine
1774806801388	258	BOT SpeedHack99	START_ACTIVITY	go_to_varrock_south_east_mine
1774806801388	258	BOT ProPunch	FAILED	go_to_varrock_south_east_mine	Stuck	0	BotWalkTo
1774806801388	258	BOT StyracoS	COMPLETED	bury_bones_in_bank
1774806801419	258	PLAYER Blueberry	EXP	Strength	5.2
1774806801419	258	PLAYER Blueberry	SET_EXP	Strength	5592
1774806801420	258	PLAYER Blueberry	EXP	Constitution	1.7333333333333334
1774806801420	258	PLAYER Blueberry	SET_EXP	Constitution	13404
1774806801421	258	PLAYER Ice	EXP	Woodcutting	25.0
1774806801421	258	PLAYER Ice	TOTAL_LEVEL_UP	8
1774806801421	258	PLAYER Ice	LEVEL_UP	Woodcutting	9
1774806801421	258	PLAYER Ice	SET_EXP	Woodcutting	10500
1774806801989	259	BOT Dwarf Mine	FAILED	varrock_east_tin_mining	Timeout	0	BotInteractObject
1774806801989	259	PLAYER SilentScrem	EXP	Prayer	4.5
1774806801989	259	PLAYER SilentScrem	SET_EXP	Prayer	7290
1774806801989	259	BOT StyracoS	ASSIGNED	bury_bones_in_bank
1774806802014	259	PLAYER BrokenWheel	EXP	Strength	3.2
1774806802014	259	PLAYER BrokenWheel	TOTAL_LEVEL_UP	3
1774806802014	259	PLAYER BrokenWheel	LEVEL_UP	Strength	4
1774806802014	259	PLAYER BrokenWheel	SET_EXP	Strength	2880
1774806802015	259	PLAYER BrokenWheel	EXP	Constitution	1.0666666666666667
1774806802015	259	PLAYER BrokenWheel	SET_EXP	Constitution	12500
1774806802589	260	BOT ProPunch	START_ACTIVITY	go_to_varrock_south_east_mine
1774806802589	260	BOT Dwarf Mine	ASSIGNED	bury_bones_in_bank
1774806802589	260	BOT StyracoS	START_RESOLVER	withdraw_from_bank	bury_bones_in_bank
1774806802612	260	PLAYER RhoRanger	EXP	Woodcutting	25.0
1774806802612	260	PLAYER RhoRanger	TOTAL_LEVEL_UP	8
1774806802612	260	PLAYER RhoRanger	LEVEL_UP	Woodcutting	9
1774806802613	260	PLAYER RhoRanger	SET_EXP	Woodcutting	10500
1774806802613	260	PLAYER Hanbo Short	EXP	Woodcutting	25.0
1774806802613	260	PLAYER Hanbo Short	TOTAL_LEVEL_UP	6
1774806802613	260	PLAYER Hanbo Short	LEVEL_UP	Woodcutting	7
1774806802613	260	PLAYER Hanbo Short	SET_EXP	Woodcutting	7500
1774806802614	260	PLAYER SacredProf	EXP	Defence	4.0
1774806802614	260	PLAYER SacredProf	TOTAL_LEVEL_UP	3
1774806802614	260	PLAYER SacredProf	LEVEL_UP	Defence	4
1774806802614	260	PLAYER SacredProf	SET_EXP	Defence	2832
1774806802615	260	PLAYER SacredProf	EXP	Constitution	1.3333333333333333
1774806802615	260	PLAYER SacredProf	SET_EXP	Constitution	12484
1774806802615	260	PLAYER LazyLuke	EXP	Fishing	10.0
1774806802615	260	PLAYER LazyLuke	SET_EXP	Fishing	4800
1774806803189	261	BOT SkidMark	FAILED	go_to_varrock_south_east_mine	Stuck	0	BotWalkTo
1774806803189	261	BOT SpeedHack99	FAILED	go_to_varrock_south_east_mine	Stuck	0	BotWalkTo
1774806803190	261	BOT DownUp99	FAILED	go_to_varrock_south_east_mine	Timeout	19	BotWalkTo
1774806803190	261	BOT BigOof	COMPLETED	go_to_lumbridge_south_river_fishing_area
1774806803190	261	BOT Dwarf Mine	START_RESOLVER	withdraw_from_bank	bury_bones_in_bank
1774806803190	261	BOT StyracoS	START_ACTIVITY	withdraw_from_bank
1774806803216	261	PLAYER YudonYuri	EXP	Attack	2.4
1774806803216	261	PLAYER YudonYuri	SET_EXP	Attack	1152
1774806803216	261	PLAYER YudonYuri	EXP	Constitution	0.8
1774806803216	261	PLAYER YudonYuri	SET_EXP	Constitution	11924
1774806803790	262	BOT CamelCarl	COMPLETED	withdraw_from_bank
1774806803790	262	BOT DownUp99	ASSIGNED	varrock_copper_mining
1774806803790	262	BOT Dwarf Mine	START_ACTIVITY	withdraw_from_bank
1774806803813	262	PLAYER BrokenWheel	TOOK	FLOOR_ITEM feather:5	TILE 3230,3297,0
1774806803813	262	PLAYER Blueberry	EXP	Strength	6.0
1774806803813	262	PLAYER Blueberry	SET_EXP	Strength	5952
1774806803814	262	PLAYER Blueberry	EXP	Constitution	2.0
1774806803814	262	PLAYER Blueberry	SET_EXP	Constitution	13524
1774806803814	262	PLAYER Starmie	EXP	Strength	3.6
1774806803815	262	PLAYER Starmie	SET_EXP	Strength	1656
1774806803815	262	PLAYER Starmie	EXP	Constitution	1.2
1774806803815	262	PLAYER Starmie	SET_EXP	Constitution	12092
1774806804391	263	BOT CamelCarl	START_ACTIVITY	bury_bones_in_bank
1774806804391	263	BOT SkidMark	START_ACTIVITY	go_to_varrock_south_east_mine
1774806804391	263	BOT SpeedHack99	START_ACTIVITY	go_to_varrock_south_east_mine
1774806804391	263	BOT ProPunch	FAILED	go_to_varrock_south_east_mine	Stuck	0	BotWalkTo
1774806804391	263	BOT DownUp99	START_RESOLVER	go_to_area	varrock_copper_mining
1774806804391	263	BOT BigOof	START_ACTIVITY	go_to_lumbridge_south_river_fishing_area
1774806804392	263	PLAYER SilentScrem	EXP	Prayer	4.5
1774806804392	263	PLAYER SilentScrem	SET_EXP	Prayer	7560
1774806804418	263	PLAYER BrokenWheel	TOOK	FLOOR_ITEM bones:1	TILE 3230,3297,0
1774806804419	263	PLAYER Tuga	EXP	Fishing	10.0
1774806804419	263	PLAYER Tuga	SET_EXP	Fishing	4800
1774806804993	264	PLAYER CamelCarl	EXP	Prayer	4.5
1774806804993	264	PLAYER CamelCarl	SET_EXP	Prayer	270
1774806804993	264	PLAYER CamelCarl	TASK_COMPLETED	i_wonder_if_itll_sprout_task
1774806804994	264	BOT DownUp99	START_ACTIVITY	go_to_area
1774806805017	264	PLAYER BrokenWheel	TOOK	FLOOR_ITEM raw_chicken:1	TILE 3230,3297,0
1774806805017	264	PLAYER SacredProf	EXP	Defence	0.8
1774806805017	264	PLAYER SacredProf	SET_EXP	Defence	2880
1774806805018	264	PLAYER SacredProf	EXP	Constitution	0.26666666666666666
1774806805018	264	PLAYER SacredProf	SET_EXP	Constitution	12500
1774806805593	265	BOT ThreatPeace	FAILED	lumbridge_copper_mining	Timeout	0	BotInteractObject
1774806805593	265	BOT ProPunch	START_ACTIVITY	go_to_varrock_south_east_mine
1774806805593	265	BOT BigOof	COMPLETED	go_to_lumbridge_south_river_fishing_area
1774806805598	265	PLAYER zedders	SAID	Hi
1774806805608	265	PLAYER BrokenWheel	KILLED	NPC chicken:10308	TILE 3232,3299,0
1774806805608	265	NPC chicken:10308	DROPPED	ITEM feather:5	ITEM bones:1	ITEM raw_chicken:1
1774806805619	265	PLAYER HeadHunter	EXP	Attack	5.2
1774806805619	265	PLAYER HeadHunter	TOTAL_LEVEL_UP	2
1774806805619	265	PLAYER HeadHunter	LEVEL_UP	Attack	3
1774806805619	265	PLAYER HeadHunter	SET_EXP	Attack	1752
1774806805620	265	PLAYER HeadHunter	EXP	Constitution	1.7333333333333334
1774806805620	265	PLAYER HeadHunter	SET_EXP	Constitution	12124
1774806806194	266	BOT ThreatPeace	ASSIGNED	varrock_east_tin_mining
1774806806194	266	BOT SkidMark	FAILED	go_to_varrock_south_east_mine	Stuck	0	BotWalkTo
1774806806194	266	BOT SpeedHack99	FAILED	go_to_varrock_south_east_mine	Stuck	0	BotWalkTo
1774806806229	266	PLAYER Starmie	EXP	Strength	3.6
1774806806229	266	PLAYER Starmie	TOTAL_LEVEL_UP	2
1774806806229	266	PLAYER Starmie	LEVEL_UP	Strength	3
1774806806230	266	PLAYER Starmie	SET_EXP	Strength	1872
1774806806230	266	PLAYER Starmie	EXP	Constitution	1.2
1774806806230	266	PLAYER Starmie	SET_EXP	Constitution	12164
1774806806231	266	PLAYER GuppyGary	EXP	Mining	17.5
1774806806231	266	PLAYER GuppyGary	TOTAL_LEVEL_UP	5
1774806806231	266	PLAYER GuppyGary	LEVEL_UP	Mining	6
1774806806231	266	PLAYER GuppyGary	SET_EXP	Mining	5250
1774806806794	267	BOT ThreatPeace	START_RESOLVER	withdraw_from_bank	varrock_east_tin_mining
1774806806794	267	BOT BigOof	START_ACTIVITY	go_to_lumbridge_south_river_fishing_area
1774806806794	267	BOT SilentScrem	COMPLETED	bury_bones
1774806806820	267	PLAYER DeepDan	EXP	Woodcutting	25.0
1774806806820	267	PLAYER DeepDan	TOTAL_LEVEL_UP	10
1774806806820	267	PLAYER DeepDan	TASK_COMPLETED	on_the_level_task
1774806806820	267	PLAYER DeepDan	LEVEL_UP	Woodcutting	11
1774806806820	267	PLAYER DeepDan	SET_EXP	Woodcutting	15000
1774806807395	268	PLAYER CamelCarl	EXP	Prayer	4.5
1774806807395	268	PLAYER CamelCarl	SET_EXP	Prayer	540
1774806807395	268	BOT ThreatPeace	START_ACTIVITY	withdraw_from_bank
1774806807395	268	BOT SkidMark	START_ACTIVITY	go_to_varrock_south_east_mine
1774806807395	268	BOT SpeedHack99	START_ACTIVITY	go_to_varrock_south_east_mine
1774806807395	268	BOT ProPunch	FAILED	go_to_varrock_south_east_mine	Stuck	0	BotWalkTo
1774806807395	268	BOT DownUp99	START_ACTIVITY	go_to_varrock_south_east_mine
1774806807395	268	BOT SilentScrem	ASSIGNED	lumbridge_copper_mining
1774806807995	269	BOT BigOof	COMPLETED	go_to_lumbridge_south_river_fishing_area
1774806807995	269	BOT SilentScrem	START_RESOLVER	withdraw_from_bank	lumbridge_copper_mining
1774806808019	269	PLAYER YutytyrannY	EXP	Fishing	10.0
1774806808019	269	PLAYER YutytyrannY	SET_EXP	Fishing	600
1774806808020	269	PLAYER YutytyrannY	TASK_COMPLETED	arent_they_supposed_to_be_twins_task
1774806808021	269	PLAYER BrokenWheel	TOOK	FLOOR_ITEM feather:5	TILE 3232,3299,0
1774806808021	269	PLAYER HeadHunter	EXP	Attack	2.0
1774806808021	269	PLAYER HeadHunter	SET_EXP	Attack	1872
1774806808021	269	PLAYER HeadHunter	EXP	Constitution	0.6666666666666666
1774806808021	269	PLAYER HeadHunter	SET_EXP	Constitution	12164
1774806808021	269	PLAYER YudonYuri	EXP	Attack	4.4
1774806808021	269	PLAYER YudonYuri	SET_EXP	Attack	1416
1774806808022	269	PLAYER YudonYuri	EXP	Constitution	1.4666666666666666
1774806808022	269	PLAYER YudonYuri	SET_EXP	Constitution	12012
1774806808022	269	PLAYER Zapdos	EXP	Defence	2.0
1774806808022	269	PLAYER Zapdos	SET_EXP	Defence	3000
1774806808023	269	PLAYER Zapdos	EXP	Constitution	0.6666666666666666
1774806808023	269	PLAYER Zapdos	SET_EXP	Constitution	12540
1774806808023	269	PLAYER SacredProf	TOOK	FLOOR_ITEM feather:5	TILE 3227,3299,0
1774806808595	270	BOT ProPunch	START_ACTIVITY	go_to_varrock_south_east_mine
1774806808596	270	BOT Astra	FAILED	varrock_east_tin_mining	Timeout	0	BotInteractObject
1774806808596	270	BOT SilentScrem	START_ACTIVITY	withdraw_from_bank
1774806808608	270	PLAYER SacredProf	KILLED	NPC chicken_brown:10357	TILE 3232,3295,0
1774806808608	270	NPC chicken_brown:10357	DROPPED	ITEM feather:5	ITEM bones:1	ITEM raw_chicken:1
1774806808619	270	PLAYER BrokenWheel	TOOK	FLOOR_ITEM bones:1	TILE 3232,3299,0
1774806808619	270	PLAYER Ril	EXP	Thieving	8.0
1774806808619	270	PLAYER Ril	SET_EXP	Thieving	11040
1774806808620	270	PLAYER SacredProf	TOOK	FLOOR_ITEM bones:1	TILE 3227,3299,0
1774806809196	271	BOT SkidMark	FAILED	go_to_varrock_south_east_mine	Stuck	0	BotWalkTo
1774806809196	271	BOT SpeedHack99	FAILED	go_to_varrock_south_east_mine	Stuck	0	BotWalkTo
1774806809196	271	BOT BigOof	START_ACTIVITY	go_to_lumbridge_south_river_fishing_area
1774806809196	271	BOT Astra	ASSIGNED	ranged_tutor
1774806809221	271	PLAYER BrokenWheel	TOOK	FLOOR_ITEM raw_chicken:1	TILE 3232,3299,0
1774806809222	271	PLAYER SacredProf	TOOK	FLOOR_ITEM raw_chicken:1	TILE 3227,3299,0
1774806809797	272	PLAYER CamelCarl	EXP	Prayer	4.5
1774806809797	272	PLAYER CamelCarl	SET_EXP	Prayer	810
1774806809797	272	BOT UnknownX	COMPLETED	go_to_varrock_south_west_mine
1774806809797	272	BOT Astra	START_RESOLVER	withdraw_from_bank	ranged_tutor
1774806809821	272	PLAYER Maikeru	EXP	Thieving	8.0
1774806809821	272	PLAYER Maikeru	TOTAL_LEVEL_UP	7
1774806809821	272	PLAYER Maikeru	LEVEL_UP	Thieving	8
1774806809821	272	PLAYER Maikeru	SET_EXP	Thieving	8160
1774806809822	272	PLAYER BrokenWheel	EXP	Strength	4.4
1774806809822	272	PLAYER BrokenWheel	SET_EXP	Strength	3144
1774806809822	272	PLAYER BrokenWheel	EXP	Constitution	1.4666666666666666
1774806809822	272	PLAYER BrokenWheel	SET_EXP	Constitution	12588
1774806809824	272	PLAYER SacredProf	EXP	Defence	4.8
1774806809824	272	PLAYER SacredProf	SET_EXP	Defence	3168
1774806809824	272	PLAYER SacredProf	EXP	Constitution	1.6
1774806809824	272	PLAYER SacredProf	SET_EXP	Constitution	12596
1774806809824	272	PLAYER FakeTruth	EXP	Mining	5.0
1774806809824	272	PLAYER FakeTruth	SET_EXP	Mining	600
1774806810397	273	BOT SkidMark	START_ACTIVITY	go_to_varrock_south_east_mine
1774806810397	273	BOT SpeedHack99	START_ACTIVITY	go_to_varrock_south_east_mine
1774806810398	273	BOT ProPunch	FAILED	go_to_varrock_south_east_mine	Stuck	0	BotWalkTo
1774806810398	273	BOT BigOof	COMPLETED	go_to_lumbridge_south_river_fishing_area
1774806810398	273	BOT Astra	START_ACTIVITY	withdraw_from_bank
1774806810424	273	PLAYER YudonYuri	EXP	Attack	4.4
1774806810424	273	PLAYER YudonYuri	SET_EXP	Attack	1680
1774806810424	273	PLAYER YudonYuri	EXP	Constitution	1.4666666666666666
1774806810424	273	PLAYER YudonYuri	SET_EXP	Constitution	12100
1774806810425	273	PLAYER Zapdos	EXP	Defence	2.4
1774806810425	273	PLAYER Zapdos	SET_EXP	Defence	3144
1774806810425	273	PLAYER Zapdos	EXP	Constitution	0.8
1774806810425	273	PLAYER Zapdos	SET_EXP	Constitution	12588
1774806810426	273	PLAYER Hanbo Short	EXP	Woodcutting	25.0
1774806810426	273	PLAYER Hanbo Short	TOTAL_LEVEL_UP	7
1774806810426	273	PLAYER Hanbo Short	LEVEL_UP	Woodcutting	8
1774806810426	273	PLAYER Hanbo Short	SET_EXP	Woodcutting	9000
1774806810998	274	BOT StyracoS	COMPLETED	withdraw_from_bank
1774806811021	274	PLAYER Starmie	EXP	Strength	3.6
1774806811021	274	PLAYER Starmie	SET_EXP	Strength	2088
1774806811022	274	PLAYER Starmie	EXP	Constitution	1.2
1774806811022	274	PLAYER Starmie	SET_EXP	Constitution	12236
1774806811022	274	PLAYER Ril	EXP	Thieving	8.0
1774806811022	274	PLAYER Ril	SET_EXP	Thieving	11520
1774806811598	275	BOT ProPunch	START_ACTIVITY	go_to_varrock_south_east_mine
1774806811599	275	BOT BigOof	START_ACTIVITY	go_to_lumbridge_south_river_fishing_area
1774806811599	275	BOT UnknownX	COMPLETED	go_to_area
1774806811624	275	PLAYER Farmer Plow	EXP	Mining	17.5
1774806811624	275	PLAYER Farmer Plow	TOTAL_LEVEL_UP	1
1774806811624	275	PLAYER Farmer Plow	LEVEL_UP	Mining	2
1774806811624	275	PLAYER Farmer Plow	SET_EXP	Mining	1050
1774806812200	276	PLAYER CamelCarl	EXP	Prayer	4.5
1774806812200	276	PLAYER CamelCarl	TOTAL_LEVEL_UP	7
1774806812200	276	PLAYER CamelCarl	LEVEL_UP	Prayer	2
1774806812200	276	PLAYER CamelCarl	SET_EXP	Prayer	1080
1774806812200	276	BOT SkidMark	FAILED	go_to_varrock_south_east_mine	Stuck	0	BotWalkTo
1774806812200	276	BOT SpeedHack99	FAILED	go_to_varrock_south_east_mine	Stuck	0	BotWalkTo
1774806812200	276	BOT Skoll	COMPLETED	go_to_varrock_south_east_mine
1774806812201	276	BOT UnknownX	START_ACTIVITY	varrock_east_tin_mining
1774806812201	276	BOT StyracoS	FAILED	bury_bones_in_bank	Requirement(BotBankSetup(items=[BotItem(ids=[bones], min=28, max=null, usable=false, equippable=false)]))	0	BotInterfaceOption
1774806812203	276	PLAYER ThinkBLUE45	SAID	Hi
1774806812224	276	PLAYER Maikeru	EXP	Thieving	8.0
1774806812224	276	PLAYER Maikeru	SET_EXP	Thieving	8640
1774806812224	276	PLAYER BrokenWheel	EXP	Strength	1.2
1774806812224	276	PLAYER BrokenWheel	SET_EXP	Strength	3216
1774806812225	276	PLAYER BrokenWheel	EXP	Constitution	0.4
1774806812225	276	PLAYER BrokenWheel	SET_EXP	Constitution	12612
1774806812226	276	PLAYER PrairieP	EXP	Attack	1.6
1774806812226	276	PLAYER PrairieP	SET_EXP	Attack	2256
1774806812226	276	PLAYER PrairieP	EXP	Constitution	0.5333333333333333
1774806812226	276	PLAYER PrairieP	SET_EXP	Constitution	12292
1774806812800	277	BOT BigOof	COMPLETED	go_to_lumbridge_south_river_fishing_area
1774806812800	277	BOT StyracoS	ASSIGNED	bury_bones
1774806812825	277	PLAYER SundayFun	EXP	Woodcutting	25.0
1774806812825	277	PLAYER SundayFun	TOTAL_LEVEL_UP	5
1774806812825	277	PLAYER SundayFun	LEVEL_UP	Woodcutting	6
1774806812826	277	PLAYER SundayFun	SET_EXP	Woodcutting	6000
1774806812826	277	PLAYER HeadHunter	EXP	Attack	2.4
1774806812827	277	PLAYER HeadHunter	SET_EXP	Attack	2016
1774806812827	277	PLAYER HeadHunter	EXP	Constitution	0.8
1774806812827	277	PLAYER HeadHunter	SET_EXP	Constitution	12212
1774806812827	277	PLAYER Zapdos	EXP	Defence	4.8
1774806812827	277	PLAYER Zapdos	SET_EXP	Defence	3432
1774806812828	277	PLAYER Zapdos	EXP	Constitution	1.6
1774806812828	277	PLAYER Zapdos	SET_EXP	Constitution	12684
1774806812828	277	PLAYER AlosaurAce	EXP	Mining	17.5
1774806812828	277	PLAYER AlosaurAce	TOTAL_LEVEL_UP	2
1774806812828	277	PLAYER AlosaurAce	LEVEL_UP	Mining	3
1774806812828	277	PLAYER AlosaurAce	SET_EXP	Mining	2100
1774806813401	278	BOT SkidMark	START_ACTIVITY	go_to_varrock_south_east_mine
1774806813401	278	BOT SpeedHack99	START_ACTIVITY	go_to_varrock_south_east_mine
1774806813401	278	BOT ProPunch	FAILED	go_to_varrock_south_east_mine	Stuck	0	BotWalkTo
1774806813401	278	BOT StyracoS	START_ACTIVITY	bury_bones
1774806813424	278	PLAYER Blueberry	EXP	Strength	3.6
1774806813424	278	PLAYER Blueberry	SET_EXP	Strength	6168
1774806813425	278	PLAYER Blueberry	EXP	Constitution	1.2
1774806813425	278	PLAYER Blueberry	TOTAL_LEVEL_UP	6
1774806813425	278	PLAYER Blueberry	LEVEL_UP	Constitution	110
1774806813425	278	PLAYER Blueberry	SET_EXP	Constitution	13596
1774806813425	278	PLAYER Starmie	EXP	Strength	1.2
1774806813425	278	PLAYER Starmie	SET_EXP	Strength	2160
1774806813426	278	PLAYER Starmie	EXP	Constitution	0.4
1774806813426	278	PLAYER Starmie	SET_EXP	Constitution	12260
1774806813426	278	PLAYER Ril	EXP	Thieving	8.0
1774806813426	278	PLAYER Ril	TOTAL_LEVEL_UP	9
1774806813426	278	PLAYER Ril	LEVEL_UP	Thieving	10
1774806813426	278	PLAYER Ril	SET_EXP	Thieving	12000
1774806814002	279	BOT Skoll	COMPLETED	go_to_area
1774806814002	279	BOT BigOof	COMPLETED	go_to_area
1774806814002	279	PLAYER StyracoS	EXP	Prayer	4.5
1774806814002	279	PLAYER StyracoS	SET_EXP	Prayer	7830
1774806814028	279	PLAYER Hanbo Short	EXP	Woodcutting	25.0
1774806814028	279	PLAYER Hanbo Short	TOTAL_LEVEL_UP	8
1774806814028	279	PLAYER Hanbo Short	LEVEL_UP	Woodcutting	9
1774806814028	279	PLAYER Hanbo Short	SET_EXP	Woodcutting	10500
1774806814029	279	PLAYER FullStackF	TELED	TILE 3205,3209,1
1774806814604	280	PLAYER CamelCarl	EXP	Prayer	4.5
1774806814604	280	PLAYER CamelCarl	SET_EXP	Prayer	1350
1774806814605	280	BOT ThreatPeace	START_ACTIVITY	go_to_bank
1774806814605	280	BOT Skoll	START_ACTIVITY	varrock_tin_mining
1774806814605	280	BOT ProPunch	START_ACTIVITY	go_to_varrock_south_east_mine
1774806814605	280	BOT BigOof	START_ACTIVITY	lumbridge_crayfish
1774806814628	280	PLAYER SacredProf	EXP	Defence	4.0
1774806814628	280	PLAYER SacredProf	SET_EXP	Defence	3408
1774806814629	280	PLAYER SacredProf	EXP	Constitution	1.3333333333333333
1774806814629	280	PLAYER SacredProf	SET_EXP	Constitution	12676
1774806814630	280	PLAYER BrokenWheel	EXP	Strength	4.8
1774806814630	280	PLAYER BrokenWheel	SET_EXP	Strength	3504
1774806814630	280	PLAYER BrokenWheel	EXP	Constitution	1.6
1774806814630	280	PLAYER BrokenWheel	SET_EXP	Constitution	12708
1774806814630	280	PLAYER LazyLuke	EXP	Fishing	10.0
1774806814630	280	PLAYER LazyLuke	TOTAL_LEVEL_UP	5
1774806814630	280	PLAYER LazyLuke	LEVEL_UP	Fishing	6
1774806814631	280	PLAYER LazyLuke	SET_EXP	Fishing	5400
1774806814631	280	PLAYER AprilFool	EXP	Mining	17.5
1774806814631	280	PLAYER AprilFool	TOTAL_LEVEL_UP	3
1774806814631	280	PLAYER AprilFool	LEVEL_UP	Mining	4
1774806814631	280	PLAYER AprilFool	SET_EXP	Mining	3150
1774806814632	280	PLAYER Maikeru	EXP	Thieving	8.0
1774806814632	280	PLAYER Maikeru	SET_EXP	Thieving	9120
1774806814632	280	PLAYER PrairieP	EXP	Attack	0.8
1774806814632	280	PLAYER PrairieP	SET_EXP	Attack	2304
1774806814633	280	PLAYER PrairieP	EXP	Constitution	0.26666666666666666
1774806814633	280	PLAYER PrairieP	SET_EXP	Constitution	12308
1774806815204	281	BOT SkidMark	FAILED	go_to_varrock_south_east_mine	Stuck	0	BotWalkTo
1774806815204	281	BOT SpeedHack99	FAILED	go_to_varrock_south_east_mine	Stuck	0	BotWalkTo
1774806815204	281	BOT SilentScrem	COMPLETED	withdraw_from_bank
1774806815230	281	PLAYER HeadHunter	EXP	Attack	2.4
1774806815230	281	PLAYER HeadHunter	SET_EXP	Attack	2160
1774806815230	281	PLAYER HeadHunter	EXP	Constitution	0.8
1774806815230	281	PLAYER HeadHunter	SET_EXP	Constitution	12260
1774806815231	281	PLAYER DeepDan	EXP	Woodcutting	25.0
1774806815231	281	PLAYER DeepDan	TOTAL_LEVEL_UP	11
1774806815231	281	PLAYER DeepDan	LEVEL_UP	Woodcutting	12
1774806815231	281	PLAYER DeepDan	SET_EXP	Woodcutting	16500
1774806815805	282	BOT SilentScrem	START_RESOLVER	go_to_area	lumbridge_copper_mining
1774806815831	282	PLAYER Ril	EXP	Thieving	8.0
1774806815831	282	PLAYER Ril	SET_EXP	Thieving	12480
1774806815832	282	PLAYER SundayFun	EXP	Woodcutting	25.0
1774806815832	282	PLAYER SundayFun	TOTAL_LEVEL_UP	6
1774806815832	282	PLAYER SundayFun	LEVEL_UP	Woodcutting	7
1774806815832	282	PLAYER SundayFun	SET_EXP	Woodcutting	7500
1774806815833	282	PLAYER Blueberry	EXP	Strength	3.6
1774806815833	282	PLAYER Blueberry	SET_EXP	Strength	6384
1774806815834	282	PLAYER Blueberry	EXP	Constitution	1.2
1774806815834	282	PLAYER Blueberry	SET_EXP	Constitution	13668
1774806816406	283	BOT SkidMark	START_ACTIVITY	go_to_varrock_south_east_mine
1774806816406	283	BOT SpeedHack99	START_ACTIVITY	go_to_varrock_south_east_mine
1774806816406	283	BOT ProPunch	FAILED	go_to_varrock_south_east_mine	Stuck	0	BotWalkTo
1774806816406	283	BOT SilentScrem	START_ACTIVITY	go_to_area
1774806816407	283	PLAYER StyracoS	EXP	Prayer	4.5
1774806816407	283	PLAYER StyracoS	TOTAL_LEVEL_UP	7
1774806816407	283	PLAYER StyracoS	LEVEL_UP	Prayer	8
1774806816407	283	PLAYER StyracoS	SET_EXP	Prayer	8100
1774806816433	283	PLAYER RhoRanger	EXP	Woodcutting	25.0
1774806816433	283	PLAYER RhoRanger	TOTAL_LEVEL_UP	9
1774806816433	283	PLAYER RhoRanger	LEVEL_UP	Woodcutting	10
1774806816434	283	PLAYER RhoRanger	SET_EXP	Woodcutting	12000
1774806816434	283	PLAYER FullStackF	TELED	TILE 3205,3209,2
1774806816435	283	PLAYER Ice	EXP	Woodcutting	25.0
1774806816435	283	PLAYER Ice	TOTAL_LEVEL_UP	9
1774806816435	283	PLAYER Ice	LEVEL_UP	Woodcutting	10
1774806816435	283	PLAYER Ice	SET_EXP	Woodcutting	12000
1774806816435	283	PLAYER Starmie	EXP	Strength	5.2
1774806816435	283	PLAYER Starmie	SET_EXP	Strength	2472
1774806816436	283	PLAYER Starmie	EXP	Constitution	1.7333333333333334
1774806816436	283	PLAYER Starmie	SET_EXP	Constitution	12364
1774806816436	283	PLAYER MegalodonM	EXP	Woodcutting	25.0
1774806816436	283	PLAYER MegalodonM	TOTAL_LEVEL_UP	7
1774806816436	283	PLAYER MegalodonM	LEVEL_UP	Woodcutting	8
1774806816436	283	PLAYER MegalodonM	SET_EXP	Woodcutting	9000
1774806816437	283	PLAYER Gunslinger	EXP	Mining	17.5
1774806816437	283	PLAYER Gunslinger	TOTAL_LEVEL_UP	6
1774806816437	283	PLAYER Gunslinger	LEVEL_UP	Mining	7
1774806816437	283	PLAYER Gunslinger	SET_EXP	Mining	7350
1774806817007	284	PLAYER CamelCarl	EXP	Prayer	4.5
1774806817007	284	PLAYER CamelCarl	SET_EXP	Prayer	1620
1774806817020	284	PLAYER Starmie	KILLED	NPC chicken:10311	TILE 3236,3293,0
1774806817020	284	NPC chicken:10311	DROPPED	ITEM feather:5	ITEM bones:1	ITEM raw_chicken:1
1774806817031	284	PLAYER SacredProf	EXP	Defence	0.8
1774806817031	284	PLAYER SacredProf	SET_EXP	Defence	3456
1774806817031	284	PLAYER SacredProf	EXP	Constitution	0.26666666666666666
1774806817031	284	PLAYER SacredProf	SET_EXP	Constitution	12692
1774806817032	284	PLAYER BrokenWheel	EXP	Strength	1.6
1774806817032	284	PLAYER BrokenWheel	SET_EXP	Strength	3600
1774806817032	284	PLAYER BrokenWheel	EXP	Constitution	0.5333333333333333
1774806817032	284	PLAYER BrokenWheel	SET_EXP	Constitution	12740
1774806817033	284	PLAYER PrairieP	EXP	Attack	1.2
1774806817033	284	PLAYER PrairieP	SET_EXP	Attack	2376
1774806817034	284	PLAYER PrairieP	EXP	Constitution	0.4
1774806817034	284	PLAYER PrairieP	SET_EXP	Constitution	12332
1774806817608	285	BOT ProPunch	START_ACTIVITY	go_to_varrock_south_east_mine
1774806817608	285	BOT SilentScrem	START_ACTIVITY	go_to_lumbridge_swamp_east_copper_mine
1774806818208	286	BOT SkidMark	FAILED	go_to_varrock_south_east_mine	Stuck	0	BotWalkTo
1774806818208	286	BOT SpeedHack99	FAILED	go_to_varrock_south_east_mine	Stuck	0	BotWalkTo
1774806818208	286	BOT Dwarf Mine	START_ACTIVITY	go_to_bank
1774806818231	286	PLAYER Lash	EXP	Mining	17.5
1774806818231	286	PLAYER Lash	TOTAL_LEVEL_UP	1
1774806818231	286	PLAYER Lash	LEVEL_UP	Mining	2
1774806818231	286	PLAYER Lash	SET_EXP	Mining	1050
1774806818231	286	PLAYER Lash	TASK_COMPLETED	heavy_metal_task
1774806818232	286	PLAYER Ril	EXP	Thieving	8.0
1774806818232	286	PLAYER Ril	SET_EXP	Thieving	12960
1774806818810	287	PLAYER StyracoS	EXP	Prayer	4.5
1774806818810	287	PLAYER StyracoS	SET_EXP	Prayer	8370
1774806818832	287	PLAYER HeadHunter	KILLED	NPC chicken_brown:10359	TILE 3236,3292,0
1774806818832	287	NPC chicken_brown:10359	DROPPED	ITEM feather:5	ITEM bones:1	ITEM raw_chicken:1
1774806818843	287	PLAYER Ember	EXP	Mining	5.0
1774806818843	287	PLAYER Ember	TOTAL_LEVEL_UP	2
1774806818843	287	PLAYER Ember	LEVEL_UP	Mining	3
1774806818844	287	PLAYER Ember	SET_EXP	Mining	1800
1774806819410	288	PLAYER CamelCarl	EXP	Prayer	4.5
1774806819410	288	PLAYER CamelCarl	TOTAL_LEVEL_UP	8
1774806819410	288	PLAYER CamelCarl	LEVEL_UP	Prayer	3
1774806819410	288	PLAYER CamelCarl	SET_EXP	Prayer	1890
1774806819411	288	BOT SkidMark	START_ACTIVITY	go_to_varrock_south_east_mine
1774806819411	288	BOT SpeedHack99	START_ACTIVITY	go_to_varrock_south_east_mine
1774806819411	288	BOT ProPunch	FAILED	go_to_varrock_south_east_mine	Stuck	0	BotWalkTo
1774806819435	288	PLAYER SacredProf	EXP	Defence	2.4
1774806819435	288	PLAYER SacredProf	SET_EXP	Defence	3600
1774806819435	288	PLAYER SacredProf	EXP	Constitution	0.8
1774806819435	288	PLAYER SacredProf	SET_EXP	Constitution	12740
1774806819436	288	PLAYER SundayFun	EXP	Woodcutting	25.0
1774806819436	288	PLAYER SundayFun	TOTAL_LEVEL_UP	7
1774806819436	288	PLAYER SundayFun	LEVEL_UP	Woodcutting	8
1774806819436	288	PLAYER SundayFun	SET_EXP	Woodcutting	9000
1774806819437	288	PLAYER MegalodonM	EXP	Woodcutting	25.0
1774806819437	288	PLAYER MegalodonM	TOTAL_LEVEL_UP	8
1774806819437	288	PLAYER MegalodonM	LEVEL_UP	Woodcutting	9
1774806819437	288	PLAYER MegalodonM	SET_EXP	Woodcutting	10500
1774806819437	288	PLAYER Tuga	EXP	Fishing	10.0
1774806819437	288	PLAYER Tuga	TOTAL_LEVEL_UP	5
1774806819437	288	PLAYER Tuga	LEVEL_UP	Fishing	6
1774806819437	288	PLAYER Tuga	SET_EXP	Fishing	5400
1774806819438	288	PLAYER PrairieP	EXP	Attack	2.4
1774806819438	288	PLAYER PrairieP	SET_EXP	Attack	2520
1774806819438	288	PLAYER PrairieP	EXP	Constitution	0.8
1774806819438	288	PLAYER PrairieP	SET_EXP	Constitution	12380
1774806820011	289	BOT FullStackF	COMPLETED	go_to_bank
1774806820036	289	PLAYER FakeTruth	EXP	Mining	5.0
1774806820036	289	PLAYER FakeTruth	TOTAL_LEVEL_UP	1
1774806820036	289	PLAYER FakeTruth	LEVEL_UP	Mining	2
1774806820036	289	PLAYER FakeTruth	SET_EXP	Mining	900
1774806820037	289	PLAYER YudonYuri	EXP	Attack	1.2
1774806820038	289	PLAYER YudonYuri	TOTAL_LEVEL_UP	2
1774806820038	289	PLAYER YudonYuri	LEVEL_UP	Attack	3
1774806820038	289	PLAYER YudonYuri	SET_EXP	Attack	1752
1774806820038	289	PLAYER YudonYuri	EXP	Constitution	0.4
1774806820038	289	PLAYER YudonYuri	SET_EXP	Constitution	12124
1774806820038	289	PLAYER SparrowS	EXP	Fishing	10.0
1774806820038	289	PLAYER SparrowS	TOTAL_LEVEL_UP	3
1774806820038	289	PLAYER SparrowS	LEVEL_UP	Fishing	4
1774806820038	289	PLAYER SparrowS	SET_EXP	Fishing	3000
1774806820039	289	PLAYER Zapdos	EXP	Defence	2.8
1774806820039	289	PLAYER Zapdos	SET_EXP	Defence	3600
1774806820039	289	PLAYER Zapdos	EXP	Constitution	0.9333333333333333
1774806820039	289	PLAYER Zapdos	SET_EXP	Constitution	12740
1774806820040	289	PLAYER Hanbo Short	EXP	Woodcutting	25.0
1774806820040	289	PLAYER Hanbo Short	TOTAL_LEVEL_UP	9
1774806820040	289	PLAYER Hanbo Short	LEVEL_UP	Woodcutting	10
1774806820040	289	PLAYER Hanbo Short	SET_EXP	Woodcutting	12000
1774806820611	290	BOT ProPunch	START_ACTIVITY	go_to_varrock_south_east_mine
1774806820624	290	PLAYER BrokenWheel	KILLED	NPC chicken_brown:10360	TILE 3233,3299,0
1774806820624	290	NPC chicken_brown:10360	DROPPED	ITEM feather:15	ITEM bones:1	ITEM raw_chicken:1
1774806820635	290	PLAYER Ril	EXP	Thieving	8.0
1774806820635	290	PLAYER Ril	SET_EXP	Thieving	13440
1774806820635	290	PLAYER AprilFool	EXP	Mining	17.5
1774806820635	290	PLAYER AprilFool	TASK_COMPLETED	hack_and_smash_task
1774806820636	290	PLAYER AprilFool	TOTAL_LEVEL_UP	4
1774806820636	290	PLAYER AprilFool	LEVEL_UP	Mining	5
1774806820636	290	PLAYER AprilFool	SET_EXP	Mining	4200
1774806820637	290	PLAYER Blueberry	EXP	Strength	2.0
1774806820637	290	PLAYER Blueberry	TOTAL_LEVEL_UP	7
1774806820637	290	PLAYER Blueberry	LEVEL_UP	Strength	7
1774806820637	290	PLAYER Blueberry	SET_EXP	Strength	6504
1774806820637	290	PLAYER Blueberry	EXP	Constitution	0.6666666666666666
1774806820637	290	PLAYER Blueberry	SET_EXP	Constitution	13708
1774806821211	291	BOT SkidMark	FAILED	go_to_varrock_south_east_mine	Stuck	0	BotWalkTo
1774806821211	291	BOT SpeedHack99	FAILED	go_to_varrock_south_east_mine	Stuck	0	BotWalkTo
1774806821211	291	BOT DownUp99	COMPLETED	go_to_varrock_south_east_mine
1774806821212	291	PLAYER StyracoS	EXP	Prayer	4.5
1774806821212	291	PLAYER StyracoS	SET_EXP	Prayer	8640
1774806821239	291	PLAYER Starmie	EXP	Strength	6.8
1774806821239	291	PLAYER Starmie	TOTAL_LEVEL_UP	3
1774806821239	291	PLAYER Starmie	LEVEL_UP	Strength	4
1774806821239	291	PLAYER Starmie	SET_EXP	Strength	2880
1774806821239	291	PLAYER Starmie	EXP	Constitution	2.2666666666666666
1774806821239	291	PLAYER Starmie	SET_EXP	Constitution	12500
1774806821812	292	PLAYER CamelCarl	EXP	Prayer	4.5
1774806821812	292	PLAYER CamelCarl	SET_EXP	Prayer	2160
1774806821836	292	PLAYER PrairieP	EXP	Attack	2.0
1774806821836	292	PLAYER PrairieP	SET_EXP	Attack	2640
1774806821836	292	PLAYER PrairieP	EXP	Constitution	0.6666666666666666
1774806821836	292	PLAYER PrairieP	SET_EXP	Constitution	12420
1774806822413	293	BOT SkidMark	START_ACTIVITY	go_to_varrock_south_east_mine
1774806822413	293	BOT SpeedHack99	START_ACTIVITY	go_to_varrock_south_east_mine
1774806822413	293	BOT ProPunch	FAILED	go_to_varrock_south_east_mine	Stuck	0	BotWalkTo
1774806822444	293	PLAYER SacredProf	TOOK	FLOOR_ITEM feather:5	TILE 3232,3295,0
1774806822444	293	PLAYER SilentScrem	TELED	TILE 3205,3209,1
1774806822444	293	PLAYER SundayFun	EXP	Woodcutting	25.0
1774806822444	293	PLAYER SundayFun	TOTAL_LEVEL_UP	8
1774806822444	293	PLAYER SundayFun	LEVEL_UP	Woodcutting	9
1774806822444	293	PLAYER SundayFun	SET_EXP	Woodcutting	10500
1774806822446	293	PLAYER BrokenWheel	TOOK	FLOOR_ITEM feather:15	TILE 3233,3299,0
1774806822446	293	PLAYER HeadHunter	EXP	Attack	4.8
1774806822446	293	PLAYER HeadHunter	SET_EXP	Attack	2448
1774806822447	293	PLAYER HeadHunter	EXP	Constitution	1.6
1774806822447	293	PLAYER HeadHunter	SET_EXP	Constitution	12356
1774806822447	293	PLAYER YudonYuri	EXP	Attack	2.4
1774806822447	293	PLAYER YudonYuri	SET_EXP	Attack	1896
1774806822448	293	PLAYER YudonYuri	EXP	Constitution	0.8
1774806822448	293	PLAYER YudonYuri	SET_EXP	Constitution	12172
1774806823014	294	BOT DownUp99	COMPLETED	go_to_area
1774806823014	294	BOT Waves	FAILED	lumbridge_tin_mining	Timeout	0	BotInteractObject
1774806823026	294	PLAYER SacredProf	KILLED	NPC chicken:10310	TILE 3228,3299,0
1774806823026	294	NPC chicken:10310	DROPPED	ITEM bones:1	ITEM raw_chicken:1
1774806823037	294	PLAYER SacredProf	TOOK	FLOOR_ITEM bones:1	TILE 3232,3295,0
1774806823037	294	PLAYER Ril	EXP	Thieving	8.0
1774806823037	294	PLAYER Ril	TOTAL_LEVEL_UP	10
1774806823037	294	PLAYER Ril	TASK_COMPLETED	on_the_level_task
1774806823037	294	PLAYER Ril	LEVEL_UP	Thieving	11
1774806823037	294	PLAYER Ril	SET_EXP	Thieving	13920
1774806823038	294	PLAYER BrokenWheel	TOOK	FLOOR_ITEM bones:1	TILE 3233,3299,0
1774806823039	294	PLAYER Blueberry	EXP	Strength	3.6
1774806823039	294	PLAYER Blueberry	SET_EXP	Strength	6720
1774806823039	294	PLAYER Blueberry	EXP	Constitution	1.2
1774806823039	294	PLAYER Blueberry	SET_EXP	Constitution	13780
1774806823614	295	BOT ProPunch	START_ACTIVITY	go_to_varrock_south_east_mine
1774806823614	295	BOT DownUp99	START_ACTIVITY	varrock_copper_mining
1774806823614	295	BOT Waves	ASSIGNED	magic_tutor
1774806823614	295	PLAYER StyracoS	EXP	Prayer	4.5
1774806823614	295	PLAYER StyracoS	SET_EXP	Prayer	8910
1774806823629	295	PLAYER Zapdos	KILLED	NPC chicken_brown:10358	TILE 3227,3300,0
1774806823629	295	NPC chicken_brown:10358	DROPPED	ITEM bones:1	ITEM raw_chicken:1
1774806823640	295	PLAYER SacredProf	TOOK	FLOOR_ITEM raw_chicken:1	TILE 3232,3295,0
1774806823640	295	PLAYER BrokenWheel	TOOK	FLOOR_ITEM raw_chicken:1	TILE 3233,3299,0
1774806824216	296	PLAYER CamelCarl	EXP	Prayer	4.5
1774806824216	296	PLAYER CamelCarl	SET_EXP	Prayer	2430
1774806824216	296	BOT SkidMark	FAILED	go_to_varrock_south_east_mine	Stuck	0	BotWalkTo
1774806824216	296	BOT SpeedHack99	FAILED	go_to_varrock_south_east_mine	Stuck	0	BotWalkTo
1774806824217	296	BOT Waves	START_RESOLVER	withdraw_from_bank	magic_tutor
1774806824245	296	PLAYER Ember	EXP	Mining	5.0
1774806824245	296	PLAYER Ember	SET_EXP	Mining	2100
1774806824246	296	PLAYER Maikeru	EXP	Thieving	8.0
1774806824246	296	PLAYER Maikeru	SET_EXP	Thieving	9600
1774806824246	296	PLAYER PrairieP	EXP	Attack	1.6
1774806824246	296	PLAYER PrairieP	SET_EXP	Attack	2736
1774806824246	296	PLAYER PrairieP	EXP	Constitution	0.5333333333333333
1774806824246	296	PLAYER PrairieP	SET_EXP	Constitution	12452
1774806824815	297	PLAYER FullStackF	TASK_COMPLETED	hang_on_to_something_task
1774806824816	297	BOT Waves	START_ACTIVITY	withdraw_from_bank
1774806824831	297	PLAYER Starmie	KILLED	NPC chicken:10309	TILE 3226,3297,0
1774806824831	297	NPC chicken:10309	DROPPED	ITEM bones:1	ITEM raw_chicken:1
1774806824841	297	PLAYER SilentScrem	TELED	TILE 3205,3209,0
1774806824842	297	PLAYER HeadHunter	EXP	Attack	0.4
1774806824842	297	PLAYER HeadHunter	SET_EXP	Attack	2472
1774806824842	297	PLAYER HeadHunter	EXP	Constitution	0.13333333333333333
1774806824842	297	PLAYER HeadHunter	SET_EXP	Constitution	12364
1774806824843	297	PLAYER YudonYuri	EXP	Attack	4.4
1774806824843	297	PLAYER YudonYuri	SET_EXP	Attack	2160
1774806824843	297	PLAYER YudonYuri	EXP	Constitution	1.4666666666666666
1774806824843	297	PLAYER YudonYuri	SET_EXP	Constitution	12260
1774806825415	298	BOT SkidMark	START_ACTIVITY	go_to_varrock_south_east_mine
1774806825415	298	BOT SpeedHack99	START_ACTIVITY	go_to_varrock_south_east_mine
1774806825415	298	BOT ProPunch	FAILED	go_to_varrock_south_east_mine	Stuck	0	BotWalkTo
1774806825438	298	PLAYER Ril	EXP	Thieving	8.0
1774806825438	298	PLAYER Ril	SET_EXP	Thieving	14400
1774806825438	298	PLAYER BrokenWheel	EXP	Strength	2.8
1774806825438	298	PLAYER BrokenWheel	SET_EXP	Strength	3768
1774806825439	298	PLAYER BrokenWheel	EXP	Constitution	0.9333333333333333
1774806825439	298	PLAYER BrokenWheel	SET_EXP	Constitution	12796
1774806826016	299	PLAYER StyracoS	EXP	Prayer	4.5
1774806826016	299	PLAYER StyracoS	SET_EXP	Prayer	9180
1774806826047	299	PLAYER SacredProf	TOOK	FLOOR_ITEM bones:1	TILE 3228,3299,0
1774806826047	299	PLAYER YutytyrannY	EXP	Fishing	10.0
1774806826048	299	PLAYER YutytyrannY	TOTAL_LEVEL_UP	1
1774806826048	299	PLAYER YutytyrannY	LEVEL_UP	Fishing	2
1774806826048	299	PLAYER YutytyrannY	SET_EXP	Fishing	1200
1774806826048	299	PLAYER SundayFun	EXP	Woodcutting	25.0
1774806826048	299	PLAYER SundayFun	TOTAL_LEVEL_UP	9
1774806826048	299	PLAYER SundayFun	LEVEL_UP	Woodcutting	10
1774806826048	299	PLAYER SundayFun	SET_EXP	Woodcutting	12000
1774806826616	300	PLAYER CamelCarl	EXP	Prayer	4.5
1774806826616	300	PLAYER CamelCarl	SET_EXP	Prayer	2700
1774806826617	300	BOT ProPunch	START_ACTIVITY	go_to_varrock_south_east_mine
1774806826617	300	BOT FullStackF	COMPLETED	deposit_all_bank
1774806826640	300	PLAYER SacredProf	TOOK	FLOOR_ITEM raw_chicken:1	TILE 3228,3299,0
1774806826640	300	PLAYER Cloud	EXP	Fishing	10.0
1774806826640	300	PLAYER Cloud	TOTAL_LEVEL_UP	1
1774806826640	300	PLAYER Cloud	LEVEL_UP	Fishing	2
1774806826640	300	PLAYER Cloud	SET_EXP	Fishing	1200
1774806826641	300	PLAYER Starmie	TOOK	FLOOR_ITEM feather:5	TILE 3236,3293,0
1774806826641	300	PLAYER DeepDan	EXP	Woodcutting	25.0
1774806826641	300	PLAYER DeepDan	SET_EXP	Woodcutting	18000
1774806826642	300	PLAYER PrairieP	EXP	Attack	2.4
1774806826642	300	PLAYER PrairieP	TOTAL_LEVEL_UP	3
1774806826642	300	PLAYER PrairieP	LEVEL_UP	Attack	4
1774806826643	300	PLAYER PrairieP	SET_EXP	Attack	2880
1774806826643	300	PLAYER PrairieP	EXP	Constitution	0.8
1774806826643	300	PLAYER PrairieP	SET_EXP	Constitution	12500
1774806826643	300	PLAYER Zapdos	TOOK	FLOOR_ITEM bones:1	TILE 3227,3300,0
1774806827217	301	BOT SkidMark	FAILED	go_to_varrock_south_east_mine	Stuck	0	BotWalkTo
1774806827217	301	BOT SpeedHack99	FAILED	go_to_varrock_south_east_mine	Stuck	0	BotWalkTo
1774806827217	301	BOT FullStackF	START_RESOLVER	withdraw_from_bank	lumbridge_crayfish
1774806827243	301	PLAYER Starmie	TOOK	FLOOR_ITEM bones:1	TILE 3236,3293,0
1774806827243	301	PLAYER Matoya	EXP	Mining	17.5
1774806827243	301	PLAYER Matoya	TOTAL_LEVEL_UP	1
1774806827243	301	PLAYER Matoya	LEVEL_UP	Mining	2
1774806827244	301	PLAYER Matoya	SET_EXP	Mining	1050
1774806827244	301	PLAYER Matoya	TASK_COMPLETED	heavy_metal_task
1774806827245	301	PLAYER Zapdos	TOOK	FLOOR_ITEM raw_chicken:1	TILE 3227,3300,0
1774806827818	302	BOT Maikeru	COMPLETED	lumbridge_pickpocketing
1774806827818	302	BOT FullStackF	START_ACTIVITY	withdraw_from_bank
1774806827841	302	PLAYER BrokenWheel	EXP	Strength	0.4
1774806827841	302	PLAYER BrokenWheel	SET_EXP	Strength	3792
1774806827841	302	PLAYER BrokenWheel	EXP	Constitution	0.13333333333333333
1774806827841	302	PLAYER BrokenWheel	SET_EXP	Constitution	12804
1774806827842	302	PLAYER Starmie	TOOK	FLOOR_ITEM raw_chicken:1	TILE 3236,3293,0
1774806827842	302	PLAYER Blueberry	EXP	Strength	2.4
1774806827842	302	PLAYER Blueberry	SET_EXP	Strength	6864
1774806827843	302	PLAYER Blueberry	EXP	Constitution	0.8
1774806827843	302	PLAYER Blueberry	SET_EXP	Constitution	13828
1774806828418	303	BOT SkidMark	START_ACTIVITY	go_to_varrock_south_east_mine
1774806828418	303	BOT SpeedHack99	START_ACTIVITY	go_to_varrock_south_east_mine
1774806828419	303	BOT Maikeru	ASSIGNED	varrock_east_tin_mining
1774806828419	303	BOT ProPunch	FAILED	go_to_varrock_south_east_mine	Stuck	0	BotWalkTo
1774806828419	303	PLAYER StyracoS	EXP	Prayer	4.5
1774806828419	303	PLAYER StyracoS	SET_EXP	Prayer	9450
1774806828445	303	PLAYER Tuga	EXP	Fishing	10.0
1774806828445	303	PLAYER Tuga	SET_EXP	Fishing	6000
1774806829019	304	PLAYER CamelCarl	EXP	Prayer	4.5
1774806829020	304	PLAYER CamelCarl	TOTAL_LEVEL_UP	9
1774806829020	304	PLAYER CamelCarl	LEVEL_UP	Prayer	4
1774806829020	304	PLAYER CamelCarl	SET_EXP	Prayer	2970
1774806829020	304	BOT Maikeru	START_RESOLVER	deposit_all_bank	varrock_east_tin_mining
1774806829044	304	PLAYER RhoRanger	EXP	Woodcutting	25.0
1774806829044	304	PLAYER RhoRanger	SET_EXP	Woodcutting	13500
1774806829045	304	PLAYER SundayFun	EXP	Woodcutting	25.0
1774806829045	304	PLAYER SundayFun	SET_EXP	Woodcutting	13500
1774806829046	304	PLAYER LazyLuke	EXP	Fishing	10.0
1774806829046	304	PLAYER LazyLuke	SET_EXP	Fishing	6000
1774806829046	304	PLAYER SparrowS	EXP	Fishing	10.0
1774806829046	304	PLAYER SparrowS	SET_EXP	Fishing	3600
1774806829620	305	BOT Maikeru	START_ACTIVITY	deposit_all_bank
1774806829620	305	BOT ProPunch	START_ACTIVITY	go_to_varrock_south_east_mine
1774806829645	305	PLAYER HeadHunter	EXP	Attack	1.6
1774806829645	305	PLAYER HeadHunter	SET_EXP	Attack	2568
1774806829646	305	PLAYER HeadHunter	EXP	Constitution	0.5333333333333333
1774806829646	305	PLAYER HeadHunter	SET_EXP	Constitution	12396
1774806829646	305	PLAYER YudonYuri	EXP	Attack	0.8
1774806829646	305	PLAYER YudonYuri	SET_EXP	Attack	2208
1774806829647	305	PLAYER YudonYuri	EXP	Constitution	0.26666666666666666
1774806829647	305	PLAYER YudonYuri	SET_EXP	Constitution	12276
1774806830220	306	BOT SkidMark	FAILED	go_to_varrock_south_east_mine	Stuck	0	BotWalkTo
1774806830220	306	BOT SpeedHack99	FAILED	go_to_varrock_south_east_mine	Stuck	0	BotWalkTo
1774806830233	306	PLAYER PrairieP	KILLED	NPC chicken_brown:10356	TILE 3226,3299,0
1774806830233	306	NPC chicken_brown:10356	DROPPED	ITEM feather:5	ITEM bones:1	ITEM raw_chicken:1
1774806830243	306	PLAYER BrokenWheel	EXP	Strength	2.0
1774806830243	306	PLAYER BrokenWheel	TOTAL_LEVEL_UP	4
1774806830243	306	PLAYER BrokenWheel	LEVEL_UP	Strength	5
1774806830244	306	PLAYER BrokenWheel	SET_EXP	Strength	3912
1774806830244	306	PLAYER BrokenWheel	EXP	Constitution	0.6666666666666666
1774806830244	306	PLAYER BrokenWheel	SET_EXP	Constitution	12844
1774806830245	306	PLAYER DownUp99	EXP	Mining	17.5
1774806830245	306	PLAYER DownUp99	TOTAL_LEVEL_UP	1
1774806830245	306	PLAYER DownUp99	LEVEL_UP	Mining	2
1774806830245	306	PLAYER DownUp99	SET_EXP	Mining	1050
1774806830245	306	PLAYER BigOof	EXP	Fishing	10.0
1774806830245	306	PLAYER BigOof	SET_EXP	Fishing	600
1774806830246	306	PLAYER BigOof	TASK_COMPLETED	arent_they_supposed_to_be_twins_task
1774806830821	307	PLAYER StyracoS	EXP	Prayer	4.5
1774806830821	307	PLAYER StyracoS	TOTAL_LEVEL_UP	8
1774806830822	307	PLAYER StyracoS	LEVEL_UP	Prayer	9
1774806830822	307	PLAYER StyracoS	SET_EXP	Prayer	9720
1774806831422	308	PLAYER CamelCarl	EXP	Prayer	4.5
1774806831422	308	PLAYER CamelCarl	SET_EXP	Prayer	3240
1774806831422	308	BOT SkidMark	START_ACTIVITY	go_to_varrock_south_east_mine
1774806831422	308	BOT SpeedHack99	START_ACTIVITY	go_to_varrock_south_east_mine
1774806831422	308	BOT ProPunch	FAILED	go_to_varrock_south_east_mine	Stuck	0	BotWalkTo
1774806831445	308	PLAYER Starmie	TOOK	FLOOR_ITEM bones:1	TILE 3226,3297,0
1774806831445	308	PLAYER Waves	EXP	Mining	17.5
1774806831445	308	PLAYER Waves	TOTAL_LEVEL_UP	2
1774806831445	308	PLAYER Waves	LEVEL_UP	Mining	3
1774806831445	308	PLAYER Waves	SET_EXP	Mining	2100
1774806831446	308	PLAYER Gunslinger	EXP	Mining	17.5
1774806831446	308	PLAYER Gunslinger	TOTAL_LEVEL_UP	7
1774806831446	308	PLAYER Gunslinger	LEVEL_UP	Mining	8
1774806831446	308	PLAYER Gunslinger	SET_EXP	Mining	8400
1774806832048	309	PLAYER Starmie	TOOK	FLOOR_ITEM raw_chicken:1	TILE 3226,3297,0
1774806832048	309	PLAYER HeadHunter	EXP	Attack	2.4
1774806832048	309	PLAYER HeadHunter	SET_EXP	Attack	2712
1774806832049	309	PLAYER HeadHunter	EXP	Constitution	0.8
1774806832049	309	PLAYER HeadHunter	SET_EXP	Constitution	12444
1774806832049	309	PLAYER YudonYuri	EXP	Attack	1.6
1774806832049	309	PLAYER YudonYuri	SET_EXP	Attack	2304
1774806832050	309	PLAYER YudonYuri	EXP	Constitution	0.5333333333333333
1774806832050	309	PLAYER YudonYuri	SET_EXP	Constitution	12308
1774806832050	309	PLAYER SparrowS	EXP	Fishing	10.0
1774806832050	309	PLAYER SparrowS	TOTAL_LEVEL_UP	4
1774806832050	309	PLAYER SparrowS	LEVEL_UP	Fishing	5
1774806832050	309	PLAYER SparrowS	SET_EXP	Fishing	4200
1774806832050	309	PLAYER DeepDan	EXP	Woodcutting	25.0
1774806832050	309	PLAYER DeepDan	TOTAL_LEVEL_UP	12
1774806832050	309	PLAYER DeepDan	LEVEL_UP	Woodcutting	13
1774806832050	309	PLAYER DeepDan	SET_EXP	Woodcutting	19500
1774806832051	309	PLAYER PrairieP	TOOK	FLOOR_ITEM feather:5	TILE 3226,3299,0
1774806832623	310	BOT Maikeru	START_ACTIVITY	go_to_bank
1774806832623	310	BOT ProPunch	START_ACTIVITY	go_to_varrock_south_east_mine
1774806832623	310	BOT Waves	START_ACTIVITY	go_to_bank
1774806832646	310	PLAYER BrokenWheel	EXP	Strength	5.2
1774806832646	310	PLAYER BrokenWheel	SET_EXP	Strength	4224
1774806832646	310	PLAYER BrokenWheel	EXP	Constitution	1.7333333333333334
1774806832646	310	PLAYER BrokenWheel	SET_EXP	Constitution	12948
1774806832646	310	PLAYER FuturePast	EXP	Mining	17.5
1774806832646	310	PLAYER FuturePast	TOTAL_LEVEL_UP	3
1774806832646	310	PLAYER FuturePast	LEVEL_UP	Mining	4
1774806832647	310	PLAYER FuturePast	SET_EXP	Mining	3150
1774806832647	310	PLAYER MegalodonM	EXP	Woodcutting	25.0
1774806832647	310	PLAYER MegalodonM	TOTAL_LEVEL_UP	9
1774806832647	310	PLAYER MegalodonM	LEVEL_UP	Woodcutting	10
1774806832647	310	PLAYER MegalodonM	SET_EXP	Woodcutting	12000
1774806832648	310	PLAYER Blueberry	EXP	Strength	3.2
1774806832648	310	PLAYER Blueberry	SET_EXP	Strength	7056
1774806832648	310	PLAYER Blueberry	EXP	Constitution	1.0666666666666667
1774806832648	310	PLAYER Blueberry	SET_EXP	Constitution	13892
1774806832649	310	PLAYER PrairieP	TOOK	FLOOR_ITEM bones:1	TILE 3226,3299,0
1774806833224	311	BOT SkidMark	FAILED	go_to_varrock_south_east_mine	Stuck	0	BotWalkTo
1774806833224	311	BOT SpeedHack99	FAILED	go_to_varrock_south_east_mine	Stuck	0	BotWalkTo
1774806833224	311	PLAYER StyracoS	EXP	Prayer	4.5
1774806833224	311	PLAYER StyracoS	SET_EXP	Prayer	9990
1774806833251	311	PLAYER PrairieP	TOOK	FLOOR_ITEM raw_chicken:1	TILE 3226,3299,0
1774806833824	312	PLAYER CamelCarl	EXP	Prayer	4.5
1774806833825	312	PLAYER CamelCarl	SET_EXP	Prayer	3510
1774806833848	312	PLAYER IceBerg	EXP	Fishing	10.0
1774806833848	312	PLAYER IceBerg	TOTAL_LEVEL_UP	3
1774806833848	312	PLAYER IceBerg	LEVEL_UP	Fishing	4
1774806833848	312	PLAYER IceBerg	SET_EXP	Fishing	3000
1774806834425	313	BOT SkidMark	START_ACTIVITY	go_to_varrock_south_east_mine
1774806834425	313	BOT SpeedHack99	START_ACTIVITY	go_to_varrock_south_east_mine
1774806834425	313	BOT ProPunch	FAILED	go_to_varrock_south_east_mine	Stuck	0	BotWalkTo
1774806834425	313	BOT FullStackF	COMPLETED	withdraw_from_bank
1774806834454	313	PLAYER HeadHunter	EXP	Attack	0.4
1774806834454	313	PLAYER HeadHunter	SET_EXP	Attack	2736
1774806834454	313	PLAYER HeadHunter	EXP	Constitution	0.13333333333333333
1774806834454	313	PLAYER HeadHunter	SET_EXP	Constitution	12452
1774806834455	313	PLAYER Hanbo Short	EXP	Woodcutting	25.0
1774806834455	313	PLAYER Hanbo Short	SET_EXP	Woodcutting	13500
1774806835026	314	BOT FullStackF	START_RESOLVER	go_to_area	lumbridge_crayfish
1774806835049	314	PLAYER FakeTruth	EXP	Mining	5.0
1774806835049	314	PLAYER FakeTruth	SET_EXP	Mining	1200
1774806835049	314	PLAYER SacredProf	EXP	Defence	0.4
1774806835049	314	PLAYER SacredProf	SET_EXP	Defence	3624
1774806835050	314	PLAYER SacredProf	EXP	Constitution	0.13333333333333333
1774806835050	314	PLAYER SacredProf	SET_EXP	Constitution	12748
1774806835051	314	PLAYER Ril	EXP	Thieving	8.0
1774806835051	314	PLAYER Ril	SET_EXP	Thieving	14880
1774806835051	314	PLAYER BrokenWheel	EXP	Strength	1.6
1774806835051	314	PLAYER BrokenWheel	SET_EXP	Strength	4320
1774806835051	314	PLAYER BrokenWheel	EXP	Constitution	0.5333333333333333
1774806835051	314	PLAYER BrokenWheel	SET_EXP	Constitution	12980
1774806835052	314	PLAYER Blueberry	EXP	Strength	3.2
1774806835052	314	PLAYER Blueberry	SET_EXP	Strength	7248
1774806835052	314	PLAYER Blueberry	EXP	Constitution	1.0666666666666667
1774806835052	314	PLAYER Blueberry	SET_EXP	Constitution	13956
1774806835627	315	BOT ProPunch	START_ACTIVITY	go_to_varrock_south_east_mine
1774806835627	315	BOT FullStackF	START_ACTIVITY	go_to_area
1774806835627	315	PLAYER StyracoS	EXP	Prayer	4.5
1774806835627	315	PLAYER StyracoS	SET_EXP	Prayer	10260
1774806835653	315	PLAYER Cloud	EXP	Fishing	10.0
1774806835653	315	PLAYER Cloud	TOTAL_LEVEL_UP	2
1774806835653	315	PLAYER Cloud	LEVEL_UP	Fishing	3
1774806835653	315	PLAYER Cloud	SET_EXP	Fishing	1800
1774806836228	316	PLAYER CamelCarl	EXP	Prayer	4.5
1774806836228	316	PLAYER CamelCarl	SET_EXP	Prayer	3780
1774806836228	316	BOT SkidMark	FAILED	go_to_varrock_south_east_mine	Stuck	0	BotWalkTo
1774806836228	316	BOT SpeedHack99	FAILED	go_to_varrock_south_east_mine	Stuck	0	BotWalkTo
1774806836828	317	BOT FullStackF	START_ACTIVITY	go_to_lumbridge_south_river_fishing_area
1774806836856	317	PLAYER HeadHunter	EXP	Attack	1.2
1774806836856	317	PLAYER HeadHunter	TOTAL_LEVEL_UP	3
1774806836856	317	PLAYER HeadHunter	LEVEL_UP	Attack	4
1774806836856	317	PLAYER HeadHunter	SET_EXP	Attack	2808
1774806836856	317	PLAYER HeadHunter	EXP	Constitution	0.4
1774806836856	317	PLAYER HeadHunter	SET_EXP	Constitution	12476
1774806836857	317	PLAYER YudonYuri	EXP	Attack	4.4
1774806836857	317	PLAYER YudonYuri	SET_EXP	Attack	2568
1774806836857	317	PLAYER YudonYuri	EXP	Constitution	1.4666666666666666
1774806836857	317	PLAYER YudonYuri	SET_EXP	Constitution	12396
1774806837429	318	BOT SkidMark	START_ACTIVITY	go_to_varrock_south_east_mine
1774806837429	318	BOT SpeedHack99	START_ACTIVITY	go_to_varrock_south_east_mine
1774806837429	318	BOT ProPunch	FAILED	go_to_varrock_south_east_mine	Stuck	0	BotWalkTo
1774806837451	318	PLAYER Ril	EXP	Thieving	8.0
1774806837451	318	PLAYER Ril	SET_EXP	Thieving	15360
1774806838030	319	PLAYER StyracoS	EXP	Prayer	4.5
1774806838030	319	PLAYER StyracoS	SET_EXP	Prayer	10530
1774806838055	319	PLAYER YutytyrannY	EXP	Fishing	10.0
1774806838055	319	PLAYER YutytyrannY	TOTAL_LEVEL_UP	2
1774806838055	319	PLAYER YutytyrannY	LEVEL_UP	Fishing	3
1774806838056	319	PLAYER YutytyrannY	SET_EXP	Fishing	1800
1774806838056	319	PLAYER BrokenWheel	EXP	Strength	7.6
1774806838056	319	PLAYER BrokenWheel	SET_EXP	Strength	4776
1774806838057	319	PLAYER BrokenWheel	EXP	Constitution	2.533333333333333
1774806838057	319	PLAYER BrokenWheel	SET_EXP	Constitution	13132
1774806838631	320	PLAYER CamelCarl	EXP	Prayer	4.5
1774806838631	320	PLAYER CamelCarl	TOTAL_LEVEL_UP	10
1774806838631	320	PLAYER CamelCarl	TASK_COMPLETED	on_the_level_task
1774806838631	320	PLAYER CamelCarl	LEVEL_UP	Prayer	5
1774806838631	320	PLAYER CamelCarl	SET_EXP	Prayer	4050
1774806838632	320	BOT ProPunch	START_ACTIVITY	go_to_varrock_south_east_mine
1774806838644	320	PLAYER BrokenWheel	KILLED	NPC chicken_brown:10357	TILE 3227,3299,0
1774806838644	320	NPC chicken_brown:10357	DROPPED	ITEM bones:1	ITEM raw_chicken:1
1774806838655	320	PLAYER Lash	EXP	Mining	17.5
1774806838655	320	PLAYER Lash	TOTAL_LEVEL_UP	2
1774806838655	320	PLAYER Lash	LEVEL_UP	Mining	3
1774806838655	320	PLAYER Lash	SET_EXP	Mining	2100
1774806838656	320	PLAYER Cloud	EXP	Fishing	10.0
1774806838656	320	PLAYER Cloud	SET_EXP	Fishing	2400
1774806838657	320	PLAYER Skoll	EXP	Mining	17.5
1774806838657	320	PLAYER Skoll	TOTAL_LEVEL_UP	1
1774806838657	320	PLAYER Skoll	LEVEL_UP	Mining	2
1774806838657	320	PLAYER Skoll	SET_EXP	Mining	1050
1774806838657	320	PLAYER Skoll	TASK_COMPLETED	heavy_metal_task
1774806839231	321	BOT SkidMark	FAILED	go_to_varrock_south_east_mine	Stuck	0	BotWalkTo
1774806839231	321	BOT SpeedHack99	FAILED	go_to_varrock_south_east_mine	Stuck	0	BotWalkTo
1774806839257	321	PLAYER Ember	EXP	Mining	5.0
1774806839257	321	PLAYER Ember	SET_EXP	Mining	2400
1774806839258	321	PLAYER MegalodonM	EXP	Woodcutting	25.0
1774806839258	321	PLAYER MegalodonM	SET_EXP	Woodcutting	13500
1774806839259	321	PLAYER YudonYuri	EXP	Attack	2.8
1774806839259	321	PLAYER YudonYuri	SET_EXP	Attack	2736
1774806839259	321	PLAYER YudonYuri	EXP	Constitution	0.9333333333333333
1774806839259	321	PLAYER YudonYuri	SET_EXP	Constitution	12452
1774806839855	322	PLAYER SacredProf	EXP	Defence	5.6
1774806839855	322	PLAYER SacredProf	TOTAL_LEVEL_UP	4
1774806839855	322	PLAYER SacredProf	LEVEL_UP	Defence	5
1774806839855	322	PLAYER SacredProf	SET_EXP	Defence	3960
1774806839856	322	PLAYER SacredProf	EXP	Constitution	1.8666666666666667
1774806839856	322	PLAYER SacredProf	SET_EXP	Constitution	12860
1774806839857	322	PLAYER IceBerg	EXP	Fishing	10.0
1774806839857	322	PLAYER IceBerg	SET_EXP	Fishing	3600
1774806839857	322	PLAYER Ril	EXP	Thieving	8.0
1774806839857	322	PLAYER Ril	TOTAL_LEVEL_UP	11
1774806839857	322	PLAYER Ril	LEVEL_UP	Thieving	12
1774806839857	322	PLAYER Ril	SET_EXP	Thieving	15840
1774806839858	322	PLAYER Hanbo Short	EXP	Woodcutting	25.0
1774806839858	322	PLAYER Hanbo Short	TOTAL_LEVEL_UP	10
1774806839858	322	PLAYER Hanbo Short	TASK_COMPLETED	on_the_level_task
1774806839859	322	PLAYER Hanbo Short	LEVEL_UP	Woodcutting	11
1774806839859	322	PLAYER Hanbo Short	SET_EXP	Woodcutting	15000
1774806840432	323	BOT SkidMark	START_ACTIVITY	go_to_varrock_south_east_mine
1774806840432	323	BOT SpeedHack99	START_ACTIVITY	go_to_varrock_south_east_mine
1774806840432	323	BOT ProPunch	FAILED	go_to_varrock_south_east_mine	Stuck	0	BotWalkTo
1774806840433	323	PLAYER StyracoS	EXP	Prayer	4.5
1774806840433	323	PLAYER StyracoS	SET_EXP	Prayer	10800
1774806840459	323	PLAYER BrokenWheel	EXP	Strength	1.6
1774806840459	323	PLAYER BrokenWheel	SET_EXP	Strength	4872
1774806840459	323	PLAYER BrokenWheel	EXP	Constitution	0.5333333333333333
1774806840459	323	PLAYER BrokenWheel	SET_EXP	Constitution	13164
1774806840460	323	PLAYER Starmie	EXP	Strength	6.4
1774806840460	323	PLAYER Starmie	SET_EXP	Strength	3264
1774806840461	323	PLAYER Starmie	EXP	Constitution	2.1333333333333333
1774806840461	323	PLAYER Starmie	SET_EXP	Constitution	12628
1774806841033	324	PLAYER CamelCarl	EXP	Prayer	4.5
1774806841033	324	PLAYER CamelCarl	SET_EXP	Prayer	4320
1774806841058	324	PLAYER LazyLuke	EXP	Fishing	10.0
1774806841058	324	PLAYER LazyLuke	TOTAL_LEVEL_UP	6
1774806841058	324	PLAYER LazyLuke	LEVEL_UP	Fishing	7
1774806841058	324	PLAYER LazyLuke	SET_EXP	Fishing	6600
1774806841634	325	BOT ProPunch	START_ACTIVITY	go_to_varrock_south_east_mine
1774806841658	325	PLAYER FullStackF	TELED	TILE 3205,3209,1
1774806841658	325	PLAYER HeadHunter	EXP	Attack	1.2
1774806841658	325	PLAYER HeadHunter	SET_EXP	Attack	2880
1774806841659	325	PLAYER HeadHunter	EXP	Constitution	0.4
1774806841659	325	PLAYER HeadHunter	SET_EXP	Constitution	12500
1774806842234	326	BOT SkidMark	FAILED	go_to_varrock_south_east_mine	Stuck	0	BotWalkTo
1774806842234	326	BOT SpeedHack99	FAILED	go_to_varrock_south_east_mine	Stuck	0	BotWalkTo
1774806842256	326	PLAYER AlosaurAce	EXP	Mining	17.5
1774806842256	326	PLAYER AlosaurAce	TOTAL_LEVEL_UP	3
1774806842256	326	PLAYER AlosaurAce	LEVEL_UP	Mining	4
1774806842257	326	PLAYER AlosaurAce	SET_EXP	Mining	3150
1774806842257	326	PLAYER SacredProf	EXP	Defence	0.4
1774806842257	326	PLAYER SacredProf	SET_EXP	Defence	3984
1774806842258	326	PLAYER SacredProf	EXP	Constitution	0.13333333333333333
1774806842258	326	PLAYER SacredProf	SET_EXP	Constitution	12868
1774806842259	326	PLAYER Ril	EXP	Thieving	8.0
1774806842259	326	PLAYER Ril	SET_EXP	Thieving	16320
1774806842259	326	PLAYER Blueberry	EXP	Strength	2.0
1774806842259	326	PLAYER Blueberry	SET_EXP	Strength	7368
1774806842259	326	PLAYER Blueberry	EXP	Constitution	0.6666666666666666
1774806842259	326	PLAYER Blueberry	SET_EXP	Constitution	13996
1774806842835	327	PLAYER StyracoS	EXP	Prayer	4.5
1774806842835	327	PLAYER StyracoS	SET_EXP	Prayer	11070
1774806842861	327	PLAYER IceBerg	EXP	Fishing	10.0
1774806842861	327	PLAYER IceBerg	TOTAL_LEVEL_UP	4
1774806842861	327	PLAYER IceBerg	LEVEL_UP	Fishing	5
1774806842861	327	PLAYER IceBerg	SET_EXP	Fishing	4200
1774806842862	327	PLAYER BrokenWheel	EXP	Strength	2.8
1774806842862	327	PLAYER BrokenWheel	SET_EXP	Strength	5040
1774806842863	327	PLAYER BrokenWheel	EXP	Constitution	0.9333333333333333
1774806842863	327	PLAYER BrokenWheel	SET_EXP	Constitution	13220
1774806842863	327	PLAYER Starmie	EXP	Strength	5.6
1774806842863	327	PLAYER Starmie	SET_EXP	Strength	3600
1774806842864	327	PLAYER Starmie	EXP	Constitution	1.8666666666666667
1774806842864	327	PLAYER Starmie	SET_EXP	Constitution	12740
1774806842865	327	PLAYER MegalodonM	EXP	Woodcutting	25.0
1774806842865	327	PLAYER MegalodonM	TOTAL_LEVEL_UP	10
1774806842865	327	PLAYER MegalodonM	TASK_COMPLETED	on_the_level_task
1774806842865	327	PLAYER MegalodonM	LEVEL_UP	Woodcutting	11
1774806842865	327	PLAYER MegalodonM	SET_EXP	Woodcutting	15000
1774806843436	328	PLAYER CamelCarl	EXP	Prayer	4.5
1774806843436	328	PLAYER CamelCarl	SET_EXP	Prayer	4590
1774806843436	328	BOT SkidMark	START_ACTIVITY	go_to_varrock_south_east_mine
1774806843436	328	BOT SpeedHack99	START_ACTIVITY	go_to_varrock_south_east_mine
1774806843437	328	BOT ProPunch	FAILED	go_to_varrock_south_east_mine	Stuck	0	BotWalkTo
1774806843462	328	PLAYER Ice	EXP	Woodcutting	25.0
1774806843462	328	PLAYER Ice	SET_EXP	Woodcutting	13500
1774806844061	329	PLAYER FullStackF	TELED	TILE 3205,3209,0
1774806844062	329	PLAYER YudonYuri	EXP	Attack	1.6
1774806844062	329	PLAYER YudonYuri	TOTAL_LEVEL_UP	3
1774806844062	329	PLAYER YudonYuri	LEVEL_UP	Attack	4
1774806844062	329	PLAYER YudonYuri	SET_EXP	Attack	2832
1774806844063	329	PLAYER YudonYuri	EXP	Constitution	0.5333333333333333
1774806844063	329	PLAYER YudonYuri	SET_EXP	Constitution	12484
1774806844063	329	PLAYER SparrowS	EXP	Fishing	10.0
1774806844063	329	PLAYER SparrowS	SET_EXP	Fishing	4800
1774806844064	329	PLAYER PrairieP	EXP	Attack	5.6
1774806844064	329	PLAYER PrairieP	SET_EXP	Attack	3216
1774806844064	329	PLAYER PrairieP	EXP	Constitution	1.8666666666666667
1774806844064	329	PLAYER PrairieP	SET_EXP	Constitution	12612
1774806844637	330	BOT ProPunch	START_ACTIVITY	go_to_varrock_south_east_mine
1774806844659	330	PLAYER SacredProf	EXP	Defence	5.6
1774806844659	330	PLAYER SacredProf	SET_EXP	Defence	4320
1774806844660	330	PLAYER SacredProf	EXP	Constitution	1.8666666666666667
1774806844660	330	PLAYER SacredProf	SET_EXP	Constitution	12980
1774806844660	330	PLAYER Cloud	EXP	Fishing	10.0
1774806844660	330	PLAYER Cloud	TOTAL_LEVEL_UP	3
1774806844660	330	PLAYER Cloud	LEVEL_UP	Fishing	4
1774806844660	330	PLAYER Cloud	SET_EXP	Fishing	3000
1774806844661	330	PLAYER Ember	EXP	Mining	5.0
1774806844661	330	PLAYER Ember	SET_EXP	Mining	2700
1774806845237	331	BOT SkidMark	FAILED	go_to_varrock_south_east_mine	Stuck	0	BotWalkTo
1774806845238	331	BOT SpeedHack99	FAILED	go_to_varrock_south_east_mine	Stuck	0	BotWalkTo
1774806845238	331	PLAYER StyracoS	EXP	Prayer	4.5
1774806845238	331	PLAYER StyracoS	SET_EXP	Prayer	11340
1774806845253	331	PLAYER HeadHunter	KILLED	NPC chicken:10308	TILE 3228,3300,0
1774806845253	331	NPC chicken:10308	DROPPED	ITEM feather:5	ITEM bones:1	ITEM raw_chicken:1
1774806845266	331	PLAYER BigOof	EXP	Fishing	10.0
1774806845266	331	PLAYER BigOof	TOTAL_LEVEL_UP	1
1774806845266	331	PLAYER BigOof	LEVEL_UP	Fishing	2
1774806845266	331	PLAYER BigOof	SET_EXP	Fishing	1200
1774806845838	332	PLAYER CamelCarl	EXP	Prayer	4.5
1774806845838	332	PLAYER CamelCarl	SET_EXP	Prayer	4860
1774806845863	332	PLAYER AprilFool	EXP	Mining	17.5
1774806845863	332	PLAYER AprilFool	TOTAL_LEVEL_UP	5
1774806845863	332	PLAYER AprilFool	LEVEL_UP	Mining	6
1774806845864	332	PLAYER AprilFool	SET_EXP	Mining	5250
1774806846439	333	BOT SkidMark	START_ACTIVITY	go_to_varrock_south_east_mine
1774806846439	333	BOT SpeedHack99	START_ACTIVITY	go_to_varrock_south_east_mine
1774806846439	333	BOT ProPunch	FAILED	go_to_varrock_south_east_mine	Stuck	0	BotWalkTo
1774806846453	333	PLAYER Starmie	KILLED	NPC chicken:10311	TILE 3235,3302,0
1774806846453	333	NPC chicken:10311	DROPPED	ITEM feather:5	ITEM bones:1	ITEM raw_chicken:1
1774806846454	333	PLAYER BrokenWheel	KILLED	NPC chicken_brown:10360	TILE 3233,3300,0
1774806846454	333	NPC chicken_brown:10360	DROPPED	ITEM feather:5	ITEM bones:1	ITEM raw_chicken:1
1774806846468	333	PLAYER PrairieP	EXP	Attack	3.2
1774806846468	333	PLAYER PrairieP	SET_EXP	Attack	3408
1774806846469	333	PLAYER PrairieP	EXP	Constitution	1.0666666666666667
1774806846469	333	PLAYER PrairieP	SET_EXP	Constitution	12676
1774806847063	334	PLAYER SacredProf	EXP	Defence	1.6
1774806847063	334	PLAYER SacredProf	SET_EXP	Defence	4416
1774806847063	334	PLAYER SacredProf	EXP	Constitution	0.5333333333333333
1774806847063	334	PLAYER SacredProf	SET_EXP	Constitution	13012
1774806847064	334	PLAYER YutytyrannY	EXP	Fishing	10.0
1774806847064	334	PLAYER YutytyrannY	SET_EXP	Fishing	2400
1774806847641	335	BOT ProPunch	START_ACTIVITY	go_to_varrock_south_east_mine
1774806847641	335	PLAYER StyracoS	EXP	Prayer	4.5
1774806847641	335	PLAYER StyracoS	TOTAL_LEVEL_UP	9
1774806847641	335	PLAYER StyracoS	LEVEL_UP	Prayer	10
1774806847641	335	PLAYER StyracoS	SET_EXP	Prayer	11610
1774806847666	335	PLAYER AlosaurAce	EXP	Mining	17.5
1774806847666	335	PLAYER AlosaurAce	TASK_COMPLETED	hack_and_smash_task
1774806847667	335	PLAYER AlosaurAce	TOTAL_LEVEL_UP	4
1774806847667	335	PLAYER AlosaurAce	LEVEL_UP	Mining	5
1774806847667	335	PLAYER AlosaurAce	SET_EXP	Mining	4200
1774806847668	335	PLAYER SundayFun	EXP	Woodcutting	25.0
1774806847668	335	PLAYER SundayFun	TOTAL_LEVEL_UP	10
1774806847668	335	PLAYER SundayFun	TASK_COMPLETED	on_the_level_task
1774806847668	335	PLAYER SundayFun	LEVEL_UP	Woodcutting	11
1774806847668	335	PLAYER SundayFun	SET_EXP	Woodcutting	15000
1774806847669	335	PLAYER BrokenWheel	TOOK	FLOOR_ITEM bones:1	TILE 3227,3299,0
1774806847670	335	PLAYER Starmie	EXP	Strength	7.6
1774806847670	335	PLAYER Starmie	TOTAL_LEVEL_UP	4
1774806847670	335	PLAYER Starmie	LEVEL_UP	Strength	5
1774806847670	335	PLAYER Starmie	SET_EXP	Strength	4056
1774806847671	335	PLAYER Starmie	EXP	Constitution	2.533333333333333
1774806847671	335	PLAYER Starmie	SET_EXP	Constitution	12892
1774806847672	335	PLAYER HeadHunter	EXP	Attack	5.2
1774806847672	335	PLAYER HeadHunter	SET_EXP	Attack	3192
1774806847672	335	PLAYER HeadHunter	EXP	Constitution	1.7333333333333334
1774806847672	335	PLAYER HeadHunter	SET_EXP	Constitution	12604
1774806848242	336	PLAYER CamelCarl	EXP	Prayer	4.5
1774806848242	336	PLAYER CamelCarl	TOTAL_LEVEL_UP	11
1774806848242	336	PLAYER CamelCarl	LEVEL_UP	Prayer	6
1774806848242	336	PLAYER CamelCarl	SET_EXP	Prayer	5130
1774806848242	336	BOT SkidMark	FAILED	go_to_varrock_south_east_mine	Stuck	0	BotWalkTo
1774806848242	336	BOT SpeedHack99	FAILED	go_to_varrock_south_east_mine	Stuck	0	BotWalkTo
1774806848242	336	BOT LaunchDay	FAILED	go_to_bank	Timeout	9	BotInteractObject
1774806848255	336	PLAYER SacredProf	KILLED	NPC chicken_brown:10359	TILE 3231,3296,0
1774806848255	336	NPC chicken_brown:10359	DROPPED	ITEM bones:1	ITEM raw_chicken:1
1774806848266	336	PLAYER BrokenWheel	TOOK	FLOOR_ITEM raw_chicken:1	TILE 3227,3299,0
1774806848842	337	BOT LaunchDay	ASSIGNED	lumbridge_crayfish
1774806848868	337	PLAYER Bob	EXP	Mining	17.5
1774806848868	337	PLAYER Bob	TOTAL_LEVEL_UP	1
1774806848868	337	PLAYER Bob	LEVEL_UP	Mining	2
1774806848868	337	PLAYER Bob	SET_EXP	Mining	1050
1774806848869	337	PLAYER YudonYuri	EXP	Attack	5.2
1774806848869	337	PLAYER YudonYuri	SET_EXP	Attack	3144
1774806848870	337	PLAYER YudonYuri	EXP	Constitution	1.7333333333333334
1774806848870	337	PLAYER YudonYuri	SET_EXP	Constitution	12588
1774806848870	337	PLAYER PrairieP	EXP	Attack	3.2
1774806848870	337	PLAYER PrairieP	SET_EXP	Attack	3600
1774806848871	337	PLAYER PrairieP	EXP	Constitution	1.0666666666666667
1774806848871	337	PLAYER PrairieP	SET_EXP	Constitution	12740
1774806849443	338	BOT SkidMark	START_ACTIVITY	go_to_varrock_south_east_mine
1774806849443	338	BOT SpeedHack99	START_ACTIVITY	go_to_varrock_south_east_mine
1774806849443	338	BOT ProPunch	FAILED	go_to_varrock_south_east_mine	Stuck	0	BotWalkTo
1774806849443	338	BOT LaunchDay	START_RESOLVER	deposit_all_bank	lumbridge_crayfish
1774806849466	338	PLAYER Skoll	EXP	Mining	17.5
1774806849466	338	PLAYER Skoll	TOTAL_LEVEL_UP	2
1774806849466	338	PLAYER Skoll	LEVEL_UP	Mining	3
1774806849467	338	PLAYER Skoll	SET_EXP	Mining	2100
1774806849467	338	PLAYER Tuga	EXP	Fishing	10.0
1774806849467	338	PLAYER Tuga	TOTAL_LEVEL_UP	6
1774806849467	338	PLAYER Tuga	LEVEL_UP	Fishing	7
1774806849468	338	PLAYER Tuga	SET_EXP	Fishing	6600
1774806850044	339	BOT LaunchDay	START_ACTIVITY	deposit_all_bank
1774806850044	339	BOT Dwarf Mine	COMPLETED	go_to_bank
1774806850044	339	PLAYER StyracoS	EXP	Prayer	4.5
1774806850044	339	PLAYER StyracoS	SET_EXP	Prayer	11880
1774806850070	339	PLAYER Ember	EXP	Mining	5.0
1774806850070	339	PLAYER Ember	TOTAL_LEVEL_UP	3
1774806850070	339	PLAYER Ember	LEVEL_UP	Mining	4
1774806850070	339	PLAYER Ember	SET_EXP	Mining	3000
1774806850071	339	PLAYER YutytyrannY	EXP	Fishing	10.0
1774806850071	339	PLAYER YutytyrannY	TOTAL_LEVEL_UP	3
1774806850071	339	PLAYER YutytyrannY	LEVEL_UP	Fishing	4
1774806850071	339	PLAYER YutytyrannY	SET_EXP	Fishing	3000
1774806850072	339	PLAYER LazyLuke	EXP	Fishing	10.0
1774806850072	339	PLAYER LazyLuke	SET_EXP	Fishing	7200
1774806850072	339	PLAYER Starmie	EXP	Strength	4.0
1774806850072	339	PLAYER Starmie	SET_EXP	Strength	4296
1774806850073	339	PLAYER Starmie	EXP	Constitution	1.3333333333333333
1774806850073	339	PLAYER Starmie	SET_EXP	Constitution	12972
1774806850073	339	PLAYER HeadHunter	EXP	Attack	4.0
1774806850073	339	PLAYER HeadHunter	SET_EXP	Attack	3432
1774806850073	339	PLAYER HeadHunter	EXP	Constitution	1.3333333333333333
1774806850073	339	PLAYER HeadHunter	SET_EXP	Constitution	12684
1774806850074	339	PLAYER ThreatPeace	TELED	TILE 3205,3209,1
1774806850645	340	PLAYER CamelCarl	EXP	Prayer	4.5
1774806850645	340	PLAYER CamelCarl	SET_EXP	Prayer	5400
1774806850646	340	BOT ProPunch	START_ACTIVITY	go_to_varrock_south_east_mine
1774806850669	340	PLAYER SundayFun	EXP	Woodcutting	25.0
1774806850669	340	PLAYER SundayFun	TOTAL_LEVEL_UP	11
1774806850669	340	PLAYER SundayFun	LEVEL_UP	Woodcutting	12
1774806850669	340	PLAYER SundayFun	SET_EXP	Woodcutting	16500
1774806850670	340	PLAYER MegalodonM	EXP	Woodcutting	25.0
1774806850670	340	PLAYER MegalodonM	TOTAL_LEVEL_UP	11
1774806850670	340	PLAYER MegalodonM	LEVEL_UP	Woodcutting	12
1774806850670	340	PLAYER MegalodonM	SET_EXP	Woodcutting	16500
1774806851245	341	BOT SkidMark	FAILED	go_to_varrock_south_east_mine	Stuck	0	BotWalkTo
1774806851245	341	BOT SpeedHack99	FAILED	go_to_varrock_south_east_mine	Stuck	0	BotWalkTo
1774806851245	341	BOT FireStarter	FAILED	lumbridge_tin_mining	Timeout	0	BotInteractObject
1774806851271	341	PLAYER Ice	EXP	Woodcutting	25.0
1774806851272	341	PLAYER Ice	TOTAL_LEVEL_UP	10
1774806851272	341	PLAYER Ice	TASK_COMPLETED	on_the_level_task
1774806851272	341	PLAYER Ice	LEVEL_UP	Woodcutting	11
1774806851272	341	PLAYER Ice	SET_EXP	Woodcutting	15000
1774806851273	341	PLAYER BrokenWheel	TOOK	FLOOR_ITEM feather:5	TILE 3233,3300,0
1774806851273	341	PLAYER YudonYuri	EXP	Attack	0.8
1774806851273	341	PLAYER YudonYuri	SET_EXP	Attack	3192
1774806851274	341	PLAYER YudonYuri	EXP	Constitution	0.26666666666666666
1774806851274	341	PLAYER YudonYuri	SET_EXP	Constitution	12604
1774806851847	342	BOT FireStarter	ASSIGNED	lumbridge_copper_mining
1774806851870	342	PLAYER Ril	EXP	Thieving	8.0
1774806851870	342	PLAYER Ril	SET_EXP	Thieving	16800
1774806851870	342	PLAYER BrokenWheel	TOOK	FLOOR_ITEM bones:1	TILE 3233,3300,0
1774806851871	342	PLAYER Gunslinger	EXP	Mining	17.5
1774806851871	342	PLAYER Gunslinger	SET_EXP	Mining	9450
1774806852447	343	BOT SkidMark	START_ACTIVITY	go_to_varrock_south_east_mine
1774806852447	343	BOT SpeedHack99	START_ACTIVITY	go_to_varrock_south_east_mine
1774806852447	343	BOT ProPunch	FAILED	go_to_varrock_south_east_mine	Stuck	0	BotWalkTo
1774806852447	343	BOT FireStarter	START_RESOLVER	withdraw_from_bank	lumbridge_copper_mining
1774806852448	343	PLAYER StyracoS	EXP	Prayer	4.5
1774806852448	343	PLAYER StyracoS	SET_EXP	Prayer	12150
1774806852464	343	PLAYER PrairieP	KILLED	NPC chicken:10309	TILE 3232,3298,0
1774806852465	343	NPC chicken:10309	DROPPED	ITEM feather:15	ITEM bones:1	ITEM raw_chicken:1
1774806852475	343	PLAYER UnknownX	EXP	Mining	17.5
1774806852475	343	PLAYER UnknownX	TOTAL_LEVEL_UP	1
1774806852475	343	PLAYER UnknownX	LEVEL_UP	Mining	2
1774806852476	343	PLAYER UnknownX	SET_EXP	Mining	1050
1774806852476	343	PLAYER UnknownX	TASK_COMPLETED	heavy_metal_task
1774806852477	343	PLAYER BrokenWheel	TOOK	FLOOR_ITEM raw_chicken:1	TILE 3233,3300,0
1774806852477	343	PLAYER Starmie	EXP	Strength	0.4
1774806852477	343	PLAYER Starmie	SET_EXP	Strength	4320
1774806852477	343	PLAYER Starmie	EXP	Constitution	0.13333333333333333
1774806852477	343	PLAYER Starmie	SET_EXP	Constitution	12980
1774806852478	343	PLAYER ThreatPeace	TELED	TILE 3205,3209,2
1774806853048	344	PLAYER CamelCarl	EXP	Prayer	4.5
1774806853048	344	PLAYER CamelCarl	SET_EXP	Prayer	5670
1774806853048	344	BOT FireStarter	START_ACTIVITY	withdraw_from_bank
1774806853648	345	BOT ProPunch	START_ACTIVITY	go_to_varrock_south_east_mine
1774806853673	345	PLAYER Cloud	EXP	Fishing	10.0
1774806853673	345	PLAYER Cloud	SET_EXP	Fishing	3600
1774806853674	345	PLAYER YudonYuri	EXP	Attack	2.8
1774806853674	345	PLAYER YudonYuri	SET_EXP	Attack	3360
1774806853675	345	PLAYER YudonYuri	EXP	Constitution	0.9333333333333333
1774806853675	345	PLAYER YudonYuri	SET_EXP	Constitution	12660
1774806854249	346	BOT SkidMark	FAILED	go_to_varrock_south_east_mine	Stuck	0	BotWalkTo
1774806854249	346	BOT SpeedHack99	FAILED	go_to_varrock_south_east_mine	Stuck	0	BotWalkTo
1774806854273	346	PLAYER RhoRanger	EXP	Woodcutting	25.0
1774806854273	346	PLAYER RhoRanger	TOTAL_LEVEL_UP	10
1774806854273	346	PLAYER RhoRanger	TASK_COMPLETED	on_the_level_task
1774806854273	346	PLAYER RhoRanger	LEVEL_UP	Woodcutting	11
1774806854273	346	PLAYER RhoRanger	SET_EXP	Woodcutting	15000
1774806854274	346	PLAYER SacredProf	EXP	Defence	2.0
1774806854275	346	PLAYER SacredProf	SET_EXP	Defence	4536
1774806854275	346	PLAYER SacredProf	EXP	Constitution	0.6666666666666666
1774806854275	346	PLAYER SacredProf	SET_EXP	Constitution	13052
1774806854275	346	PLAYER Ril	EXP	Thieving	8.0
1774806854275	346	PLAYER Ril	SET_EXP	Thieving	17280
1774806854276	346	PLAYER Ice	EXP	Woodcutting	25.0
1774806854276	346	PLAYER Ice	TOTAL_LEVEL_UP	11
1774806854276	346	PLAYER Ice	LEVEL_UP	Woodcutting	12
1774806854276	346	PLAYER Ice	SET_EXP	Woodcutting	16500
1774806854277	346	PLAYER PrairieP	TOOK	FLOOR_ITEM feather:15	TILE 3232,3298,0
1774806854851	347	PLAYER StyracoS	EXP	Prayer	4.5
1774806854851	347	PLAYER StyracoS	SET_EXP	Prayer	12420
1774806854876	347	PLAYER HeadHunter	EXP	Attack	0.4
1774806854876	347	PLAYER HeadHunter	SET_EXP	Attack	3456
1774806854877	347	PLAYER HeadHunter	EXP	Constitution	0.13333333333333333
1774806854877	347	PLAYER HeadHunter	SET_EXP	Constitution	12692
1774806854877	347	PLAYER Maikeru	TELED	TILE 3205,3209,1
1774806854878	347	PLAYER PrairieP	TOOK	FLOOR_ITEM bones:1	TILE 3232,3298,0
1774806854878	347	PLAYER GuppyGary	EXP	Mining	17.5
1774806854878	347	PLAYER GuppyGary	SET_EXP	Mining	6300
1774806855452	348	PLAYER CamelCarl	EXP	Prayer	4.5
1774806855452	348	PLAYER CamelCarl	SET_EXP	Prayer	5940
1774806855452	348	BOT SkidMark	START_ACTIVITY	go_to_varrock_south_east_mine
1774806855452	348	BOT SpeedHack99	START_ACTIVITY	go_to_varrock_south_east_mine
1774806855452	348	BOT ProPunch	FAILED	go_to_varrock_south_east_mine	Stuck	0	BotWalkTo
1774806855475	348	PLAYER Ember	EXP	Mining	5.0
1774806855475	348	PLAYER Ember	SET_EXP	Mining	3300
1774806855476	348	PLAYER Skoll	EXP	Mining	17.5
1774806855476	348	PLAYER Skoll	TOTAL_LEVEL_UP	3
1774806855476	348	PLAYER Skoll	LEVEL_UP	Mining	4
1774806855476	348	PLAYER Skoll	SET_EXP	Mining	3150
1774806855477	348	PLAYER LaunchDay	TELED	TILE 3205,3209,1
1774806855477	348	PLAYER PrairieP	TOOK	FLOOR_ITEM raw_chicken:1	TILE 3232,3298,0
1774806856052	349	BOT ThreatPeace	COMPLETED	go_to_bank
1774806856066	349	PLAYER Starmie	KILLED	NPC chicken:10310	TILE 3234,3294,0
1774806856067	349	NPC chicken:10310	DROPPED	ITEM feather:15	ITEM bones:1	ITEM raw_chicken:1
1774806856653	350	BOT ProPunch	START_ACTIVITY	go_to_varrock_south_east_mine
1774806856653	350	BOT LaunchDay	START_ACTIVITY	go_to_bank
1774806856676	350	PLAYER Ril	EXP	Thieving	8.0
1774806856676	350	PLAYER Ril	SET_EXP	Thieving	17760
1774806857254	351	BOT SkidMark	FAILED	go_to_varrock_south_east_mine	Stuck	0	BotWalkTo
1774806857254	351	BOT SpeedHack99	FAILED	go_to_varrock_south_east_mine	Stuck	0	BotWalkTo
1774806857254	351	BOT Dwarf Mine	FAILED	withdraw_from_bank	Invalid("Invalid interaction: bank:inventory:bones slot -1 option Withdraw-X 4.")	3	BotInterfaceOption
1774806857254	351	PLAYER StyracoS	EXP	Prayer	4.5
1774806857254	351	PLAYER StyracoS	SET_EXP	Prayer	12690
1774806857280	351	PLAYER Starmie	TOOK	FLOOR_ITEM feather:5	TILE 3235,3302,0
1774806857280	351	PLAYER Maikeru	TELED	TILE 3205,3209,2
1774806857281	351	PLAYER PrairieP	EXP	Attack	5.6
1774806857281	351	PLAYER PrairieP	TOTAL_LEVEL_UP	4
1774806857281	351	PLAYER PrairieP	LEVEL_UP	Attack	5
1774806857281	351	PLAYER PrairieP	SET_EXP	Attack	3936
1774806857281	351	PLAYER PrairieP	EXP	Constitution	1.8666666666666667
1774806857281	351	PLAYER PrairieP	SET_EXP	Constitution	12852
1774806857282	351	PLAYER Hanbo Short	EXP	Woodcutting	25.0
1774806857282	351	PLAYER Hanbo Short	TOTAL_LEVEL_UP	11
1774806857282	351	PLAYER Hanbo Short	LEVEL_UP	Woodcutting	12
1774806857282	351	PLAYER Hanbo Short	SET_EXP	Woodcutting	16500
1774806857856	352	PLAYER CamelCarl	EXP	Prayer	4.5
1774806857856	352	PLAYER CamelCarl	SET_EXP	Prayer	6210
1774806857856	352	BOT Dwarf Mine	ASSIGNED	lumbridge_tin_mining
1774806857880	352	PLAYER IceBerg	EXP	Fishing	10.0
1774806857880	352	PLAYER IceBerg	SET_EXP	Fishing	4800
1774806857880	352	PLAYER Ice	EXP	Woodcutting	25.0
1774806857880	352	PLAYER Ice	SET_EXP	Woodcutting	18000
1774806857881	352	PLAYER Starmie	TOOK	FLOOR_ITEM bones:1	TILE 3235,3302,0
1774806857881	352	PLAYER LaunchDay	TELED	TILE 3205,3209,2
1774806857881	352	PLAYER Gunslinger	EXP	Mining	17.5
1774806857881	352	PLAYER Gunslinger	TOTAL_LEVEL_UP	8
1774806857881	352	PLAYER Gunslinger	LEVEL_UP	Mining	9
1774806857882	352	PLAYER Gunslinger	SET_EXP	Mining	10500
1774806858456	353	BOT SkidMark	START_ACTIVITY	go_to_varrock_south_east_mine
1774806858456	353	BOT SpeedHack99	START_ACTIVITY	go_to_varrock_south_east_mine
1774806858456	353	BOT ProPunch	FAILED	go_to_varrock_south_east_mine	Stuck	0	BotWalkTo
1774806858456	353	BOT Dwarf Mine	START_RESOLVER	withdraw_from_bank	lumbridge_tin_mining
1774806858492	353	PLAYER Starmie	TOOK	FLOOR_ITEM raw_chicken:1	TILE 3235,3302,0
1774806858493	353	PLAYER YudonYuri	EXP	Attack	0.8
1774806858493	353	PLAYER YudonYuri	SET_EXP	Attack	3408
1774806858493	353	PLAYER YudonYuri	EXP	Constitution	0.26666666666666666
1774806858493	353	PLAYER YudonYuri	SET_EXP	Constitution	12676
1774806859058	354	BOT Dwarf Mine	START_ACTIVITY	withdraw_from_bank
1774806859080	354	PLAYER Lash	EXP	Mining	17.5
1774806859080	354	PLAYER Lash	TOTAL_LEVEL_UP	3
1774806859080	354	PLAYER Lash	LEVEL_UP	Mining	4
1774806859080	354	PLAYER Lash	SET_EXP	Mining	3150
1774806859081	354	PLAYER SacredProf	EXP	Defence	2.0
1774806859081	354	PLAYER SacredProf	SET_EXP	Defence	4656
1774806859081	354	PLAYER SacredProf	EXP	Constitution	0.6666666666666666
1774806859081	354	PLAYER SacredProf	SET_EXP	Constitution	13092
1774806859658	355	BOT ProPunch	START_ACTIVITY	go_to_varrock_south_east_mine
1774806859658	355	BOT SilentScrem	COMPLETED	go_to_lumbridge_swamp_east_copper_mine
1774806859658	355	PLAYER StyracoS	EXP	Prayer	4.5
1774806859658	355	PLAYER StyracoS	SET_EXP	Prayer	12960
1774806859685	355	PLAYER FakeTruth	EXP	Mining	5.0
1774806859685	355	PLAYER FakeTruth	SET_EXP	Mining	1500
1774806859685	355	PLAYER Cloud	EXP	Fishing	10.0
1774806859685	355	PLAYER Cloud	TOTAL_LEVEL_UP	4
1774806859685	355	PLAYER Cloud	LEVEL_UP	Fishing	5
1774806859686	355	PLAYER Cloud	SET_EXP	Fishing	4200
1774806859686	355	PLAYER HeadHunter	EXP	Attack	0.4
1774806859686	355	PLAYER HeadHunter	SET_EXP	Attack	3480
1774806859687	355	PLAYER HeadHunter	EXP	Constitution	0.13333333333333333
1774806859687	355	PLAYER HeadHunter	SET_EXP	Constitution	12700
1774806859687	355	PLAYER PrairieP	EXP	Attack	3.2
1774806859687	355	PLAYER PrairieP	SET_EXP	Attack	4128
1774806859688	355	PLAYER PrairieP	EXP	Constitution	1.0666666666666667
1774806859688	355	PLAYER PrairieP	SET_EXP	Constitution	12916
1774806860259	356	PLAYER CamelCarl	EXP	Prayer	4.5
1774806860259	356	PLAYER CamelCarl	SET_EXP	Prayer	6480
1774806860259	356	BOT SkidMark	FAILED	go_to_varrock_south_east_mine	Stuck	0	BotWalkTo
1774806860259	356	BOT SpeedHack99	FAILED	go_to_varrock_south_east_mine	Stuck	0	BotWalkTo
1774806860283	356	PLAYER GuppyGary	EXP	Mining	17.5
1774806860283	356	PLAYER GuppyGary	TOTAL_LEVEL_UP	6
1774806860283	356	PLAYER GuppyGary	LEVEL_UP	Mining	7
1774806860283	356	PLAYER GuppyGary	SET_EXP	Mining	7350
1774806860860	357	BOT Maikeru	COMPLETED	go_to_bank
1774806860860	357	BOT FireStarter	START_ACTIVITY	go_to_bank
1774806860885	357	PLAYER Farmer Plow	EXP	Mining	17.5
1774806860886	357	PLAYER Farmer Plow	TOTAL_LEVEL_UP	2
1774806860886	357	PLAYER Farmer Plow	LEVEL_UP	Mining	3
1774806860886	357	PLAYER Farmer Plow	SET_EXP	Mining	2100
1774806860887	357	PLAYER Ice	EXP	Woodcutting	25.0
1774806860887	357	PLAYER Ice	TOTAL_LEVEL_UP	12
1774806860887	357	PLAYER Ice	LEVEL_UP	Woodcutting	13
1774806860887	357	PLAYER Ice	SET_EXP	Woodcutting	19500
1774806860887	357	PLAYER Ember	EXP	Mining	5.0
1774806860887	357	PLAYER Ember	SET_EXP	Mining	3600
1774806860888	357	PLAYER YudonYuri	EXP	Attack	2.8
1774806860888	357	PLAYER YudonYuri	SET_EXP	Attack	3576
1774806860889	357	PLAYER YudonYuri	EXP	Constitution	0.9333333333333333
1774806860889	357	PLAYER YudonYuri	SET_EXP	Constitution	12732
1774806861460	358	BOT SkidMark	START_ACTIVITY	go_to_varrock_south_east_mine
1774806861460	358	BOT SpeedHack99	START_ACTIVITY	go_to_varrock_south_east_mine
1774806861460	358	BOT ProPunch	FAILED	go_to_varrock_south_east_mine	Stuck	0	BotWalkTo
1774806861460	358	BOT Halp	FAILED	lumbridge_tin_mining	Timeout	0	BotInteractObject
1774806861461	358	BOT SilentScrem	COMPLETED	go_to_area
1774806861483	358	PLAYER SacredProf	EXP	Defence	2.8
1774806861483	358	PLAYER SacredProf	SET_EXP	Defence	4824
1774806861483	358	PLAYER SacredProf	EXP	Constitution	0.9333333333333333
1774806861483	358	PLAYER SacredProf	SET_EXP	Constitution	13148
1774806862061	359	BOT Halp	ASSIGNED	magic_tutor
1774806862061	359	BOT SilentScrem	START_ACTIVITY	lumbridge_copper_mining
1774806862061	359	PLAYER StyracoS	EXP	Prayer	4.5
1774806862062	359	PLAYER StyracoS	SET_EXP	Prayer	13230
1774806862087	359	PLAYER YutytyrannY	EXP	Fishing	10.0
1774806862087	359	PLAYER YutytyrannY	SET_EXP	Fishing	3600
1774806862088	359	PLAYER HeadHunter	EXP	Attack	2.0
1774806862088	359	PLAYER HeadHunter	SET_EXP	Attack	3600
1774806862089	359	PLAYER HeadHunter	EXP	Constitution	0.6666666666666666
1774806862089	359	PLAYER HeadHunter	SET_EXP	Constitution	12740
1774806862089	359	PLAYER SparrowS	EXP	Fishing	10.0
1774806862089	359	PLAYER SparrowS	TOTAL_LEVEL_UP	5
1774806862089	359	PLAYER SparrowS	LEVEL_UP	Fishing	6
1774806862089	359	PLAYER SparrowS	SET_EXP	Fishing	5400
1774806862090	359	PLAYER PrairieP	EXP	Attack	0.4
1774806862090	359	PLAYER PrairieP	SET_EXP	Attack	4152
1774806862090	359	PLAYER PrairieP	EXP	Constitution	0.13333333333333333
1774806862090	359	PLAYER PrairieP	SET_EXP	Constitution	12924
1774806862661	360	PLAYER CamelCarl	EXP	Prayer	4.5
1774806862661	360	PLAYER CamelCarl	TOTAL_LEVEL_UP	12
1774806862661	360	PLAYER CamelCarl	LEVEL_UP	Prayer	7
1774806862661	360	PLAYER CamelCarl	SET_EXP	Prayer	6750
1774806862662	360	BOT ProPunch	START_ACTIVITY	go_to_varrock_south_east_mine
1774806862662	360	BOT Halp	START_RESOLVER	withdraw_from_bank	magic_tutor
1774806862685	360	PLAYER Cloud	EXP	Fishing	10.0
1774806862685	360	PLAYER Cloud	SET_EXP	Fishing	4800
1774806863262	361	BOT SkidMark	FAILED	go_to_varrock_south_east_mine	Stuck	0	BotWalkTo
1774806863262	361	BOT SpeedHack99	FAILED	go_to_varrock_south_east_mine	Stuck	0	BotWalkTo
1774806863262	361	BOT Halp	START_ACTIVITY	withdraw_from_bank
1774806863262	361	BOT LaunchDay	COMPLETED	go_to_bank
1774806863287	361	PLAYER Starmie	TOOK	FLOOR_ITEM feather:15	TILE 3234,3294,0
1774806863287	361	PLAYER Matoya	EXP	Mining	17.5
1774806863287	361	PLAYER Matoya	TOTAL_LEVEL_UP	2
1774806863287	361	PLAYER Matoya	LEVEL_UP	Mining	3
1774806863287	361	PLAYER Matoya	SET_EXP	Mining	2100
1774806863288	361	PLAYER Zapdos	EXP	Defence	2.8
1774806863288	361	PLAYER Zapdos	SET_EXP	Defence	3768
1774806863289	361	PLAYER Zapdos	EXP	Constitution	0.9333333333333333
1774806863289	361	PLAYER Zapdos	SET_EXP	Constitution	12796
1774806863289	361	PLAYER BigOof	EXP	Fishing	10.0
1774806863290	361	PLAYER BigOof	TOTAL_LEVEL_UP	2
1774806863290	361	PLAYER BigOof	LEVEL_UP	Fishing	3
1774806863290	361	PLAYER BigOof	SET_EXP	Fishing	1800
1774806863863	362	BOT FullStackF	COMPLETED	go_to_lumbridge_south_river_fishing_area
1774806863885	362	PLAYER SacredProf	EXP	Defence	3.6
1774806863886	362	PLAYER SacredProf	SET_EXP	Defence	5040
1774806863886	362	PLAYER SacredProf	EXP	Constitution	1.2
1774806863886	362	PLAYER SacredProf	SET_EXP	Constitution	13220
1774806863887	362	PLAYER Starmie	TOOK	FLOOR_ITEM bones:1	TILE 3234,3294,0
1774806863887	362	PLAYER Blueberry	EXP	Strength	3.6
1774806863887	362	PLAYER Blueberry	SET_EXP	Strength	7584
1774806863887	362	PLAYER Blueberry	EXP	Constitution	1.2
1774806863887	362	PLAYER Blueberry	SET_EXP	Constitution	14068
1774806864463	363	BOT ThreatPeace	COMPLETED	withdraw_from_bank
1774806864463	363	BOT SkidMark	START_ACTIVITY	go_to_varrock_south_east_mine
1774806864464	363	BOT SpeedHack99	START_ACTIVITY	go_to_varrock_south_east_mine
1774806864464	363	BOT ProPunch	FAILED	go_to_varrock_south_east_mine	Stuck	0	BotWalkTo
1774806864464	363	BOT Dwarf Mine	COMPLETED	withdraw_from_bank
1774806864464	363	PLAYER StyracoS	EXP	Prayer	4.5
1774806864464	363	PLAYER StyracoS	SET_EXP	Prayer	13500
1774806864490	363	PLAYER BrokenWheel	EXP	Strength	4.0
1774806864490	363	PLAYER BrokenWheel	TOTAL_LEVEL_UP	5
1774806864490	363	PLAYER BrokenWheel	LEVEL_UP	Strength	6
1774806864490	363	PLAYER BrokenWheel	SET_EXP	Strength	5280
1774806864491	363	PLAYER BrokenWheel	EXP	Constitution	1.3333333333333333
1774806864491	363	PLAYER BrokenWheel	SET_EXP	Constitution	13300
1774806864491	363	PLAYER Starmie	TOOK	FLOOR_ITEM raw_chicken:1	TILE 3234,3294,0
1774806864492	363	PLAYER Astra	EXP	Mining	17.5
1774806864492	363	PLAYER Astra	TOTAL_LEVEL_UP	2
1774806864492	363	PLAYER Astra	LEVEL_UP	Mining	3
1774806864492	363	PLAYER Astra	SET_EXP	Mining	2100
1774806864492	363	PLAYER MegalodonM	EXP	Woodcutting	25.0
1774806864492	363	PLAYER MegalodonM	SET_EXP	Woodcutting	18000
1774806864493	363	PLAYER PrairieP	EXP	Attack	0.8
1774806864493	363	PLAYER PrairieP	SET_EXP	Attack	4200
1774806864493	363	PLAYER PrairieP	EXP	Constitution	0.26666666666666666
1774806864493	363	PLAYER PrairieP	SET_EXP	Constitution	12940
1774806865065	364	PLAYER CamelCarl	EXP	Prayer	4.5
1774806865065	364	PLAYER CamelCarl	SET_EXP	Prayer	7020
1774806865065	364	BOT ThreatPeace	START_RESOLVER	go_to_area	varrock_east_tin_mining
1774806865065	364	BOT FullStackF	START_ACTIVITY	go_to_lumbridge_south_river_fishing_area
1774806865065	364	BOT Dwarf Mine	START_RESOLVER	go_to_area	lumbridge_tin_mining
1774806865089	364	PLAYER Starmie	EXP	Strength	2.4
1774806865089	364	PLAYER Starmie	SET_EXP	Strength	4464
1774806865090	364	PLAYER Starmie	EXP	Constitution	0.8
1774806865090	364	PLAYER Starmie	SET_EXP	Constitution	13028
1774806865665	365	BOT ThreatPeace	START_ACTIVITY	go_to_area
1774806865666	365	PLAYER Maikeru	TASK_COMPLETED	hang_on_to_something_task
1774806865666	365	BOT ProPunch	START_ACTIVITY	go_to_varrock_south_east_mine
1774806865666	365	BOT Dwarf Mine	START_ACTIVITY	go_to_area
1774806865666	365	BOT Astra	START_ACTIVITY	go_to_bank
1774806865681	365	PLAYER HeadHunter	KILLED	NPC chicken_brown:10358	TILE 3231,3301,0
1774806865681	365	NPC chicken_brown:10358	DROPPED	ITEM feather:5	ITEM bones:1	ITEM raw_chicken:1
1774806865692	365	PLAYER SundayFun	EXP	Woodcutting	25.0
1774806865692	365	PLAYER SundayFun	SET_EXP	Woodcutting	18000
1774806865693	365	PLAYER YudonYuri	EXP	Attack	1.2
1774806865693	365	PLAYER YudonYuri	SET_EXP	Attack	3648
1774806865693	365	PLAYER YudonYuri	EXP	Constitution	0.4
1774806865693	365	PLAYER YudonYuri	SET_EXP	Constitution	12756
1774806865694	365	PLAYER DownUp99	EXP	Mining	17.5
1774806865694	365	PLAYER DownUp99	TOTAL_LEVEL_UP	2
1774806865694	365	PLAYER DownUp99	LEVEL_UP	Mining	3
1774806865694	365	PLAYER DownUp99	SET_EXP	Mining	2100
1774806866266	366	BOT SkidMark	FAILED	go_to_varrock_south_east_mine	Stuck	0	BotWalkTo
1774806866266	366	BOT SpeedHack99	FAILED	go_to_varrock_south_east_mine	Stuck	0	BotWalkTo
1774806866266	366	BOT FullStackF	COMPLETED	go_to_lumbridge_south_river_fishing_area
1774806866289	366	PLAYER SacredProf	TOOK	FLOOR_ITEM bones:1	TILE 3231,3296,0
1774806866289	366	PLAYER Ice	EXP	Woodcutting	25.0
1774806866289	366	PLAYER Ice	SET_EXP	Woodcutting	21000
1774806866290	366	PLAYER Ember	EXP	Mining	5.0
1774806866290	366	PLAYER Ember	TASK_COMPLETED	hack_and_smash_task
1774806866290	366	PLAYER Ember	TOTAL_LEVEL_UP	4
1774806866290	366	PLAYER Ember	LEVEL_UP	Mining	5
1774806866290	366	PLAYER Ember	SET_EXP	Mining	3900
1774806866291	366	PLAYER HeadHunter	EXP	Attack	1.2
1774806866291	366	PLAYER HeadHunter	SET_EXP	Attack	3672
1774806866291	366	PLAYER HeadHunter	EXP	Constitution	0.4
1774806866291	366	PLAYER HeadHunter	SET_EXP	Constitution	12764
1774806866867	367	BOT ThreatPeace	START_ACTIVITY	go_to_varrock_south_west_mine
1774806866867	367	BOT Dwarf Mine	START_ACTIVITY	teleport_lumbridge
1774806866867	367	PLAYER StyracoS	EXP	Prayer	4.5
1774806866868	367	PLAYER StyracoS	TOTAL_LEVEL_UP	10
1774806866868	367	PLAYER StyracoS	TASK_COMPLETED	on_the_level_task
1774806866868	367	PLAYER StyracoS	LEVEL_UP	Prayer	11
1774806866868	367	PLAYER StyracoS	SET_EXP	Prayer	13770
1774806866893	367	PLAYER SacredProf	TOOK	FLOOR_ITEM raw_chicken:1	TILE 3231,3296,0
1774806866894	367	PLAYER BrokenWheel	EXP	Strength	5.2
1774806866894	367	PLAYER BrokenWheel	SET_EXP	Strength	5592
1774806866894	367	PLAYER BrokenWheel	EXP	Constitution	1.7333333333333334
1774806866894	367	PLAYER BrokenWheel	SET_EXP	Constitution	13404
1774806866895	367	PLAYER PrairieP	EXP	Attack	2.0
1774806866895	367	PLAYER PrairieP	SET_EXP	Attack	4320
1774806866895	367	PLAYER PrairieP	EXP	Constitution	0.6666666666666666
1774806866895	367	PLAYER PrairieP	SET_EXP	Constitution	12980
1774806867468	368	PLAYER CamelCarl	EXP	Prayer	4.5
1774806867468	368	PLAYER CamelCarl	SET_EXP	Prayer	7290
1774806867468	368	BOT SkidMark	START_ACTIVITY	go_to_varrock_south_east_mine
1774806867468	368	BOT SpeedHack99	START_ACTIVITY	go_to_varrock_south_east_mine
1774806867468	368	BOT Maikeru	COMPLETED	deposit_all_bank
1774806867468	368	BOT ProPunch	FAILED	go_to_varrock_south_east_mine	Stuck	0	BotWalkTo
1774806867468	368	BOT FullStackF	START_ACTIVITY	go_to_lumbridge_south_river_fishing_area
1774806867481	368	PLAYER SacredProf	KILLED	NPC chicken_brown:10356	TILE 3226,3296,0
1774806867481	368	NPC chicken_brown:10356	DROPPED	ITEM bones:1	ITEM raw_chicken:1
1774806867492	368	PLAYER Starmie	EXP	Strength	2.0
1774806867492	368	PLAYER Starmie	SET_EXP	Strength	4584
1774806867492	368	PLAYER Starmie	EXP	Constitution	0.6666666666666666
1774806867493	368	PLAYER Starmie	SET_EXP	Constitution	13068
1774806868069	369	BOT Maikeru	START_RESOLVER	withdraw_from_bank	varrock_east_tin_mining
1774806868095	369	PLAYER LazyLuke	EXP	Fishing	10.0
1774806868095	369	PLAYER LazyLuke	SET_EXP	Fishing	7800
1774806868096	369	PLAYER YudonYuri	EXP	Attack	0.4
1774806868096	369	PLAYER YudonYuri	SET_EXP	Attack	3672
1774806868096	369	PLAYER YudonYuri	EXP	Constitution	0.13333333333333333
1774806868096	369	PLAYER YudonYuri	SET_EXP	Constitution	12764
1774806868097	369	PLAYER SparrowS	EXP	Fishing	10.0
1774806868097	369	PLAYER SparrowS	SET_EXP	Fishing	6000
1774806868097	369	PLAYER DeepDan	EXP	Woodcutting	25.0
1774806868097	369	PLAYER DeepDan	SET_EXP	Woodcutting	21000
1774806868098	369	PLAYER Gunslinger	EXP	Mining	17.5
1774806868098	369	PLAYER Gunslinger	TOTAL_LEVEL_UP	9
1774806868098	369	PLAYER Gunslinger	LEVEL_UP	Mining	10
1774806868098	369	PLAYER Gunslinger	SET_EXP	Mining	11550
1774806868099	369	PLAYER Zapdos	EXP	Defence	5.2
1774806868099	369	PLAYER Zapdos	TOTAL_LEVEL_UP	4
1774806868099	369	PLAYER Zapdos	LEVEL_UP	Defence	5
1774806868099	369	PLAYER Zapdos	SET_EXP	Defence	4080
1774806868099	369	PLAYER Zapdos	EXP	Constitution	1.7333333333333334
1774806868099	369	PLAYER Zapdos	SET_EXP	Constitution	12900
1774806868669	370	BOT Maikeru	START_ACTIVITY	withdraw_from_bank
1774806868669	370	BOT ProPunch	START_ACTIVITY	go_to_varrock_south_east_mine
1774806868669	370	BOT FullStackF	COMPLETED	go_to_lumbridge_south_river_fishing_area
1774806868692	370	PLAYER Waves	TELED	TILE 3205,3209,1
1774806868692	370	PLAYER HeadHunter	EXP	Attack	2.8
1774806868692	370	PLAYER HeadHunter	SET_EXP	Attack	3840
1774806868692	370	PLAYER HeadHunter	EXP	Constitution	0.9333333333333333
1774806868692	370	PLAYER HeadHunter	SET_EXP	Constitution	12820
1774806869270	371	BOT SkidMark	FAILED	go_to_varrock_south_east_mine	Stuck	0	BotWalkTo
1774806869270	371	BOT SpeedHack99	FAILED	go_to_varrock_south_east_mine	Stuck	0	BotWalkTo
1774806869270	371	PLAYER StyracoS	EXP	Prayer	4.5
1774806869270	371	PLAYER StyracoS	SET_EXP	Prayer	14040
1774806869298	371	PLAYER BrokenWheel	EXP	Strength	2.8
1774806869298	371	PLAYER BrokenWheel	SET_EXP	Strength	5760
1774806869299	371	PLAYER BrokenWheel	EXP	Constitution	0.9333333333333333
1774806869299	371	PLAYER BrokenWheel	SET_EXP	Constitution	13460
1774806869300	371	PLAYER Matoya	EXP	Mining	17.5
1774806869300	371	PLAYER Matoya	TOTAL_LEVEL_UP	3
1774806869300	371	PLAYER Matoya	LEVEL_UP	Mining	4
1774806869300	371	PLAYER Matoya	SET_EXP	Mining	3150
1774806869871	372	PLAYER CamelCarl	EXP	Prayer	4.5
1774806869871	372	PLAYER CamelCarl	SET_EXP	Prayer	7560
1774806869871	372	BOT FullStackF	START_ACTIVITY	go_to_lumbridge_south_river_fishing_area
1774806869896	372	PLAYER IceBerg	EXP	Fishing	10.0
1774806869896	372	PLAYER IceBerg	TOTAL_LEVEL_UP	5
1774806869896	372	PLAYER IceBerg	LEVEL_UP	Fishing	6
1774806869896	372	PLAYER IceBerg	SET_EXP	Fishing	5400
1774806869897	372	PLAYER Ice	EXP	Woodcutting	25.0
1774806869897	372	PLAYER Ice	TOTAL_LEVEL_UP	13
1774806869897	372	PLAYER Ice	LEVEL_UP	Woodcutting	14
1774806869897	372	PLAYER Ice	SET_EXP	Woodcutting	22500
1774806869898	372	PLAYER Starmie	EXP	Strength	6.0
1774806869898	372	PLAYER Starmie	SET_EXP	Strength	4944
1774806869898	372	PLAYER Starmie	EXP	Constitution	2.0
1774806869898	372	PLAYER Starmie	SET_EXP	Constitution	13188
1774806870470	373	BOT SkidMark	START_ACTIVITY	go_to_varrock_south_east_mine
1774806870470	373	BOT SpeedHack99	START_ACTIVITY	go_to_varrock_south_east_mine
1774806870471	373	BOT ProPunch	FAILED	go_to_varrock_south_east_mine	Stuck	0	BotWalkTo
1774806870471	373	PLAYER LaunchDay	TASK_COMPLETED	hang_on_to_something_task
1774806870486	373	PLAYER PrairieP	KILLED	NPC chicken_brown:10357	TILE 3226,3295,0
1774806870486	373	NPC chicken_brown:10357	DROPPED	ITEM bones:1	ITEM raw_chicken:1
1774806870497	373	PLAYER YudonYuri	EXP	Attack	1.2
1774806870497	373	PLAYER YudonYuri	SET_EXP	Attack	3744
1774806870497	373	PLAYER YudonYuri	EXP	Constitution	0.4
1774806870497	373	PLAYER YudonYuri	SET_EXP	Constitution	12788
1774806870498	373	PLAYER Tuga	EXP	Fishing	10.0
1774806870498	373	PLAYER Tuga	SET_EXP	Fishing	7200
1774806871072	374	BOT FullStackF	COMPLETED	go_to_lumbridge_south_river_fishing_area
1774806871096	374	PLAYER LazyLuke	EXP	Fishing	10.0
1774806871096	374	PLAYER LazyLuke	TOTAL_LEVEL_UP	7
1774806871096	374	PLAYER LazyLuke	LEVEL_UP	Fishing	8
1774806871096	374	PLAYER LazyLuke	SET_EXP	Fishing	8400
1774806871097	374	PLAYER Waves	TELED	TILE 3205,3209,2
1774806871097	374	PLAYER Skoll	EXP	Mining	17.5
1774806871097	374	PLAYER Skoll	TASK_COMPLETED	hack_and_smash_task
1774806871097	374	PLAYER Skoll	TOTAL_LEVEL_UP	4
1774806871097	374	PLAYER Skoll	LEVEL_UP	Mining	5
1774806871097	374	PLAYER Skoll	SET_EXP	Mining	4200
1774806871098	374	PLAYER SparrowS	EXP	Fishing	10.0
1774806871098	374	PLAYER SparrowS	TOTAL_LEVEL_UP	6
1774806871098	374	PLAYER SparrowS	LEVEL_UP	Fishing	7
1774806871098	374	PLAYER SparrowS	SET_EXP	Fishing	6600
1774806871098	374	PLAYER DeepDan	EXP	Woodcutting	25.0
1774806871098	374	PLAYER DeepDan	TOTAL_LEVEL_UP	13
1774806871098	374	PLAYER DeepDan	LEVEL_UP	Woodcutting	14
1774806871098	374	PLAYER DeepDan	SET_EXP	Woodcutting	22500
1774806871099	374	PLAYER PrairieP	EXP	Attack	4.8
1774806871099	374	PLAYER PrairieP	SET_EXP	Attack	4608
1774806871099	374	PLAYER PrairieP	EXP	Constitution	1.6
1774806871099	374	PLAYER PrairieP	SET_EXP	Constitution	13076
1774806871672	375	BOT ProPunch	START_ACTIVITY	go_to_varrock_south_east_mine
1774806871672	375	PLAYER StyracoS	EXP	Prayer	4.5
1774806871672	375	PLAYER StyracoS	SET_EXP	Prayer	14310
1774806871697	375	PLAYER Cloud	EXP	Fishing	10.0
1774806871697	375	PLAYER Cloud	TOTAL_LEVEL_UP	5
1774806871697	375	PLAYER Cloud	LEVEL_UP	Fishing	6
1774806871698	375	PLAYER Cloud	SET_EXP	Fishing	5400
1774806871698	375	PLAYER ThreatPeace	TELED	TILE 3205,3209,1
1774806871699	375	PLAYER DownUp99	EXP	Mining	17.5
1774806871699	375	PLAYER DownUp99	TOTAL_LEVEL_UP	3
1774806871699	375	PLAYER DownUp99	LEVEL_UP	Mining	4
1774806871699	375	PLAYER DownUp99	SET_EXP	Mining	3150
1774806872273	376	BOT CamelCarl	COMPLETED	bury_bones_in_bank
1774806872273	376	BOT SkidMark	FAILED	go_to_varrock_south_east_mine	Stuck	0	BotWalkTo
1774806872273	376	BOT SpeedHack99	FAILED	go_to_varrock_south_east_mine	Stuck	0	BotWalkTo
1774806872273	376	BOT LaunchDay	COMPLETED	deposit_all_bank
1774806872273	376	BOT FullStackF	START_ACTIVITY	go_to_lumbridge_south_river_fishing_area
1774806872295	376	PLAYER Starmie	EXP	Strength	1.2
1774806872295	376	PLAYER Starmie	SET_EXP	Strength	5016
1774806872296	376	PLAYER Starmie	EXP	Constitution	0.4
1774806872296	376	PLAYER Starmie	SET_EXP	Constitution	13212
1774806872874	377	BOT CamelCarl	ASSIGNED	varrock_east_tin_mining
1774806872874	377	BOT LaunchDay	START_RESOLVER	withdraw_from_bank	lumbridge_crayfish
1774806872889	377	PLAYER BrokenWheel	KILLED	NPC chicken_brown:10359	TILE 3232,3297,0
1774806872889	377	NPC chicken_brown:10359	DROPPED	ITEM feather:5	ITEM bones:1	ITEM raw_chicken:1
1774806872900	377	PLAYER SacredProf	TOOK	FLOOR_ITEM bones:1	TILE 3226,3296,0
1774806872900	377	PLAYER IceBerg	EXP	Fishing	10.0
1774806872900	377	PLAYER IceBerg	SET_EXP	Fishing	6000
1774806872901	377	PLAYER YudonYuri	EXP	Attack	4.4
1774806872901	377	PLAYER YudonYuri	TOTAL_LEVEL_UP	4
1774806872901	377	PLAYER YudonYuri	LEVEL_UP	Attack	5
1774806872901	377	PLAYER YudonYuri	SET_EXP	Attack	4008
1774806872901	377	PLAYER YudonYuri	EXP	Constitution	1.4666666666666666
1774806872901	377	PLAYER YudonYuri	SET_EXP	Constitution	12876
1774806872902	377	PLAYER Zapdos	EXP	Defence	2.4
1774806872902	377	PLAYER Zapdos	SET_EXP	Defence	4224
1774806872902	377	PLAYER Zapdos	EXP	Constitution	0.8
1774806872902	377	PLAYER Zapdos	SET_EXP	Constitution	12948
1774806873474	378	BOT CamelCarl	START_RESOLVER	withdraw_from_bank	varrock_east_tin_mining
1774806873474	378	BOT SkidMark	START_ACTIVITY	go_to_varrock_south_east_mine
1774806873475	378	BOT SpeedHack99	START_ACTIVITY	go_to_varrock_south_east_mine
1774806873475	378	BOT ProPunch	FAILED	go_to_varrock_south_east_mine	Stuck	0	BotWalkTo
1774806873475	378	BOT LaunchDay	START_ACTIVITY	withdraw_from_bank
1774806873475	378	BOT FullStackF	COMPLETED	go_to_lumbridge_south_river_fishing_area
1774806873497	378	PLAYER SacredProf	TOOK	FLOOR_ITEM raw_chicken:1	TILE 3226,3296,0
1774806873498	378	PLAYER HeadHunter	EXP	Attack	5.2
1774806873498	378	PLAYER HeadHunter	TOTAL_LEVEL_UP	4
1774806873498	378	PLAYER HeadHunter	LEVEL_UP	Attack	5
1774806873498	378	PLAYER HeadHunter	SET_EXP	Attack	4152
1774806873498	378	PLAYER HeadHunter	EXP	Constitution	1.7333333333333334
1774806873498	378	PLAYER HeadHunter	SET_EXP	Constitution	12924
1774806873499	378	PLAYER PrairieP	EXP	Attack	2.4
1774806873499	378	PLAYER PrairieP	SET_EXP	Attack	4752
1774806873499	378	PLAYER PrairieP	EXP	Constitution	0.8
1774806873499	378	PLAYER PrairieP	SET_EXP	Constitution	13124
1774806874075	379	BOT CamelCarl	START_ACTIVITY	withdraw_from_bank
1774806874075	379	BOT YudonYuri	COMPLETED	melee_tutor_attack
1774806874076	379	PLAYER StyracoS	EXP	Prayer	4.5
1774806874076	379	PLAYER StyracoS	SET_EXP	Prayer	14580
1774806874101	379	PLAYER BrokenWheel	EXP	Strength	7.6
1774806874101	379	PLAYER BrokenWheel	SET_EXP	Strength	6216
1774806874102	379	PLAYER BrokenWheel	EXP	Constitution	2.533333333333333
1774806874102	379	PLAYER BrokenWheel	TOTAL_LEVEL_UP	6
1774806874102	379	PLAYER BrokenWheel	LEVEL_UP	Constitution	110
1774806874102	379	PLAYER BrokenWheel	SET_EXP	Constitution	13612
1774806874103	379	PLAYER ThreatPeace	TELED	TILE 3205,3209,0
1774806874103	379	PLAYER SparrowS	EXP	Fishing	10.0
1774806874103	379	PLAYER SparrowS	SET_EXP	Fishing	7200
1774806874676	380	BOT ProPunch	START_ACTIVITY	go_to_varrock_south_east_mine
1774806874676	380	BOT YudonYuri	ASSIGNED	melee_tutor_attack
1774806874676	380	BOT FullStackF	COMPLETED	go_to_area
1774806874676	380	BOT Waves	COMPLETED	go_to_bank
1774806874699	380	PLAYER Ril	EXP	Thieving	8.0
1774806874699	380	PLAYER Ril	SET_EXP	Thieving	18240
1774806874700	380	PLAYER Starmie	EXP	Strength	0.4
1774806874700	380	PLAYER Starmie	SET_EXP	Strength	5040
1774806874700	380	PLAYER Starmie	EXP	Constitution	0.13333333333333333
1774806874700	380	PLAYER Starmie	SET_EXP	Constitution	13220
1774806875277	381	BOT SkidMark	FAILED	go_to_varrock_south_east_mine	Stuck	0	BotWalkTo
1774806875277	381	BOT SpeedHack99	FAILED	go_to_varrock_south_east_mine	Stuck	0	BotWalkTo
1774806875277	381	BOT Maikeru	COMPLETED	withdraw_from_bank
1774806875277	381	BOT YudonYuri	START_ACTIVITY	melee_tutor_attack
1774806875277	381	BOT FullStackF	START_ACTIVITY	lumbridge_crayfish
1774806875304	381	PLAYER YudonYuri	EXP	Attack	5.6
1774806875304	381	PLAYER YudonYuri	SET_EXP	Attack	4344
1774806875304	381	PLAYER YudonYuri	EXP	Constitution	1.8666666666666667
1774806875304	381	PLAYER YudonYuri	SET_EXP	Constitution	12988
1774806875305	381	PLAYER Zapdos	EXP	Defence	0.8
1774806875305	381	PLAYER Zapdos	SET_EXP	Defence	4272
1774806875305	381	PLAYER Zapdos	EXP	Constitution	0.26666666666666666
1774806875305	381	PLAYER Zapdos	SET_EXP	Constitution	12964
1774806875878	382	BOT Maikeru	START_RESOLVER	go_to_area	varrock_east_tin_mining
1774806875901	382	PLAYER HeadHunter	EXP	Attack	0.8
1774806875901	382	PLAYER HeadHunter	SET_EXP	Attack	4200
1774806875901	382	PLAYER HeadHunter	EXP	Constitution	0.26666666666666666
1774806875901	382	PLAYER HeadHunter	SET_EXP	Constitution	12940
1774806875902	382	PLAYER PrairieP	EXP	Attack	2.4
1774806875902	382	PLAYER PrairieP	SET_EXP	Attack	4896
1774806875902	382	PLAYER PrairieP	EXP	Constitution	0.8
1774806875902	382	PLAYER PrairieP	SET_EXP	Constitution	13172
1774806876478	383	BOT SkidMark	START_ACTIVITY	go_to_varrock_south_east_mine
1774806876478	383	BOT SpeedHack99	START_ACTIVITY	go_to_varrock_south_east_mine
1774806876478	383	BOT Maikeru	START_ACTIVITY	go_to_area
1774806876478	383	BOT ProPunch	FAILED	go_to_varrock_south_east_mine	Stuck	0	BotWalkTo
1774806876479	383	PLAYER StyracoS	EXP	Prayer	4.5
1774806876479	383	PLAYER StyracoS	SET_EXP	Prayer	14850
1774806876504	383	PLAYER RhoRanger	EXP	Woodcutting	25.0
1774806876504	383	PLAYER RhoRanger	TOTAL_LEVEL_UP	11
1774806876504	383	PLAYER RhoRanger	LEVEL_UP	Woodcutting	12
1774806876504	383	PLAYER RhoRanger	SET_EXP	Woodcutting	16500
1774806876505	383	PLAYER BrokenWheel	EXP	Strength	4.4
1774806876505	383	PLAYER BrokenWheel	SET_EXP	Strength	6480
1774806876505	383	PLAYER BrokenWheel	EXP	Constitution	1.4666666666666666
1774806876505	383	PLAYER BrokenWheel	SET_EXP	Constitution	13700
1774806877102	384	PLAYER Ril	EXP	Thieving	8.0
1774806877102	384	PLAYER Ril	TOTAL_LEVEL_UP	12
1774806877102	384	PLAYER Ril	LEVEL_UP	Thieving	13
1774806877102	384	PLAYER Ril	SET_EXP	Thieving	18720
1774806877103	384	PLAYER LazyLuke	EXP	Fishing	10.0
1774806877103	384	PLAYER LazyLuke	SET_EXP	Fishing	9000
1774806877103	384	PLAYER Skoll	EXP	Mining	17.5
1774806877103	384	PLAYER Skoll	TOTAL_LEVEL_UP	5
1774806877103	384	PLAYER Skoll	LEVEL_UP	Mining	6
1774806877103	384	PLAYER Skoll	SET_EXP	Mining	5250
1774806877104	384	PLAYER Hanbo Short	EXP	Woodcutting	25.0
1774806877104	384	PLAYER Hanbo Short	SET_EXP	Woodcutting	18000
1774806877679	385	BOT Maikeru	START_ACTIVITY	go_to_varrock_south_west_mine
1774806877679	385	BOT ProPunch	START_ACTIVITY	go_to_varrock_south_east_mine
1774806877705	385	PLAYER Cloud	EXP	Fishing	10.0
1774806877705	385	PLAYER Cloud	SET_EXP	Fishing	6000
1774806877706	385	PLAYER Zapdos	EXP	Defence	0.8
1774806877706	385	PLAYER Zapdos	SET_EXP	Defence	4320
1774806877706	385	PLAYER Zapdos	EXP	Constitution	0.26666666666666666
1774806877706	385	PLAYER Zapdos	SET_EXP	Constitution	12980
1774806878280	386	BOT SkidMark	FAILED	go_to_varrock_south_east_mine	Stuck	0	BotWalkTo
1774806878280	386	BOT SpeedHack99	FAILED	go_to_varrock_south_east_mine	Stuck	0	BotWalkTo
1774806878280	386	BOT YudonYuri	COMPLETED	melee_tutor_attack
1774806878292	386	PLAYER Starmie	KILLED	NPC chicken:10308	TILE 3235,3296,0
1774806878292	386	NPC chicken:10308	DROPPED	ITEM feather:5	ITEM bones:1	ITEM raw_chicken:1
1774806878302	386	PLAYER Dwarf Mine	TELED	TILE 3221,3220,0
1774806878303	386	PLAYER Dwarf Mine	TASK_COMPLETED	click_your_heels_three_times_task
1774806878303	386	PLAYER PrairieP	EXP	Attack	2.4
1774806878303	386	PLAYER PrairieP	SET_EXP	Attack	5040
1774806878304	386	PLAYER PrairieP	EXP	Constitution	0.8
1774806878304	386	PLAYER PrairieP	SET_EXP	Constitution	13220
1774806878304	386	PLAYER BigOof	EXP	Fishing	10.0
1774806878304	386	PLAYER BigOof	SET_EXP	Fishing	2400
1774806878881	387	BOT YudonYuri	ASSIGNED	melee_tutor_attack
1774806878881	387	PLAYER StyracoS	EXP	Prayer	4.5
1774806878881	387	PLAYER StyracoS	SET_EXP	Prayer	15120
1774806878906	387	PLAYER SundayFun	EXP	Woodcutting	25.0
1774806878906	387	PLAYER SundayFun	TOTAL_LEVEL_UP	12
1774806878906	387	PLAYER SundayFun	LEVEL_UP	Woodcutting	13
1774806878906	387	PLAYER SundayFun	SET_EXP	Woodcutting	19500
1774806878907	387	PLAYER BrokenWheel	TOOK	FLOOR_ITEM feather:5	TILE 3232,3297,0
1774806878907	387	PLAYER Gunslinger	EXP	Mining	17.5
1774806878907	387	PLAYER Gunslinger	SET_EXP	Mining	12600
1774806879481	388	BOT SkidMark	START_ACTIVITY	go_to_varrock_south_east_mine
1774806879481	388	BOT SpeedHack99	START_ACTIVITY	go_to_varrock_south_east_mine
1774806879481	388	BOT ProPunch	FAILED	go_to_varrock_south_east_mine	Stuck	0	BotWalkTo
1774806879481	388	BOT YudonYuri	START_ACTIVITY	melee_tutor_attack
1774806879504	388	PLAYER BrokenWheel	TOOK	FLOOR_ITEM bones:1	TILE 3232,3297,0
1774806879505	388	PLAYER Tuga	EXP	Fishing	10.0
1774806879505	388	PLAYER Tuga	SET_EXP	Fishing	7800
1774806880082	389	BOT LaunchDay	COMPLETED	withdraw_from_bank
1774806880097	389	PLAYER BrokenWheel	KILLED	NPC chicken:10310	TILE 3228,3299,0
1774806880097	389	NPC chicken:10310	DROPPED	ITEM feather:15	ITEM bones:1	ITEM raw_chicken:1
1774806880108	389	PLAYER BrokenWheel	TOOK	FLOOR_ITEM raw_chicken:1	TILE 3232,3297,0
1774806880108	389	PLAYER LazyLuke	EXP	Fishing	10.0
1774806880108	389	PLAYER LazyLuke	SET_EXP	Fishing	9600
1774806880108	389	PLAYER Starmie	TOOK	FLOOR_ITEM feather:5	TILE 3235,3296,0
1774806880109	389	PLAYER YudonYuri	EXP	Attack	3.2
1774806880109	389	PLAYER YudonYuri	SET_EXP	Attack	4536
1774806880109	389	PLAYER YudonYuri	EXP	Constitution	1.0666666666666667
1774806880109	389	PLAYER YudonYuri	SET_EXP	Constitution	13052
1774806880110	389	PLAYER Hanbo Short	EXP	Woodcutting	25.0
1774806880110	389	PLAYER Hanbo Short	TOTAL_LEVEL_UP	12
1774806880110	389	PLAYER Hanbo Short	LEVEL_UP	Woodcutting	13
1774806880110	389	PLAYER Hanbo Short	SET_EXP	Woodcutting	19500
1774806880683	390	BOT CamelCarl	COMPLETED	withdraw_from_bank
1774806880683	390	BOT Ril	COMPLETED	lumbridge_pickpocketing
1774806880683	390	BOT ProPunch	START_ACTIVITY	go_to_varrock_south_east_mine
1774806880683	390	BOT LaunchDay	START_RESOLVER	go_to_area	lumbridge_crayfish
1774806880706	390	PLAYER Starmie	TOOK	FLOOR_ITEM bones:1	TILE 3235,3296,0
1774806880706	390	PLAYER HeadHunter	EXP	Attack	2.0
1774806880706	390	PLAYER HeadHunter	SET_EXP	Attack	4320
1774806880706	390	PLAYER HeadHunter	EXP	Constitution	0.6666666666666666
1774806880706	390	PLAYER HeadHunter	SET_EXP	Constitution	12980
1774806880707	390	PLAYER MegalodonM	EXP	Woodcutting	25.0
1774806880707	390	PLAYER MegalodonM	TOTAL_LEVEL_UP	12
1774806880707	390	PLAYER MegalodonM	LEVEL_UP	Woodcutting	13
1774806880707	390	PLAYER MegalodonM	SET_EXP	Woodcutting	19500
1774806880707	390	PLAYER Blueberry	EXP	Strength	2.0
1774806880707	390	PLAYER Blueberry	SET_EXP	Strength	7704
1774806880708	390	PLAYER Blueberry	EXP	Constitution	0.6666666666666666
1774806880708	390	PLAYER Blueberry	SET_EXP	Constitution	14108
1774806881284	391	BOT CamelCarl	START_RESOLVER	go_to_area	varrock_east_tin_mining
1774806881284	391	BOT SkidMark	FAILED	go_to_varrock_south_east_mine	Stuck	0	BotWalkTo
1774806881284	391	BOT SpeedHack99	FAILED	go_to_varrock_south_east_mine	Stuck	0	BotWalkTo
1774806881284	391	BOT Ril	ASSIGNED	lumbridge_tin_mining
1774806881284	391	BOT LaunchDay	START_ACTIVITY	go_to_area
1774806881284	391	BOT StyracoS	COMPLETED	bury_bones
1774806881298	391	PLAYER Zapdos	KILLED	NPC chicken_brown:10360	TILE 3232,3298,0
1774806881298	391	NPC chicken_brown:10360	DROPPED	ITEM feather:5	ITEM bones:1	ITEM raw_chicken:1
1774806881308	391	PLAYER Starmie	TOOK	FLOOR_ITEM raw_chicken:1	TILE 3235,3296,0
1774806881309	391	PLAYER DeepDan	EXP	Woodcutting	25.0
1774806881309	391	PLAYER DeepDan	SET_EXP	Woodcutting	24000
1774806881884	392	BOT CamelCarl	START_ACTIVITY	go_to_area
1774806881885	392	BOT Ril	START_RESOLVER	deposit_all_bank	lumbridge_tin_mining
1774806881885	392	BOT StyracoS	ASSIGNED	lumbridge_pickpocketing
1774806881898	392	PLAYER PrairieP	KILLED	NPC chicken:10309	TILE 3237,3299,0
1774806881898	392	NPC chicken:10309	DROPPED	ITEM feather:15	ITEM bones:1	ITEM raw_chicken:1
1774806881908	392	PLAYER IceBerg	EXP	Fishing	10.0
1774806881908	392	PLAYER IceBerg	TOTAL_LEVEL_UP	6
1774806881908	392	PLAYER IceBerg	LEVEL_UP	Fishing	7
1774806881909	392	PLAYER IceBerg	SET_EXP	Fishing	6600
1774806882484	393	BOT SkidMark	START_ACTIVITY	go_to_varrock_south_east_mine
1774806882485	393	BOT SpeedHack99	START_ACTIVITY	go_to_varrock_south_east_mine
1774806882485	393	BOT Ril	START_ACTIVITY	deposit_all_bank
1774806882485	393	BOT ProPunch	FAILED	go_to_varrock_south_east_mine	Stuck	0	BotWalkTo
1774806882485	393	BOT YudonYuri	COMPLETED	melee_tutor_attack
1774806882485	393	BOT LaunchDay	START_ACTIVITY	go_to_lumbridge_south_river_fishing_area
1774806882485	393	BOT StyracoS	START_RESOLVER	go_to_area	lumbridge_pickpocketing
1774806882510	393	PLAYER SacredProf	EXP	Defence	5.6
1774806882510	393	PLAYER SacredProf	TOTAL_LEVEL_UP	5
1774806882510	393	PLAYER SacredProf	LEVEL_UP	Defence	6
1774806882510	393	PLAYER SacredProf	SET_EXP	Defence	5376
1774806882510	393	PLAYER SacredProf	EXP	Constitution	1.8666666666666667
1774806882510	393	PLAYER SacredProf	SET_EXP	Constitution	13332
1774806882511	393	PLAYER Maikeru	TELED	TILE 3205,3209,1
1774806882512	393	PLAYER YudonYuri	EXP	Attack	0.4
1774806882512	393	PLAYER YudonYuri	SET_EXP	Attack	4560
1774806882512	393	PLAYER YudonYuri	EXP	Constitution	0.13333333333333333
1774806882512	393	PLAYER YudonYuri	SET_EXP	Constitution	13060
1774806883085	394	BOT CamelCarl	START_ACTIVITY	go_to_varrock_south_west_mine
1774806883085	394	BOT YudonYuri	ASSIGNED	melee_tutor_attack
1774806883085	394	BOT StyracoS	START_ACTIVITY	go_to_area
1774806883109	394	PLAYER PrairieP	TOOK	FLOOR_ITEM bones:1	TILE 3226,3295,0
1774806883109	394	PLAYER Zapdos	TOOK	FLOOR_ITEM feather:5	TILE 3232,3298,0
1774806883686	395	BOT Ril	START_ACTIVITY	go_to_bank
1774806883686	395	BOT ProPunch	START_ACTIVITY	go_to_varrock_south_east_mine
1774806883686	395	BOT YudonYuri	START_ACTIVITY	melee_tutor_attack
1774806883712	395	PLAYER Starmie	EXP	Strength	3.6
1774806883712	395	PLAYER Starmie	TOTAL_LEVEL_UP	5
1774806883712	395	PLAYER Starmie	LEVEL_UP	Strength	6
1774806883712	395	PLAYER Starmie	SET_EXP	Strength	5256
1774806883712	395	PLAYER Starmie	EXP	Constitution	1.2
1774806883712	395	PLAYER Starmie	SET_EXP	Constitution	13292
1774806883713	395	PLAYER HeadHunter	TOOK	FLOOR_ITEM feather:5	TILE 3231,3301,0
1774806883713	395	PLAYER MegalodonM	EXP	Woodcutting	25.0
1774806883713	395	PLAYER MegalodonM	SET_EXP	Woodcutting	21000
1774806883714	395	PLAYER PrairieP	TOOK	FLOOR_ITEM raw_chicken:1	TILE 3226,3295,0
1774806883714	395	PLAYER Zapdos	TOOK	FLOOR_ITEM bones:1	TILE 3232,3298,0
1774806884286	396	BOT SkidMark	FAILED	go_to_varrock_south_east_mine	Stuck	0	BotWalkTo
1774806884286	396	BOT SpeedHack99	FAILED	go_to_varrock_south_east_mine	Stuck	0	BotWalkTo
1774806884286	396	BOT Dwarf Mine	COMPLETED	teleport_lumbridge
1774806884286	396	BOT StyracoS	START_ACTIVITY	go_to_lumbridge_thieving_area
1774806884298	396	PLAYER HeadHunter	KILLED	NPC chicken:10311	TILE 3234,3298,0
1774806884298	396	NPC chicken:10311	DROPPED	ITEM feather:15	ITEM bones:1	ITEM raw_chicken:1
1774806884308	396	PLAYER FakeTruth	EXP	Mining	5.0
1774806884308	396	PLAYER FakeTruth	TOTAL_LEVEL_UP	2
1774806884308	396	PLAYER FakeTruth	LEVEL_UP	Mining	3
1774806884309	396	PLAYER FakeTruth	SET_EXP	Mining	1800
1774806884309	396	PLAYER SundayFun	EXP	Woodcutting	25.0
1774806884309	396	PLAYER SundayFun	SET_EXP	Woodcutting	21000
1774806884310	396	PLAYER HeadHunter	TOOK	FLOOR_ITEM bones:1	TILE 3231,3301,0
1774806884310	396	PLAYER Zapdos	TOOK	FLOOR_ITEM raw_chicken:1	TILE 3232,3298,0
1774806884888	397	BOT Dwarf Mine	START_ACTIVITY	go_to_lumbridge_swamp_east_tin_mine
1774806884913	397	PLAYER SacredProf	EXP	Defence	2.0
1774806884913	397	PLAYER SacredProf	SET_EXP	Defence	5496
1774806884913	397	PLAYER SacredProf	EXP	Constitution	0.6666666666666666
1774806884913	397	PLAYER SacredProf	SET_EXP	Constitution	13372
1774806884914	397	PLAYER IceBerg	EXP	Fishing	10.0
1774806884914	397	PLAYER IceBerg	SET_EXP	Fishing	7200
1774806884914	397	PLAYER HeadHunter	TOOK	FLOOR_ITEM raw_chicken:1	TILE 3231,3301,0
1774806884915	397	PLAYER Maikeru	TELED	TILE 3205,3209,0
1774806885487	398	BOT SkidMark	START_ACTIVITY	go_to_varrock_south_east_mine
1774806885487	398	BOT SpeedHack99	START_ACTIVITY	go_to_varrock_south_east_mine
1774806885487	398	BOT ProPunch	FAILED	go_to_varrock_south_east_mine	Stuck	0	BotWalkTo
1774806885510	398	PLAYER BrokenWheel	TOOK	FLOOR_ITEM feather:15	TILE 3228,3299,0
1774806885510	398	PLAYER Tuga	EXP	Fishing	10.0
1774806885510	398	PLAYER Tuga	TOTAL_LEVEL_UP	7
1774806885510	398	PLAYER Tuga	LEVEL_UP	Fishing	8
1774806885510	398	PLAYER Tuga	SET_EXP	Fishing	8400
1774806885511	398	PLAYER DeepDan	EXP	Woodcutting	25.0
1774806885511	398	PLAYER DeepDan	TOTAL_LEVEL_UP	14
1774806885511	398	PLAYER DeepDan	LEVEL_UP	Woodcutting	15
1774806885511	398	PLAYER DeepDan	SET_EXP	Woodcutting	25500
1774806886114	399	PLAYER BrokenWheel	TOOK	FLOOR_ITEM bones:1	TILE 3228,3299,0
1774806886114	399	PLAYER LazyLuke	EXP	Fishing	10.0
1774806886114	399	PLAYER LazyLuke	TOTAL_LEVEL_UP	8
1774806886114	399	PLAYER LazyLuke	LEVEL_UP	Fishing	9
1774806886114	399	PLAYER LazyLuke	SET_EXP	Fishing	10200
1774806886114	399	PLAYER Starmie	EXP	Strength	1.2
1774806886114	399	PLAYER Starmie	SET_EXP	Strength	5328
1774806886115	399	PLAYER Starmie	EXP	Constitution	0.4
1774806886115	399	PLAYER Starmie	SET_EXP	Constitution	13316
1774806886116	399	PLAYER SparrowS	EXP	Fishing	10.0
1774806886116	399	PLAYER SparrowS	SET_EXP	Fishing	7800
1774806886689	400	BOT ProPunch	START_ACTIVITY	go_to_varrock_south_east_mine
1774806886689	400	BOT YudonYuri	COMPLETED	melee_tutor_attack
1774806886712	400	PLAYER AlosaurAce	EXP	Mining	17.5
1774806886712	400	PLAYER AlosaurAce	TOTAL_LEVEL_UP	5
1774806886712	400	PLAYER AlosaurAce	LEVEL_UP	Mining	6
1774806886712	400	PLAYER AlosaurAce	SET_EXP	Mining	5250
1774806886713	400	PLAYER BrokenWheel	TOOK	FLOOR_ITEM raw_chicken:1	TILE 3228,3299,0
1774806887289	401	BOT SkidMark	FAILED	go_to_varrock_south_east_mine	Stuck	0	BotWalkTo
1774806887289	401	BOT SpeedHack99	FAILED	go_to_varrock_south_east_mine	Stuck	0	BotWalkTo
1774806887289	401	BOT YudonYuri	ASSIGNED	melee_tutor_attack
1774806887289	401	BOT Waves	COMPLETED	withdraw_from_bank
1774806887315	401	PLAYER SilentScrem	EXP	Mining	17.5
1774806887315	401	PLAYER SilentScrem	TOTAL_LEVEL_UP	7
1774806887315	401	PLAYER SilentScrem	LEVEL_UP	Mining	2
1774806887315	401	PLAYER SilentScrem	SET_EXP	Mining	1050
1774806887315	401	PLAYER SilentScrem	TASK_COMPLETED	take_your_pick_task
1774806887316	401	PLAYER UnknownX	EXP	Mining	17.5
1774806887316	401	PLAYER UnknownX	TOTAL_LEVEL_UP	2
1774806887316	401	PLAYER UnknownX	LEVEL_UP	Mining	3
1774806887316	401	PLAYER UnknownX	SET_EXP	Mining	2100
1774806887317	401	PLAYER YudonYuri	EXP	Attack	2.4
1774806887317	401	PLAYER YudonYuri	SET_EXP	Attack	4704
1774806887317	401	PLAYER YudonYuri	EXP	Constitution	0.8
1774806887317	401	PLAYER YudonYuri	SET_EXP	Constitution	13108
1774806887318	401	PLAYER Hanbo Short	EXP	Woodcutting	25.0
1774806887318	401	PLAYER Hanbo Short	SET_EXP	Woodcutting	21000
1774806887890	402	BOT YudonYuri	START_ACTIVITY	melee_tutor_attack
1774806887890	402	BOT Waves	START_RESOLVER	go_to_area	magic_tutor
1774806887913	402	PLAYER CamelCarl	TELED	TILE 3205,3209,1
1774806887913	402	PLAYER HeadHunter	TOOK	FLOOR_ITEM feather:15	TILE 3234,3298,0
1774806887913	402	PLAYER Skoll	EXP	Mining	17.5
1774806887913	402	PLAYER Skoll	SET_EXP	Mining	6300
1774806888491	403	BOT SkidMark	START_ACTIVITY	go_to_varrock_south_east_mine
1774806888491	403	BOT SpeedHack99	START_ACTIVITY	go_to_varrock_south_east_mine
1774806888491	403	BOT ProPunch	FAILED	go_to_varrock_south_east_mine	Stuck	0	BotWalkTo
1774806888491	403	BOT Waves	START_ACTIVITY	go_to_area
1774806888516	403	PLAYER HeadHunter	TOOK	FLOOR_ITEM bones:1	TILE 3234,3298,0
1774806888516	403	PLAYER Tuga	EXP	Fishing	10.0
1774806888516	403	PLAYER Tuga	SET_EXP	Fishing	9000
1774806889114	404	PLAYER RhoRanger	EXP	Woodcutting	25.0
1774806889114	404	PLAYER RhoRanger	SET_EXP	Woodcutting	18000
1774806889114	404	PLAYER StyracoS	TELED	TILE 3205,3209,1
1774806889115	404	PLAYER LazyLuke	EXP	Fishing	10.0
1774806889115	404	PLAYER LazyLuke	SET_EXP	Fishing	10800
1774806889115	404	PLAYER HeadHunter	TOOK	FLOOR_ITEM raw_chicken:1	TILE 3234,3298,0
1774806889115	404	PLAYER Halp	EXP	Mining	17.5
1774806889115	404	PLAYER Halp	TOTAL_LEVEL_UP	3
1774806889115	404	PLAYER Halp	LEVEL_UP	Mining	4
1774806889115	404	PLAYER Halp	SET_EXP	Mining	3150
1774806889116	404	PLAYER Zapdos	EXP	Defence	2.4
1774806889116	404	PLAYER Zapdos	SET_EXP	Defence	4464
1774806889116	404	PLAYER Zapdos	EXP	Constitution	0.8
1774806889116	404	PLAYER Zapdos	SET_EXP	Constitution	13028
1774806889693	405	BOT ProPunch	START_ACTIVITY	go_to_varrock_south_east_mine
1774806889693	405	BOT Waves	START_ACTIVITY	go_to_lumbridge_combat_tutors
1774806889721	405	PLAYER SacredProf	EXP	Defence	4.4
1774806889721	405	PLAYER SacredProf	SET_EXP	Defence	5760
1774806889722	405	PLAYER SacredProf	EXP	Constitution	1.4666666666666666
1774806889722	405	PLAYER SacredProf	SET_EXP	Constitution	13460
1774806889724	405	PLAYER YudonYuri	EXP	Attack	2.0
1774806889724	405	PLAYER YudonYuri	SET_EXP	Attack	4824
1774806889724	405	PLAYER YudonYuri	EXP	Constitution	0.6666666666666666
1774806889724	405	PLAYER YudonYuri	SET_EXP	Constitution	13148
1774806890293	406	BOT SkidMark	FAILED	go_to_varrock_south_east_mine	Stuck	0	BotWalkTo
1774806890293	406	BOT SpeedHack99	FAILED	go_to_varrock_south_east_mine	Stuck	0	BotWalkTo
1774806890293	406	BOT Halp	START_ACTIVITY	go_to_bank
1774806890316	406	PLAYER CamelCarl	TELED	TILE 3205,3209,0
1774806890316	406	PLAYER MegalodonM	EXP	Woodcutting	25.0
1774806890316	406	PLAYER MegalodonM	TOTAL_LEVEL_UP	13
1774806890316	406	PLAYER MegalodonM	LEVEL_UP	Woodcutting	14
1774806890317	406	PLAYER MegalodonM	SET_EXP	Woodcutting	22500
1774806890317	406	PLAYER Blueberry	EXP	Strength	1.2
1774806890317	406	PLAYER Blueberry	SET_EXP	Strength	7776
1774806890318	406	PLAYER Blueberry	EXP	Constitution	0.4
1774806890318	406	PLAYER Blueberry	SET_EXP	Constitution	14132
1774806890894	407	BOT YudonYuri	COMPLETED	melee_tutor_attack
1774806890918	407	PLAYER FullStackF	EXP	Fishing	10.0
1774806890919	407	PLAYER FullStackF	SET_EXP	Fishing	600
1774806890919	407	PLAYER FullStackF	TASK_COMPLETED	arent_they_supposed_to_be_twins_task
1774806890920	407	PLAYER IceBerg	EXP	Fishing	10.0
1774806890920	407	PLAYER IceBerg	SET_EXP	Fishing	7800
1774806890920	407	PLAYER Ember	EXP	Mining	5.0
1774806890920	407	PLAYER Ember	SET_EXP	Mining	4200
1774806890921	407	PLAYER LaunchDay	TELED	TILE 3205,3209,1
1774806891494	408	BOT SkidMark	START_ACTIVITY	go_to_varrock_south_east_mine
1774806891495	408	BOT SpeedHack99	START_ACTIVITY	go_to_varrock_south_east_mine
1774806891495	408	BOT ProPunch	FAILED	go_to_varrock_south_east_mine	Stuck	0	BotWalkTo
1774806891495	408	BOT YudonYuri	ASSIGNED	melee_tutor_attack
1774806891517	408	PLAYER StyracoS	TELED	TILE 3205,3209,0
1774806891517	408	PLAYER Zapdos	EXP	Defence	0.8
1774806891517	408	PLAYER Zapdos	SET_EXP	Defence	4512
1774806891518	408	PLAYER Zapdos	EXP	Constitution	0.26666666666666666
1774806891518	408	PLAYER Zapdos	SET_EXP	Constitution	13044
1774806892095	409	BOT YudonYuri	START_ACTIVITY	melee_tutor_attack
1774806892120	409	PLAYER BrokenWheel	EXP	Strength	4.4
1774806892120	409	PLAYER BrokenWheel	TOTAL_LEVEL_UP	7
1774806892120	409	PLAYER BrokenWheel	LEVEL_UP	Strength	7
1774806892120	409	PLAYER BrokenWheel	SET_EXP	Strength	6744
1774806892120	409	PLAYER BrokenWheel	EXP	Constitution	1.4666666666666666
1774806892120	409	PLAYER BrokenWheel	SET_EXP	Constitution	13788
1774806892122	409	PLAYER YudonYuri	EXP	Attack	3.6
1774806892122	409	PLAYER YudonYuri	SET_EXP	Attack	5040
1774806892122	409	PLAYER YudonYuri	EXP	Constitution	1.2
1774806892122	409	PLAYER YudonYuri	SET_EXP	Constitution	13220
1774806892123	409	PLAYER SparrowS	EXP	Fishing	10.0
1774806892123	409	PLAYER SparrowS	TOTAL_LEVEL_UP	7
1774806892123	409	PLAYER SparrowS	LEVEL_UP	Fishing	8
1774806892123	409	PLAYER SparrowS	SET_EXP	Fishing	8400
1774806892696	410	BOT ProPunch	START_ACTIVITY	go_to_varrock_south_east_mine
1774806892719	410	PLAYER RhoRanger	EXP	Woodcutting	25.0
1774806892719	410	PLAYER RhoRanger	TOTAL_LEVEL_UP	12
1774806892719	410	PLAYER RhoRanger	LEVEL_UP	Woodcutting	13
1774806892719	410	PLAYER RhoRanger	SET_EXP	Woodcutting	19500
1774806893296	411	BOT SkidMark	FAILED	go_to_varrock_south_east_mine	Stuck	0	BotWalkTo
1774806893297	411	BOT SpeedHack99	FAILED	go_to_varrock_south_east_mine	Stuck	0	BotWalkTo
1774806893310	411	PLAYER SacredProf	KILLED	NPC chicken_brown:10358	TILE 3231,3300,0
1774806893311	411	NPC chicken_brown:10358	DROPPED	ITEM feather:15	ITEM bones:1	ITEM raw_chicken:1
1774806893321	411	PLAYER Bob	EXP	Mining	17.5
1774806893322	411	PLAYER Bob	TOTAL_LEVEL_UP	2
1774806893322	411	PLAYER Bob	LEVEL_UP	Mining	3
1774806893322	411	PLAYER Bob	SET_EXP	Mining	2100
1774806893323	411	PLAYER Starmie	EXP	Strength	0.4
1774806893323	411	PLAYER Starmie	SET_EXP	Strength	5352
1774806893323	411	PLAYER Starmie	EXP	Constitution	0.13333333333333333
1774806893323	411	PLAYER Starmie	SET_EXP	Constitution	13324
1774806893323	411	PLAYER LaunchDay	TELED	TILE 3205,3209,0
1774806893324	411	PLAYER BigOof	EXP	Fishing	10.0
1774806893324	411	PLAYER BigOof	TOTAL_LEVEL_UP	3
1774806893324	411	PLAYER BigOof	LEVEL_UP	Fishing	4
1774806893324	411	PLAYER BigOof	SET_EXP	Fishing	3000
1774806893898	412	BOT FuturePast	FAILED	lumbridge_copper_mining	Timeout	0	BotInteractObject
1774806893921	412	PLAYER Zapdos	EXP	Defence	0.8
1774806893921	412	PLAYER Zapdos	SET_EXP	Defence	4560
1774806893921	412	PLAYER Zapdos	EXP	Constitution	0.26666666666666666
1774806893921	412	PLAYER Zapdos	SET_EXP	Constitution	13060
1774806894499	413	BOT SkidMark	START_ACTIVITY	go_to_varrock_south_east_mine
1774806894499	413	BOT SpeedHack99	START_ACTIVITY	go_to_varrock_south_east_mine
1774806894499	413	BOT ProPunch	FAILED	go_to_varrock_south_east_mine	Stuck	0	BotWalkTo
1774806894499	413	BOT FuturePast	ASSIGNED	lumbridge_tin_mining
1774806894524	413	PLAYER BrokenWheel	EXP	Strength	3.2
1774806894524	413	PLAYER BrokenWheel	SET_EXP	Strength	6936
1774806894524	413	PLAYER BrokenWheel	EXP	Constitution	1.0666666666666667
1774806894524	413	PLAYER BrokenWheel	SET_EXP	Constitution	13852
1774806894525	413	PLAYER Waves	TELED	TILE 3205,3209,1
1774806894525	413	PLAYER Gunslinger	EXP	Mining	17.5
1774806894525	413	PLAYER Gunslinger	TOTAL_LEVEL_UP	10
1774806894525	413	PLAYER Gunslinger	TASK_COMPLETED	on_the_level_task
1774806894525	413	PLAYER Gunslinger	LEVEL_UP	Mining	11
1774806894525	413	PLAYER Gunslinger	SET_EXP	Mining	13650
1774806895099	414	BOT FuturePast	START_RESOLVER	withdraw_from_bank	lumbridge_tin_mining
1774806895100	414	BOT YudonYuri	COMPLETED	melee_tutor_attack
1774806895122	414	PLAYER Blueberry	EXP	Strength	1.2
1774806895122	414	PLAYER Blueberry	SET_EXP	Strength	7848
1774806895122	414	PLAYER Blueberry	EXP	Constitution	0.4
1774806895122	414	PLAYER Blueberry	SET_EXP	Constitution	14156
1774806895700	415	BOT ProPunch	START_ACTIVITY	go_to_varrock_south_east_mine
1774806895700	415	BOT FuturePast	START_ACTIVITY	withdraw_from_bank
1774806895700	415	BOT YudonYuri	ASSIGNED	melee_tutor_attack
1774806895725	415	PLAYER Starmie	EXP	Strength	1.2
1774806895725	415	PLAYER Starmie	SET_EXP	Strength	5424
1774806895726	415	PLAYER Starmie	EXP	Constitution	0.4
1774806895726	415	PLAYER Starmie	SET_EXP	Constitution	13348
1774806895726	415	PLAYER Cloud	EXP	Fishing	10.0
1774806895726	415	PLAYER Cloud	TOTAL_LEVEL_UP	6
1774806895726	415	PLAYER Cloud	LEVEL_UP	Fishing	7
1774806895727	415	PLAYER Cloud	SET_EXP	Fishing	6600
1774806896301	416	BOT SkidMark	FAILED	go_to_varrock_south_east_mine	Stuck	0	BotWalkTo
1774806896301	416	BOT SpeedHack99	FAILED	go_to_varrock_south_east_mine	Stuck	0	BotWalkTo
1774806896301	416	BOT YudonYuri	START_ACTIVITY	melee_tutor_attack
1774806896324	416	PLAYER Ember	EXP	Mining	5.0
1774806896324	416	PLAYER Ember	SET_EXP	Mining	4500
1774806896325	416	PLAYER Zapdos	EXP	Defence	3.2
1774806896325	416	PLAYER Zapdos	SET_EXP	Defence	4752
1774806896325	416	PLAYER Zapdos	EXP	Constitution	1.0666666666666667
1774806896325	416	PLAYER Zapdos	SET_EXP	Constitution	13124
1774806896928	417	PLAYER BrokenWheel	EXP	Strength	3.2
1774806896928	417	PLAYER BrokenWheel	SET_EXP	Strength	7128
1774806896928	417	PLAYER BrokenWheel	EXP	Constitution	1.0666666666666667
1774806896928	417	PLAYER BrokenWheel	SET_EXP	Constitution	13916
1774806896929	417	PLAYER Hanbo Short	EXP	Woodcutting	25.0
1774806896929	417	PLAYER Hanbo Short	TOTAL_LEVEL_UP	13
1774806896929	417	PLAYER Hanbo Short	LEVEL_UP	Woodcutting	14
1774806896929	417	PLAYER Hanbo Short	SET_EXP	Woodcutting	22500
1774806896929	417	PLAYER FireStarter	TELED	TILE 3205,3209,1
1774806896929	417	PLAYER DeepDan	EXP	Woodcutting	25.0
1774806896929	417	PLAYER DeepDan	SET_EXP	Woodcutting	27000
1774806896930	417	PLAYER DownUp99	EXP	Mining	17.5
1774806896930	417	PLAYER DownUp99	TASK_COMPLETED	hack_and_smash_task
1774806896930	417	PLAYER DownUp99	TOTAL_LEVEL_UP	4
1774806896930	417	PLAYER DownUp99	LEVEL_UP	Mining	5
1774806896930	417	PLAYER DownUp99	SET_EXP	Mining	4200
1774806896930	417	PLAYER Waves	TELED	TILE 3205,3209,0
1774806897502	418	BOT SkidMark	START_ACTIVITY	go_to_varrock_south_east_mine
1774806897502	418	BOT SpeedHack99	START_ACTIVITY	go_to_varrock_south_east_mine
1774806897502	418	BOT ProPunch	FAILED	go_to_varrock_south_east_mine	Stuck	0	BotWalkTo
1774806897526	418	PLAYER SacredProf	EXP	Defence	4.4
1774806897526	418	PLAYER SacredProf	SET_EXP	Defence	6024
1774806897526	418	PLAYER SacredProf	EXP	Constitution	1.4666666666666666
1774806897526	418	PLAYER SacredProf	SET_EXP	Constitution	13548
1774806898103	419	BOT Astra	COMPLETED	go_to_bank
1774806898128	419	PLAYER YutytyrannY	EXP	Fishing	10.0
1774806898128	419	PLAYER YutytyrannY	TOTAL_LEVEL_UP	4
1774806898128	419	PLAYER YutytyrannY	LEVEL_UP	Fishing	5
1774806898128	419	PLAYER YutytyrannY	SET_EXP	Fishing	4200
1774806898129	419	PLAYER Starmie	EXP	Strength	0.8
1774806898129	419	PLAYER Starmie	SET_EXP	Strength	5472
1774806898129	419	PLAYER Starmie	EXP	Constitution	0.26666666666666666
1774806898129	419	PLAYER Starmie	SET_EXP	Constitution	13364
1774806898129	419	PLAYER MegalodonM	EXP	Woodcutting	25.0
1774806898129	419	PLAYER MegalodonM	SET_EXP	Woodcutting	24000
1774806898130	419	PLAYER SparrowS	EXP	Fishing	10.0
1774806898130	419	PLAYER SparrowS	SET_EXP	Fishing	9000
1774806898130	419	PLAYER Lash	EXP	Mining	17.5
1774806898130	419	PLAYER Lash	TASK_COMPLETED	hack_and_smash_task
1774806898130	419	PLAYER Lash	TOTAL_LEVEL_UP	4
1774806898130	419	PLAYER Lash	LEVEL_UP	Mining	5
1774806898131	419	PLAYER Lash	SET_EXP	Mining	4200
1774806898131	419	PLAYER SilentScrem	EXP	Mining	17.5
1774806898131	419	PLAYER SilentScrem	TOTAL_LEVEL_UP	8
1774806898131	419	PLAYER SilentScrem	LEVEL_UP	Mining	3
1774806898131	419	PLAYER SilentScrem	SET_EXP	Mining	2100
1774806898705	420	BOT ProPunch	START_ACTIVITY	go_to_varrock_south_east_mine
1774806898728	420	PLAYER Zapdos	EXP	Defence	2.0
1774806898728	420	PLAYER Zapdos	SET_EXP	Defence	4872
1774806898728	420	PLAYER Zapdos	EXP	Constitution	0.6666666666666666
1774806898728	420	PLAYER Zapdos	SET_EXP	Constitution	13164
1774806898730	420	PLAYER PrairieP	EXP	Attack	4.4
1774806898730	420	PLAYER PrairieP	TOTAL_LEVEL_UP	5
1774806898730	420	PLAYER PrairieP	LEVEL_UP	Attack	6
1774806898730	420	PLAYER PrairieP	SET_EXP	Attack	5304
1774806898730	420	PLAYER PrairieP	EXP	Constitution	1.4666666666666666
1774806898730	420	PLAYER PrairieP	SET_EXP	Constitution	13308
1774806899306	421	BOT SkidMark	FAILED	go_to_varrock_south_east_mine	Stuck	0	BotWalkTo
1774806899306	421	BOT SpeedHack99	FAILED	go_to_varrock_south_east_mine	Stuck	0	BotWalkTo
1774806899306	421	BOT YudonYuri	COMPLETED	melee_tutor_attack
1774806899332	421	PLAYER YudonYuri	EXP	Attack	2.0
1774806899333	421	PLAYER YudonYuri	TOTAL_LEVEL_UP	5
1774806899333	421	PLAYER YudonYuri	LEVEL_UP	Attack	6
1774806899333	421	PLAYER YudonYuri	SET_EXP	Attack	5160
1774806899333	421	PLAYER YudonYuri	EXP	Constitution	0.6666666666666666
1774806899333	421	PLAYER YudonYuri	SET_EXP	Constitution	13260
1774806899334	421	PLAYER Bob	EXP	Mining	17.5
1774806899334	421	PLAYER Bob	TOTAL_LEVEL_UP	3
1774806899334	421	PLAYER Bob	LEVEL_UP	Mining	4
1774806899334	421	PLAYER Bob	SET_EXP	Mining	3150
1774806899334	421	PLAYER BrokenWheel	EXP	Strength	1.2
1774806899334	421	PLAYER BrokenWheel	SET_EXP	Strength	7200
1774806899334	421	PLAYER BrokenWheel	EXP	Constitution	0.4
1774806899334	421	PLAYER BrokenWheel	SET_EXP	Constitution	13940
1774806899335	421	PLAYER FireStarter	TELED	TILE 3205,3209,2
1774806899335	421	PLAYER SundayFun	EXP	Woodcutting	25.0
1774806899335	421	PLAYER SundayFun	TOTAL_LEVEL_UP	13
1774806899335	421	PLAYER SundayFun	LEVEL_UP	Woodcutting	14
1774806899335	421	PLAYER SundayFun	SET_EXP	Woodcutting	22500
1774806899335	421	PLAYER RhoRanger	EXP	Woodcutting	25.0
1774806899335	421	PLAYER RhoRanger	SET_EXP	Woodcutting	21000
1774806899336	421	PLAYER BigOof	EXP	Fishing	10.0
1774806899336	421	PLAYER BigOof	SET_EXP	Fishing	3600
1774806899906	422	BOT YudonYuri	ASSIGNED	lumbridge_copper_mining
1774806899930	422	PLAYER SacredProf	EXP	Defence	4.8
1774806899930	422	PLAYER SacredProf	SET_EXP	Defence	6312
1774806899931	422	PLAYER SacredProf	EXP	Constitution	1.6
1774806899931	422	PLAYER SacredProf	TOTAL_LEVEL_UP	6
1774806899931	422	PLAYER SacredProf	LEVEL_UP	Constitution	110
1774806899931	422	PLAYER SacredProf	SET_EXP	Constitution	13644
1774806900507	423	BOT SkidMark	START_ACTIVITY	go_to_varrock_south_east_mine
1774806900507	423	BOT SpeedHack99	START_ACTIVITY	go_to_varrock_south_east_mine
1774806900507	423	BOT ProPunch	FAILED	go_to_varrock_south_east_mine	Stuck	0	BotWalkTo
1774806900507	423	BOT YudonYuri	START_RESOLVER	deposit_all_bank	lumbridge_copper_mining
1774806900533	423	PLAYER Starmie	EXP	Strength	1.2
1774806900533	423	PLAYER Starmie	SET_EXP	Strength	5544
1774806900533	423	PLAYER Starmie	EXP	Constitution	0.4
1774806900533	423	PLAYER Starmie	SET_EXP	Constitution	13388
1774806901107	424	BOT YudonYuri	START_ACTIVITY	deposit_all_bank
1774806901130	424	PLAYER Zapdos	EXP	Defence	1.2
1774806901130	424	PLAYER Zapdos	SET_EXP	Defence	4944
1774806901130	424	PLAYER Zapdos	EXP	Constitution	0.4
1774806901130	424	PLAYER Zapdos	SET_EXP	Constitution	13188
1774806901131	424	PLAYER HeadHunter	EXP	Attack	4.0
1774806901131	424	PLAYER HeadHunter	SET_EXP	Attack	4560
1774806901131	424	PLAYER HeadHunter	EXP	Constitution	1.3333333333333333
1774806901131	424	PLAYER HeadHunter	SET_EXP	Constitution	13060
1774806901132	424	PLAYER PrairieP	EXP	Attack	1.2
1774806901132	424	PLAYER PrairieP	SET_EXP	Attack	5376
1774806901132	424	PLAYER PrairieP	EXP	Constitution	0.4
1774806901132	424	PLAYER PrairieP	SET_EXP	Constitution	13332
1774806901708	425	BOT ProPunch	START_ACTIVITY	go_to_varrock_south_east_mine
1774806901733	425	PLAYER YudonYuri	EXP	Attack	1.2
1774806901733	425	PLAYER YudonYuri	SET_EXP	Attack	5232
1774806901733	425	PLAYER YudonYuri	EXP	Constitution	0.4
1774806901733	425	PLAYER YudonYuri	SET_EXP	Constitution	13284
1774806901734	425	PLAYER BrokenWheel	EXP	Strength	6.8
1774806901734	425	PLAYER BrokenWheel	SET_EXP	Strength	7608
1774806901735	425	PLAYER BrokenWheel	EXP	Constitution	2.2666666666666666
1774806901735	425	PLAYER BrokenWheel	SET_EXP	Constitution	14076
1774806901735	425	PLAYER Ice	EXP	Woodcutting	25.0
1774806901735	425	PLAYER Ice	SET_EXP	Woodcutting	24000
1774806901736	425	PLAYER Cloud	EXP	Fishing	10.0
1774806901736	425	PLAYER Cloud	SET_EXP	Fishing	7200
1774806902309	426	BOT SkidMark	FAILED	go_to_varrock_south_east_mine	Stuck	0	BotWalkTo
1774806902309	426	BOT SpeedHack99	FAILED	go_to_varrock_south_east_mine	Stuck	0	BotWalkTo
1774806902332	426	PLAYER Blueberry	EXP	Strength	4.4
1774806902332	426	PLAYER Blueberry	TOTAL_LEVEL_UP	8
1774806902332	426	PLAYER Blueberry	LEVEL_UP	Strength	8
1774806902332	426	PLAYER Blueberry	SET_EXP	Strength	8112
1774806902333	426	PLAYER Blueberry	EXP	Constitution	1.4666666666666666
1774806902333	426	PLAYER Blueberry	SET_EXP	Constitution	14244
1774806902333	426	PLAYER SundayFun	EXP	Woodcutting	25.0
1774806902333	426	PLAYER SundayFun	SET_EXP	Woodcutting	24000
1774806902334	426	PLAYER BigOof	EXP	Fishing	10.0
1774806902334	426	PLAYER BigOof	TOTAL_LEVEL_UP	4
1774806902334	426	PLAYER BigOof	LEVEL_UP	Fishing	5
1774806902334	426	PLAYER BigOof	SET_EXP	Fishing	4200
1774806902335	426	PLAYER SacredProf	EXP	Defence	0.8
1774806902335	426	PLAYER SacredProf	SET_EXP	Defence	6360
1774806902335	426	PLAYER SacredProf	EXP	Constitution	0.26666666666666666
1774806902335	426	PLAYER SacredProf	SET_EXP	Constitution	13660
1774806902911	427	BOT FireStarter	COMPLETED	go_to_bank
1774806902926	427	PLAYER BrokenWheel	KILLED	NPC chicken_brown:10357	TILE 3230,3298,0
1774806902926	427	NPC chicken_brown:10357	DROPPED	ITEM feather:15	ITEM bones:1	ITEM raw_chicken:1
1774806902937	427	PLAYER DownUp99	EXP	Mining	17.5
1774806902937	427	PLAYER DownUp99	TOTAL_LEVEL_UP	5
1774806902937	427	PLAYER DownUp99	LEVEL_UP	Mining	6
1774806902937	427	PLAYER DownUp99	SET_EXP	Mining	5250
1774806903511	428	BOT SkidMark	START_ACTIVITY	go_to_varrock_south_east_mine
1774806903511	428	BOT SpeedHack99	START_ACTIVITY	go_to_varrock_south_east_mine
1774806903511	428	BOT ProPunch	FAILED	go_to_varrock_south_east_mine	Stuck	0	BotWalkTo
1774806903534	428	PLAYER HeadHunter	EXP	Attack	5.2
1774806903534	428	PLAYER HeadHunter	SET_EXP	Attack	4872
1774806903535	428	PLAYER HeadHunter	EXP	Constitution	1.7333333333333334
1774806903535	428	PLAYER HeadHunter	SET_EXP	Constitution	13164
1774806903536	428	PLAYER PrairieP	EXP	Attack	2.8
1774806903536	428	PLAYER PrairieP	SET_EXP	Attack	5544
1774806903536	428	PLAYER PrairieP	EXP	Constitution	0.9333333333333333
1774806903536	428	PLAYER PrairieP	SET_EXP	Constitution	13388
1774806904138	429	PLAYER YudonYuri	EXP	Attack	1.2
1774806904138	429	PLAYER YudonYuri	SET_EXP	Attack	5304
1774806904138	429	PLAYER YudonYuri	EXP	Constitution	0.4
1774806904138	429	PLAYER YudonYuri	SET_EXP	Constitution	13308
1774806904139	429	PLAYER BrokenWheel	EXP	Strength	5.2
1774806904139	429	PLAYER BrokenWheel	SET_EXP	Strength	7920
1774806904139	429	PLAYER BrokenWheel	EXP	Constitution	1.7333333333333334
1774806904139	429	PLAYER BrokenWheel	SET_EXP	Constitution	14180
1774806904712	430	BOT ProPunch	START_ACTIVITY	go_to_varrock_south_east_mine
1774806904734	430	PLAYER Ice	EXP	Woodcutting	25.0
1774806904734	430	PLAYER Ice	TOTAL_LEVEL_UP	14
1774806904735	430	PLAYER Ice	LEVEL_UP	Woodcutting	15
1774806904735	430	PLAYER Ice	SET_EXP	Woodcutting	25500
1774806904737	430	PLAYER Ril	TELED	TILE 3205,3209,1
1774806904737	430	PLAYER SacredProf	EXP	Defence	2.0
1774806904737	430	PLAYER SacredProf	SET_EXP	Defence	6480
1774806904737	430	PLAYER SacredProf	EXP	Constitution	0.6666666666666666
1774806904737	430	PLAYER SacredProf	SET_EXP	Constitution	13700
1774806905313	431	BOT SkidMark	FAILED	go_to_varrock_south_east_mine	Stuck	0	BotWalkTo
1774806905313	431	BOT SpeedHack99	FAILED	go_to_varrock_south_east_mine	Stuck	0	BotWalkTo
1774806905339	431	PLAYER Bob	EXP	Mining	17.5
1774806905339	431	PLAYER Bob	TASK_COMPLETED	hack_and_smash_task
1774806905339	431	PLAYER Bob	TOTAL_LEVEL_UP	4
1774806905339	431	PLAYER Bob	LEVEL_UP	Mining	5
1774806905339	431	PLAYER Bob	SET_EXP	Mining	4200
1774806905340	431	PLAYER Starmie	EXP	Strength	3.6
1774806905340	431	PLAYER Starmie	SET_EXP	Strength	5760
1774806905340	431	PLAYER Starmie	EXP	Constitution	1.2
1774806905340	431	PLAYER Starmie	SET_EXP	Constitution	13460
1774806905936	432	PLAYER Zapdos	EXP	Defence	1.6
1774806905936	432	PLAYER Zapdos	SET_EXP	Defence	5040
1774806905937	432	PLAYER Zapdos	EXP	Constitution	0.5333333333333333
1774806905937	432	PLAYER Zapdos	SET_EXP	Constitution	13220
1774806905937	432	PLAYER HeadHunter	EXP	Attack	1.6
1774806905937	432	PLAYER HeadHunter	SET_EXP	Attack	4968
1774806905938	432	PLAYER HeadHunter	EXP	Constitution	0.5333333333333333
1774806905938	432	PLAYER HeadHunter	SET_EXP	Constitution	13196
1774806905938	432	PLAYER SundayFun	EXP	Woodcutting	25.0
1774806905938	432	PLAYER SundayFun	TOTAL_LEVEL_UP	14
1774806905938	432	PLAYER SundayFun	LEVEL_UP	Woodcutting	15
1774806905938	432	PLAYER SundayFun	SET_EXP	Woodcutting	25500
1774806905940	432	PLAYER SacredProf	TOOK	FLOOR_ITEM feather:15	TILE 3231,3300,0
1774806905940	432	PLAYER PrairieP	EXP	Attack	3.6
1774806905940	432	PLAYER PrairieP	SET_EXP	Attack	5760
1774806905940	432	PLAYER PrairieP	EXP	Constitution	1.2
1774806905940	432	PLAYER PrairieP	SET_EXP	Constitution	13460
1774806905940	432	PLAYER FullStackF	EXP	Fishing	10.0
1774806905940	432	PLAYER FullStackF	TOTAL_LEVEL_UP	1
1774806905940	432	PLAYER FullStackF	LEVEL_UP	Fishing	2
1774806905941	432	PLAYER FullStackF	SET_EXP	Fishing	1200
1774806906515	433	BOT SkidMark	START_ACTIVITY	go_to_varrock_south_east_mine
1774806906515	433	BOT SpeedHack99	START_ACTIVITY	go_to_varrock_south_east_mine
1774806906515	433	BOT ProPunch	FAILED	go_to_varrock_south_east_mine	Stuck	0	BotWalkTo
1774806906541	433	PLAYER SacredProf	TOOK	FLOOR_ITEM bones:1	TILE 3231,3300,0
1774806907115	434	BOT AprilFool	FAILED	varrock_tin_mining	Timeout	0	BotInteractObject
1774806907138	434	PLAYER BrokenWheel	TOOK	FLOOR_ITEM feather:15	TILE 3230,3298,0
1774806907140	434	PLAYER Ril	TELED	TILE 3205,3209,2
1774806907140	434	PLAYER SacredProf	TOOK	FLOOR_ITEM raw_chicken:1	TILE 3231,3300,0
1774806907715	435	BOT AprilFool	ASSIGNED	lumbridge_pickpocketing
1774806907715	435	BOT ProPunch	START_ACTIVITY	go_to_varrock_south_east_mine
1774806907730	435	PLAYER BrokenWheel	KILLED	NPC chicken_brown:10360	TILE 3225,3299,0
1774806907730	435	NPC chicken_brown:10360	DROPPED	ITEM feather:5	ITEM bones:1	ITEM raw_chicken:1
1774806907741	435	PLAYER BrokenWheel	TOOK	FLOOR_ITEM bones:1	TILE 3230,3298,0
1774806908316	436	BOT AprilFool	START_RESOLVER	go_to_area	lumbridge_pickpocketing
1774806908316	436	BOT SkidMark	FAILED	go_to_varrock_south_east_mine	Stuck	0	BotWalkTo
1774806908316	436	BOT SpeedHack99	FAILED	go_to_varrock_south_east_mine	Stuck	0	BotWalkTo
1774806908329	436	PLAYER SacredProf	KILLED	NPC chicken:10308	TILE 3231,3301,0
1774806908329	436	NPC chicken:10308	DROPPED	ITEM feather:5	ITEM bones:1	ITEM raw_chicken:1
1774806908339	436	PLAYER Skoll	EXP	Mining	17.5
1774806908339	436	PLAYER Skoll	TOTAL_LEVEL_UP	6
1774806908339	436	PLAYER Skoll	LEVEL_UP	Mining	7
1774806908339	436	PLAYER Skoll	SET_EXP	Mining	7350
1774806908340	436	PLAYER BrokenWheel	TOOK	FLOOR_ITEM raw_chicken:1	TILE 3230,3298,0
1774806908340	436	PLAYER Starmie	EXP	Strength	4.0
1774806908340	436	PLAYER Starmie	SET_EXP	Strength	6000
1774806908340	436	PLAYER Starmie	EXP	Constitution	1.3333333333333333
1774806908340	436	PLAYER Starmie	SET_EXP	Constitution	13540
1774806908341	436	PLAYER HeadHunter	EXP	Attack	1.2
1774806908341	436	PLAYER HeadHunter	SET_EXP	Attack	5040
1774806908342	436	PLAYER HeadHunter	EXP	Constitution	0.4
1774806908342	436	PLAYER HeadHunter	SET_EXP	Constitution	13220
1774806908343	436	PLAYER SilentScrem	EXP	Mining	17.5
1774806908343	436	PLAYER SilentScrem	TOTAL_LEVEL_UP	9
1774806908343	436	PLAYER SilentScrem	LEVEL_UP	Mining	4
1774806908343	436	PLAYER SilentScrem	SET_EXP	Mining	3150
1774806908917	437	BOT AprilFool	START_ACTIVITY	go_to_area
1774806908933	437	PLAYER Starmie	KILLED	NPC chicken_brown:10356	TILE 3229,3299,0
1774806908933	437	NPC chicken_brown:10356	DROPPED	ITEM feather:15	ITEM bones:1	ITEM raw_chicken:1
1774806908943	437	PLAYER YudonYuri	EXP	Attack	4.4
1774806908943	437	PLAYER YudonYuri	SET_EXP	Attack	5568
1774806908944	437	PLAYER YudonYuri	EXP	Constitution	1.4666666666666666
1774806908944	437	PLAYER YudonYuri	SET_EXP	Constitution	13396
1774806908944	437	PLAYER BrokenWheel	EXP	Strength	4.8
1774806908945	437	PLAYER BrokenWheel	TOTAL_LEVEL_UP	8
1774806908945	437	PLAYER BrokenWheel	LEVEL_UP	Strength	8
1774806908945	437	PLAYER BrokenWheel	SET_EXP	Strength	8208
1774806908945	437	PLAYER BrokenWheel	EXP	Constitution	1.6
1774806908945	437	PLAYER BrokenWheel	SET_EXP	Constitution	14276
1774806908945	437	PLAYER FakeTruth	EXP	Mining	5.0
1774806908945	437	PLAYER FakeTruth	SET_EXP	Mining	2100
1774806908947	437	PLAYER GuppyGary	EXP	Mining	17.5
1774806908947	437	PLAYER GuppyGary	TOTAL_LEVEL_UP	7
1774806908947	437	PLAYER GuppyGary	LEVEL_UP	Mining	8
1774806908947	437	PLAYER GuppyGary	SET_EXP	Mining	8400
1774806908947	437	PLAYER FullStackF	EXP	Fishing	10.0
1774806908947	437	PLAYER FullStackF	TOTAL_LEVEL_UP	2
1774806908947	437	PLAYER FullStackF	LEVEL_UP	Fishing	3
1774806908947	437	PLAYER FullStackF	SET_EXP	Fishing	1800
1774806909517	438	BOT SkidMark	START_ACTIVITY	go_to_varrock_south_east_mine
1774806909517	438	BOT SpeedHack99	START_ACTIVITY	go_to_varrock_south_east_mine
1774806909518	438	BOT ProPunch	FAILED	go_to_varrock_south_east_mine	Stuck	0	BotWalkTo
1774806909518	438	BOT Astra	COMPLETED	withdraw_from_bank
1774806909529	438	PLAYER PrairieP	KILLED	NPC chicken:10309	TILE 3233,3300,0
1774806909529	438	NPC chicken:10309	DROPPED	ITEM feather:5	ITEM bones:1	ITEM raw_chicken:1
1774806909530	438	PLAYER Zapdos	KILLED	NPC chicken_brown:10359	TILE 3227,3300,0
1774806909530	438	NPC chicken_brown:10359	DROPPED	ITEM feather:5	ITEM bones:1	ITEM raw_chicken:1
1774806909540	438	PLAYER Blueberry	EXP	Strength	1.2
1774806909540	438	PLAYER Blueberry	SET_EXP	Strength	8184
1774806909541	438	PLAYER Blueberry	EXP	Constitution	0.4
1774806909541	438	PLAYER Blueberry	SET_EXP	Constitution	14268
1774806909542	438	PLAYER Gunslinger	EXP	Mining	17.5
1774806909542	438	PLAYER Gunslinger	SET_EXP	Mining	14700
1774806910119	439	BOT Astra	START_RESOLVER	equip_items	ranged_tutor
1774806910143	439	PLAYER YutytyrannY	EXP	Fishing	10.0
1774806910143	439	PLAYER YutytyrannY	SET_EXP	Fishing	4800
1774806910719	440	BOT Blueberry	COMPLETED	melee_tutor_strength
1774806910719	440	BOT AprilFool	START_ACTIVITY	go_to_lumbridge_thieving_area
1774806910719	440	BOT Ril	COMPLETED	go_to_bank
1774806910719	440	BOT ProPunch	START_ACTIVITY	go_to_varrock_south_east_mine
1774806910719	440	BOT Astra	START_ACTIVITY	equip_items
1774806910741	440	PLAYER Starmie	EXP	Strength	2.8
1774806910741	440	PLAYER Starmie	SET_EXP	Strength	6168
1774806910742	440	PLAYER Starmie	EXP	Constitution	0.9333333333333333
1774806910742	440	PLAYER Starmie	TOTAL_LEVEL_UP	6
1774806910742	440	PLAYER Starmie	LEVEL_UP	Constitution	110
1774806910742	440	PLAYER Starmie	SET_EXP	Constitution	13596
1774806910744	440	PLAYER PrairieP	TOOK	FLOOR_ITEM feather:15	TILE 3237,3299,0
1774806911319	441	BOT Blueberry	ASSIGNED	melee_tutor_strength
1774806911320	441	BOT SkidMark	FAILED	go_to_varrock_south_east_mine	Stuck	0	BotWalkTo
1774806911320	441	BOT SpeedHack99	FAILED	go_to_varrock_south_east_mine	Stuck	0	BotWalkTo
1774806911320	441	BOT FireStarter	COMPLETED	withdraw_from_bank
1774806911320	441	BOT StyracoS	COMPLETED	go_to_lumbridge_thieving_area
1774806911346	441	PLAYER YudonYuri	EXP	Attack	3.2
1774806911346	441	PLAYER YudonYuri	SET_EXP	Attack	5760
1774806911347	441	PLAYER YudonYuri	EXP	Constitution	1.0666666666666667
1774806911347	441	PLAYER YudonYuri	SET_EXP	Constitution	13460
1774806911347	441	PLAYER Ember	EXP	Mining	5.0
1774806911347	441	PLAYER Ember	SET_EXP	Mining	4800
1774806911347	441	PLAYER BrokenWheel	EXP	Strength	7.2
1774806911347	441	PLAYER BrokenWheel	SET_EXP	Strength	8640
1774806911348	441	PLAYER BrokenWheel	EXP	Constitution	2.4
1774806911348	441	PLAYER BrokenWheel	SET_EXP	Constitution	14420
1774806911348	441	PLAYER DeepDan	EXP	Woodcutting	25.0
1774806911348	441	PLAYER DeepDan	TOTAL_LEVEL_UP	15
1774806911348	441	PLAYER DeepDan	LEVEL_UP	Woodcutting	16
1774806911348	441	PLAYER DeepDan	SET_EXP	Woodcutting	28500
1774806911350	441	PLAYER AlosaurAce	EXP	Mining	17.5
1774806911350	441	PLAYER AlosaurAce	SET_EXP	Mining	6300
1774806911351	441	PLAYER PrairieP	TOOK	FLOOR_ITEM bones:1	TILE 3237,3299,0
1774806911920	442	BOT Blueberry	START_ACTIVITY	melee_tutor_strength
1774806911921	442	BOT FireStarter	START_RESOLVER	go_to_area	lumbridge_copper_mining
1774806911932	442	PLAYER HeadHunter	KILLED	NPC chicken:10310	TILE 3230,3295,0
1774806911932	442	NPC chicken:10310	DROPPED	ITEM feather:5	ITEM bones:1	ITEM raw_chicken:1
1774806911943	442	PLAYER MegalodonM	EXP	Woodcutting	25.0
1774806911943	442	PLAYER MegalodonM	TOTAL_LEVEL_UP	14
1774806911943	442	PLAYER MegalodonM	LEVEL_UP	Woodcutting	15
1774806911943	442	PLAYER MegalodonM	SET_EXP	Woodcutting	25500
1774806911945	442	PLAYER PrairieP	TOOK	FLOOR_ITEM raw_chicken:1	TILE 3237,3299,0
1774806912521	443	BOT SkidMark	START_ACTIVITY	go_to_varrock_south_east_mine
1774806912521	443	BOT SpeedHack99	START_ACTIVITY	go_to_varrock_south_east_mine
1774806912521	443	BOT ProPunch	FAILED	go_to_varrock_south_east_mine	Stuck	0	BotWalkTo
1774806912521	443	BOT FireStarter	START_ACTIVITY	go_to_area
1774806912521	443	BOT Dwarf Mine	COMPLETED	go_to_lumbridge_swamp_east_tin_mine
1774806912522	443	PLAYER Astra	TASK_COMPLETED	reach_out_and_touch_someone_task
1774806912522	443	PLAYER Astra	TASK_COMPLETED	take_a_bow_task
1774806912522	443	BOT StyracoS	COMPLETED	go_to_area
1774806912546	443	PLAYER Hanbo Short	EXP	Woodcutting	25.0
1774806912546	443	PLAYER Hanbo Short	SET_EXP	Woodcutting	24000
1774806912547	443	PLAYER Ice	EXP	Woodcutting	25.0
1774806912547	443	PLAYER Ice	SET_EXP	Woodcutting	27000
1774806913123	444	BOT Astra	COMPLETED	equip_items
1774806913123	444	BOT StyracoS	START_ACTIVITY	lumbridge_pickpocketing
1774806913145	444	PLAYER Tuga	EXP	Fishing	10.0
1774806913145	444	PLAYER Tuga	SET_EXP	Fishing	9600
1774806913145	444	PLAYER Starmie	EXP	Strength	1.2
1774806913145	444	PLAYER Starmie	SET_EXP	Strength	6240
1774806913146	444	PLAYER Starmie	EXP	Constitution	0.4
1774806913146	444	PLAYER Starmie	SET_EXP	Constitution	13620
1774806913147	444	PLAYER SacredProf	TOOK	FLOOR_ITEM feather:5	TILE 3231,3301,0
1774806913723	445	BOT ProPunch	START_ACTIVITY	go_to_varrock_south_east_mine
1774806913723	445	BOT FireStarter	START_ACTIVITY	go_to_lumbridge_swamp_east_copper_mine
1774806913723	445	BOT Dwarf Mine	COMPLETED	go_to_area
1774806913723	445	BOT Astra	START_RESOLVER	go_to_area	ranged_tutor
1774806913749	445	PLAYER HeadHunter	TOOK	FLOOR_ITEM feather:5	TILE 3230,3295,0
1774806913749	445	PLAYER SundayFun	EXP	Woodcutting	25.0
1774806913749	445	PLAYER SundayFun	SET_EXP	Woodcutting	27000
1774806913750	445	PLAYER SacredProf	TOOK	FLOOR_ITEM bones:1	TILE 3231,3301,0
1774806914324	446	BOT SkidMark	FAILED	go_to_varrock_south_east_mine	Stuck	0	BotWalkTo
1774806914324	446	BOT SpeedHack99	FAILED	go_to_varrock_south_east_mine	Stuck	0	BotWalkTo
1774806914324	446	BOT Dwarf Mine	START_ACTIVITY	lumbridge_tin_mining
1774806914324	446	BOT Astra	START_ACTIVITY	go_to_area
1774806914347	446	PLAYER BrokenWheel	TOOK	FLOOR_ITEM feather:5	TILE 3225,3299,0
1774806914347	446	PLAYER Blueberry	EXP	Strength	0.4
1774806914347	446	PLAYER Blueberry	SET_EXP	Strength	8208
1774806914348	446	PLAYER Blueberry	EXP	Constitution	0.13333333333333333
1774806914348	446	PLAYER Blueberry	SET_EXP	Constitution	14276
1774806914348	446	PLAYER FakeTruth	EXP	Mining	5.0
1774806914349	446	PLAYER FakeTruth	SET_EXP	Mining	2400
1774806914349	446	PLAYER HeadHunter	TOOK	FLOOR_ITEM bones:1	TILE 3230,3295,0
1774806914350	446	PLAYER BigOof	EXP	Fishing	10.0
1774806914350	446	PLAYER BigOof	SET_EXP	Fishing	4800
1774806914350	446	PLAYER SacredProf	TOOK	FLOOR_ITEM raw_chicken:1	TILE 3231,3301,0
1774806914925	447	BOT Blueberry	COMPLETED	melee_tutor_strength
1774806914940	447	PLAYER BrokenWheel	KILLED	NPC chicken_brown:10358	TILE 3229,3296,0
1774806914940	447	NPC chicken_brown:10358	DROPPED	ITEM feather:15	ITEM bones:1	ITEM raw_chicken:1
1774806914950	447	PLAYER BrokenWheel	TOOK	FLOOR_ITEM bones:1	TILE 3225,3299,0
1774806914951	447	PLAYER StyracoS	EXP	Thieving	8.0
1774806914951	447	PLAYER StyracoS	SET_EXP	Thieving	480
1774806914951	447	PLAYER HeadHunter	TOOK	FLOOR_ITEM raw_chicken:1	TILE 3230,3295,0
1774806914952	447	PLAYER GuppyGary	EXP	Mining	17.5
1774806914952	447	PLAYER GuppyGary	SET_EXP	Mining	9450
1774806914953	447	PLAYER FullStackF	EXP	Fishing	10.0
1774806914953	447	PLAYER FullStackF	SET_EXP	Fishing	2400
1774806915526	448	BOT Blueberry	ASSIGNED	melee_tutor_strength
1774806915526	448	BOT SkidMark	START_ACTIVITY	go_to_varrock_south_east_mine
1774806915526	448	BOT SpeedHack99	START_ACTIVITY	go_to_varrock_south_east_mine
1774806915526	448	PLAYER Ril	TASK_COMPLETED	hang_on_to_something_task
1774806915527	448	BOT ProPunch	FAILED	go_to_varrock_south_east_mine	Stuck	0	BotWalkTo
1774806915527	448	BOT Astra	START_ACTIVITY	teleport_lumbridge
1774806915550	448	PLAYER BrokenWheel	TOOK	FLOOR_ITEM raw_chicken:1	TILE 3225,3299,0
1774806915550	448	PLAYER Starmie	EXP	Strength	3.6
1774806915551	448	PLAYER Starmie	SET_EXP	Strength	6456
1774806915551	448	PLAYER Starmie	EXP	Constitution	1.2
1774806915551	448	PLAYER Starmie	SET_EXP	Constitution	13692
1774806915555	448	PLAYER PrairieP	TOOK	FLOOR_ITEM feather:5	TILE 3233,3300,0
1774806916127	449	BOT Blueberry	START_ACTIVITY	melee_tutor_strength
1774806916152	449	PLAYER YudonYuri	EXP	Attack	0.8
1774806916152	449	PLAYER YudonYuri	SET_EXP	Attack	5808
1774806916153	449	PLAYER YudonYuri	EXP	Constitution	0.26666666666666666
1774806916153	449	PLAYER YudonYuri	SET_EXP	Constitution	13476
1774806916154	449	PLAYER SparrowS	EXP	Fishing	10.0
1774806916154	449	PLAYER SparrowS	SET_EXP	Fishing	9600
1774806916158	449	PLAYER Zapdos	TOOK	FLOOR_ITEM feather:5	TILE 3227,3300,0
1774806916159	449	PLAYER PrairieP	TOOK	FLOOR_ITEM bones:1	TILE 3233,3300,0
1774806916728	450	BOT ProPunch	START_ACTIVITY	go_to_varrock_south_east_mine
1774806916750	450	PLAYER Ice	EXP	Woodcutting	25.0
1774806916750	450	PLAYER Ice	TOTAL_LEVEL_UP	15
1774806916750	450	PLAYER Ice	LEVEL_UP	Woodcutting	16
1774806916750	450	PLAYER Ice	SET_EXP	Woodcutting	28500
1774806916751	450	PLAYER Zapdos	TOOK	FLOOR_ITEM bones:1	TILE 3227,3300,0
1774806916753	450	PLAYER PrairieP	TOOK	FLOOR_ITEM raw_chicken:1	TILE 3233,3300,0
1774806917328	451	BOT SkidMark	FAILED	go_to_varrock_south_east_mine	Stuck	0	BotWalkTo
1774806917328	451	BOT SpeedHack99	FAILED	go_to_varrock_south_east_mine	Stuck	0	BotWalkTo
1774806917328	451	BOT Ril	COMPLETED	deposit_all_bank
1774806917354	451	PLAYER StyracoS	EXP	Thieving	8.0
1774806917354	451	PLAYER StyracoS	TOTAL_LEVEL_UP	11
1774806917354	451	PLAYER StyracoS	LEVEL_UP	Thieving	2
1774806917354	451	PLAYER StyracoS	SET_EXP	Thieving	960
1774806917355	451	PLAYER Zapdos	TOOK	FLOOR_ITEM raw_chicken:1	TILE 3227,3300,0
1774806917930	452	BOT Ril	START_RESOLVER	withdraw_from_bank	lumbridge_tin_mining
1774806917953	452	PLAYER BrokenWheel	TOOK	FLOOR_ITEM feather:15	TILE 3229,3296,0
1774806917953	452	PLAYER Starmie	EXP	Strength	0.4
1774806917953	452	PLAYER Starmie	SET_EXP	Strength	6480
1774806917954	452	PLAYER Starmie	EXP	Constitution	0.13333333333333333
1774806917954	452	PLAYER Starmie	SET_EXP	Constitution	13700
1774806917956	452	PLAYER FullStackF	EXP	Fishing	10.0
1774806917956	452	PLAYER FullStackF	TOTAL_LEVEL_UP	3
1774806917956	452	PLAYER FullStackF	LEVEL_UP	Fishing	4
1774806917956	452	PLAYER FullStackF	SET_EXP	Fishing	3000
1774806918530	453	BOT SkidMark	START_ACTIVITY	go_to_varrock_south_east_mine
1774806918530	453	BOT SpeedHack99	START_ACTIVITY	go_to_varrock_south_east_mine
1774806918530	453	BOT Ril	START_ACTIVITY	withdraw_from_bank
1774806918530	453	BOT ProPunch	FAILED	go_to_varrock_south_east_mine	Stuck	0	BotWalkTo
1774806918555	453	PLAYER BrokenWheel	TOOK	FLOOR_ITEM bones:1	TILE 3229,3296,0
1774806918555	453	PLAYER FireStarter	TELED	TILE 3205,3209,1
1774806919130	454	BOT Blueberry	COMPLETED	melee_tutor_strength
1774806919153	454	PLAYER BrokenWheel	TOOK	FLOOR_ITEM raw_chicken:1	TILE 3229,3296,0
1774806919154	454	PLAYER SacredProf	EXP	Defence	2.8
1774806919155	454	PLAYER SacredProf	TOTAL_LEVEL_UP	7
1774806919155	454	PLAYER SacredProf	LEVEL_UP	Defence	7
1774806919155	454	PLAYER SacredProf	SET_EXP	Defence	6648
1774806919155	454	PLAYER SacredProf	EXP	Constitution	0.9333333333333333
1774806919155	454	PLAYER SacredProf	SET_EXP	Constitution	13756
1774806919156	454	PLAYER LazyLuke	EXP	Fishing	10.0
1774806919156	454	PLAYER LazyLuke	SET_EXP	Fishing	11400
1774806919731	455	BOT Blueberry	ASSIGNED	melee_tutor_strength
1774806919732	455	BOT ProPunch	START_ACTIVITY	go_to_varrock_south_east_mine
1774806919756	455	PLAYER FakeTruth	EXP	Mining	5.0
1774806919756	455	PLAYER FakeTruth	SET_EXP	Mining	2700
1774806920332	456	BOT Blueberry	START_ACTIVITY	melee_tutor_strength
1774806920332	456	BOT SkidMark	FAILED	go_to_varrock_south_east_mine	Stuck	0	BotWalkTo
1774806920332	456	BOT SpeedHack99	FAILED	go_to_varrock_south_east_mine	Stuck	0	BotWalkTo
1774806920355	456	PLAYER DeepDan	EXP	Woodcutting	25.0
1774806920355	456	PLAYER DeepDan	SET_EXP	Woodcutting	30000
1774806920357	456	PLAYER Gunslinger	EXP	Mining	17.5
1774806920357	456	PLAYER Gunslinger	SET_EXP	Mining	15750
1774806920959	457	PLAYER FireStarter	TELED	TILE 3205,3209,0
1774806920960	457	PLAYER FullStackF	EXP	Fishing	10.0
1774806920960	457	PLAYER FullStackF	SET_EXP	Fishing	3600
1774806921534	458	BOT SkidMark	START_ACTIVITY	go_to_varrock_south_east_mine
1774806921535	458	BOT SpeedHack99	START_ACTIVITY	go_to_varrock_south_east_mine
1774806921535	458	BOT ProPunch	FAILED	go_to_varrock_south_east_mine	Stuck	0	BotWalkTo
1774806921547	458	PLAYER Starmie	KILLED	NPC chicken:10311	TILE 3234,3301,0
1774806921547	458	NPC chicken:10311	DROPPED	ITEM feather:15	ITEM bones:1	ITEM raw_chicken:1
1774806921558	458	PLAYER Starmie	TOOK	FLOOR_ITEM feather:15	TILE 3229,3299,0
1774806922135	459	BOT Farmer Plow	FAILED	al_kharid_north_copper_mining	Timeout	0	BotInteractObject
1774806922135	459	BOT Waves	COMPLETED	go_to_lumbridge_combat_tutors
1774806922160	459	PLAYER Starmie	TOOK	FLOOR_ITEM bones:1	TILE 3229,3299,0
1774806922160	459	PLAYER MegalodonM	EXP	Woodcutting	25.0
1774806922160	459	PLAYER MegalodonM	SET_EXP	Woodcutting	27000
1774806922162	459	PLAYER UnknownX	EXP	Mining	17.5
1774806922162	459	PLAYER UnknownX	TOTAL_LEVEL_UP	3
1774806922162	459	PLAYER UnknownX	LEVEL_UP	Mining	4
1774806922162	459	PLAYER UnknownX	SET_EXP	Mining	3150
1774806922736	460	BOT ProPunch	START_ACTIVITY	go_to_varrock_south_east_mine
1774806922736	460	BOT Farmer Plow	ASSIGNED	lumbridge_tin_mining
1774806922759	460	PLAYER Starmie	TOOK	FLOOR_ITEM raw_chicken:1	TILE 3229,3299,0
1774806923336	461	BOT Blueberry	COMPLETED	melee_tutor_strength
1774806923336	461	BOT SkidMark	FAILED	go_to_varrock_south_east_mine	Stuck	0	BotWalkTo
1774806923336	461	BOT SpeedHack99	FAILED	go_to_varrock_south_east_mine	Stuck	0	BotWalkTo
1774806923336	461	BOT Farmer Plow	START_RESOLVER	withdraw_from_bank	lumbridge_tin_mining
1774806923362	461	PLAYER BrokenWheel	EXP	Strength	3.2
1774806923362	461	PLAYER BrokenWheel	SET_EXP	Strength	8832
1774806923363	461	PLAYER BrokenWheel	EXP	Constitution	1.0666666666666667
1774806923363	461	PLAYER BrokenWheel	SET_EXP	Constitution	14484
1774806923364	461	PLAYER SilentScrem	EXP	Mining	17.5
1774806923364	461	PLAYER SilentScrem	TASK_COMPLETED	hack_and_smash_task
1774806923364	461	PLAYER SilentScrem	TOTAL_LEVEL_UP	10
1774806923364	461	PLAYER SilentScrem	TASK_COMPLETED	on_the_level_task
1774806923365	461	PLAYER SilentScrem	LEVEL_UP	Mining	5
1774806923365	461	PLAYER SilentScrem	SET_EXP	Mining	4200
1774806923937	462	BOT Blueberry	ASSIGNED	melee_tutor_strength
1774806923937	462	BOT Farmer Plow	START_ACTIVITY	withdraw_from_bank
1774806923937	462	BOT Waves	COMPLETED	go_to_area
1774806923979	462	PLAYER Starmie	EXP	Strength	4.4
1774806923979	462	PLAYER Starmie	TOTAL_LEVEL_UP	7
1774806923979	462	PLAYER Starmie	LEVEL_UP	Strength	7
1774806923979	462	PLAYER Starmie	SET_EXP	Strength	6744
1774806923980	462	PLAYER Starmie	EXP	Constitution	1.4666666666666666
1774806923980	462	PLAYER Starmie	SET_EXP	Constitution	13788
1774806924537	463	BOT Blueberry	START_ACTIVITY	melee_tutor_strength
1774806924537	463	BOT SkidMark	START_ACTIVITY	go_to_varrock_south_east_mine
1774806924537	463	BOT SpeedHack99	START_ACTIVITY	go_to_varrock_south_east_mine
1774806924537	463	BOT ProPunch	FAILED	go_to_varrock_south_east_mine	Stuck	0	BotWalkTo
1774806924537	463	BOT Waves	START_ACTIVITY	magic_tutor
1774806924562	463	PLAYER Dwarf Mine	EXP	Mining	17.5
1774806924562	463	PLAYER Dwarf Mine	TOTAL_LEVEL_UP	1
1774806924562	463	PLAYER Dwarf Mine	LEVEL_UP	Mining	2
1774806924563	463	PLAYER Dwarf Mine	SET_EXP	Mining	1050
1774806924563	463	PLAYER Dwarf Mine	TASK_COMPLETED	heavy_metal_task
1774806925138	464	BOT Ril	COMPLETED	withdraw_from_bank
1774806925161	464	PLAYER SparrowS	EXP	Fishing	10.0
1774806925161	464	PLAYER SparrowS	TOTAL_LEVEL_UP	8
1774806925161	464	PLAYER SparrowS	LEVEL_UP	Fishing	9
1774806925161	464	PLAYER SparrowS	SET_EXP	Fishing	10200
1774806925163	464	PLAYER LazyLuke	EXP	Fishing	10.0
1774806925163	464	PLAYER LazyLuke	TOTAL_LEVEL_UP	9
1774806925163	464	PLAYER LazyLuke	LEVEL_UP	Fishing	10
1774806925163	464	PLAYER LazyLuke	SET_EXP	Fishing	12000
1774806925739	465	BOT Ril	START_RESOLVER	go_to_area	lumbridge_tin_mining
1774806925739	465	BOT ProPunch	START_ACTIVITY	go_to_varrock_south_east_mine
1774806925764	465	PLAYER YudonYuri	EXP	Attack	5.2
1774806925764	465	PLAYER YudonYuri	SET_EXP	Attack	6120
1774806925764	465	PLAYER YudonYuri	EXP	Constitution	1.7333333333333334
1774806925764	465	PLAYER YudonYuri	TOTAL_LEVEL_UP	6
1774806925764	465	PLAYER YudonYuri	LEVEL_UP	Constitution	110
1774806925765	465	PLAYER YudonYuri	SET_EXP	Constitution	13580
1774806926339	466	BOT SkidMark	FAILED	go_to_varrock_south_east_mine	Stuck	0	BotWalkTo
1774806926339	466	BOT SpeedHack99	FAILED	go_to_varrock_south_east_mine	Stuck	0	BotWalkTo
1774806926339	466	BOT Ril	START_ACTIVITY	go_to_area
1774806926342	466	PLAYER zedders	TASK_COMPLETED	armed_and_dangerous_task
1774806926362	466	PLAYER Ember	EXP	Mining	5.0
1774806926362	466	PLAYER Ember	SET_EXP	Mining	5100
1774806926363	466	PLAYER Hanbo Short	EXP	Woodcutting	25.0
1774806926363	466	PLAYER Hanbo Short	TOTAL_LEVEL_UP	14
1774806926363	466	PLAYER Hanbo Short	LEVEL_UP	Woodcutting	15
1774806926363	466	PLAYER Hanbo Short	SET_EXP	Woodcutting	25500
1774806926367	466	PLAYER Waves	TASK_COMPLETED	death_from_above_task
1774806926367	466	PLAYER Waves	EXP	Magic	7.5
1774806926367	466	PLAYER Waves	SET_EXP	Magic	450
1774806926368	466	PLAYER Waves	EXP	Constitution	1.3333333333333333
1774806926368	466	PLAYER Waves	SET_EXP	Constitution	11620
1774806926368	466	PLAYER BigOof	EXP	Fishing	10.0
1774806926368	466	PLAYER BigOof	TOTAL_LEVEL_UP	5
1774806926369	466	PLAYER BigOof	LEVEL_UP	Fishing	6
1774806926369	466	PLAYER BigOof	SET_EXP	Fishing	5400
1774806926967	467	PLAYER Astra	TELED	TILE 3221,3218,0
1774806926967	467	PLAYER Astra	TASK_COMPLETED	click_your_heels_three_times_task
1774806926968	467	PLAYER HeadHunter	EXP	Attack	5.2
1774806926968	467	PLAYER HeadHunter	TOTAL_LEVEL_UP	5
1774806926968	467	PLAYER HeadHunter	LEVEL_UP	Attack	6
1774806926968	467	PLAYER HeadHunter	SET_EXP	Attack	5352
1774806926969	467	PLAYER HeadHunter	EXP	Constitution	1.7333333333333334
1774806926969	467	PLAYER HeadHunter	SET_EXP	Constitution	13324
1774806926969	467	PLAYER SundayFun	EXP	Woodcutting	25.0
1774806926969	467	PLAYER SundayFun	TOTAL_LEVEL_UP	15
1774806926969	467	PLAYER SundayFun	LEVEL_UP	Woodcutting	16
1774806926969	467	PLAYER SundayFun	SET_EXP	Woodcutting	28500
1774806926970	467	PLAYER Halp	TELED	TILE 3205,3209,1
1774806927541	468	BOT Blueberry	COMPLETED	melee_tutor_strength
1774806927541	468	BOT SkidMark	START_ACTIVITY	go_to_varrock_south_east_mine
1774806927541	468	BOT SpeedHack99	START_ACTIVITY	go_to_varrock_south_east_mine
1774806927541	468	BOT Ril	START_ACTIVITY	go_to_lumbridge_swamp_east_tin_mine
1774806927541	468	BOT ProPunch	FAILED	go_to_varrock_south_east_mine	Stuck	0	BotWalkTo
1774806928142	469	BOT Blueberry	ASSIGNED	melee_tutor_strength
1774806928168	469	PLAYER Tuga	EXP	Fishing	10.0
1774806928168	469	PLAYER Tuga	TOTAL_LEVEL_UP	8
1774806928168	469	PLAYER Tuga	LEVEL_UP	Fishing	9
1774806928168	469	PLAYER Tuga	SET_EXP	Fishing	10200
1774806928169	469	PLAYER YutytyrannY	EXP	Fishing	10.0
1774806928169	469	PLAYER YutytyrannY	TOTAL_LEVEL_UP	5
1774806928169	469	PLAYER YutytyrannY	LEVEL_UP	Fishing	6
1774806928169	469	PLAYER YutytyrannY	SET_EXP	Fishing	5400
1774806928170	469	PLAYER BrokenWheel	EXP	Strength	7.6
1774806928170	469	PLAYER BrokenWheel	SET_EXP	Strength	9288
1774806928170	469	PLAYER BrokenWheel	EXP	Constitution	2.533333333333333
1774806928170	469	PLAYER BrokenWheel	SET_EXP	Constitution	14636
1774806928170	469	PLAYER MegalodonM	EXP	Woodcutting	25.0
1774806928171	469	PLAYER MegalodonM	TOTAL_LEVEL_UP	15
1774806928171	469	PLAYER MegalodonM	LEVEL_UP	Woodcutting	16
1774806928171	469	PLAYER MegalodonM	SET_EXP	Woodcutting	28500
1774806928172	469	PLAYER UnknownX	EXP	Mining	17.5
1774806928172	469	PLAYER UnknownX	TASK_COMPLETED	hack_and_smash_task
1774806928172	469	PLAYER UnknownX	TOTAL_LEVEL_UP	4
1774806928172	469	PLAYER UnknownX	LEVEL_UP	Mining	5
1774806928172	469	PLAYER UnknownX	SET_EXP	Mining	4200
1774806928173	469	PLAYER Cloud	EXP	Fishing	10.0
1774806928173	469	PLAYER Cloud	SET_EXP	Fishing	7800
1774806928743	470	BOT Blueberry	START_ACTIVITY	melee_tutor_strength
1774806928743	470	BOT ProPunch	START_ACTIVITY	go_to_varrock_south_east_mine
1774806928765	470	PLAYER Skoll	EXP	Mining	17.5
1774806928765	470	PLAYER Skoll	TOTAL_LEVEL_UP	7
1774806928765	470	PLAYER Skoll	LEVEL_UP	Mining	8
1774806928765	470	PLAYER Skoll	SET_EXP	Mining	8400
1774806928767	470	PLAYER Blueberry	EXP	Strength	2.8
1774806928767	470	PLAYER Blueberry	SET_EXP	Strength	8376
1774806928767	470	PLAYER Blueberry	EXP	Constitution	0.9333333333333333
1774806928767	470	PLAYER Blueberry	SET_EXP	Constitution	14332
1774806928769	470	PLAYER SacredProf	EXP	Defence	1.2
1774806928769	470	PLAYER SacredProf	SET_EXP	Defence	6720
1774806928769	470	PLAYER SacredProf	EXP	Constitution	0.4
1774806928769	470	PLAYER SacredProf	SET_EXP	Constitution	13780
1774806928770	470	PLAYER PrairieP	EXP	Attack	2.4
1774806928770	470	PLAYER PrairieP	SET_EXP	Attack	5904
1774806928770	470	PLAYER PrairieP	EXP	Constitution	0.8
1774806928770	470	PLAYER PrairieP	SET_EXP	Constitution	13508
1774806929344	471	BOT SkidMark	FAILED	go_to_varrock_south_east_mine	Stuck	0	BotWalkTo
1774806929344	471	BOT SpeedHack99	FAILED	go_to_varrock_south_east_mine	Stuck	0	BotWalkTo
1774806929369	471	PLAYER Ice	EXP	Woodcutting	25.0
1774806929369	471	PLAYER Ice	SET_EXP	Woodcutting	30000
1774806929370	471	PLAYER HeadHunter	EXP	Attack	3.2
1774806929370	471	PLAYER HeadHunter	SET_EXP	Attack	5544
1774806929370	471	PLAYER HeadHunter	EXP	Constitution	1.0666666666666667
1774806929370	471	PLAYER HeadHunter	SET_EXP	Constitution	13388
1774806929372	471	PLAYER Halp	TELED	TILE 3205,3209,2
1774806929944	472	BOT LaunchDay	COMPLETED	go_to_lumbridge_south_river_fishing_area
1774806930544	473	BOT Matoya	FAILED	varrock_tin_mining	Timeout	0	BotInteractObject
1774806930545	473	BOT SkidMark	START_ACTIVITY	go_to_varrock_south_east_mine
1774806930545	473	BOT SpeedHack99	START_ACTIVITY	go_to_varrock_south_east_mine
1774806930545	473	BOT ProPunch	FAILED	go_to_varrock_south_east_mine	Stuck	0	BotWalkTo
1774806930570	473	PLAYER YudonYuri	EXP	Attack	4.8
1774806930570	473	PLAYER YudonYuri	SET_EXP	Attack	6408
1774806930570	473	PLAYER YudonYuri	EXP	Constitution	1.6
1774806930570	473	PLAYER YudonYuri	SET_EXP	Constitution	13676
1774806930571	473	PLAYER Zapdos	EXP	Defence	2.0
1774806930572	473	PLAYER Zapdos	TOTAL_LEVEL_UP	5
1774806930572	473	PLAYER Zapdos	LEVEL_UP	Defence	6
1774806930572	473	PLAYER Zapdos	SET_EXP	Defence	5160
1774806930572	473	PLAYER Zapdos	EXP	Constitution	0.6666666666666666
1774806930572	473	PLAYER Zapdos	SET_EXP	Constitution	13260
1774806931146	474	BOT Matoya	ASSIGNED	al_kharid_north_copper_mining
1774806931171	474	PLAYER SacredProf	EXP	Defence	4.0
1774806931171	474	PLAYER SacredProf	SET_EXP	Defence	6960
1774806931172	474	PLAYER SacredProf	EXP	Constitution	1.3333333333333333
1774806931172	474	PLAYER SacredProf	SET_EXP	Constitution	13860
1774806931172	474	PLAYER PrairieP	EXP	Attack	5.6
1774806931172	474	PLAYER PrairieP	SET_EXP	Attack	6240
1774806931173	474	PLAYER PrairieP	EXP	Constitution	1.8666666666666667
1774806931173	474	PLAYER PrairieP	TOTAL_LEVEL_UP	6
1774806931173	474	PLAYER PrairieP	LEVEL_UP	Constitution	110
1774806931173	474	PLAYER PrairieP	SET_EXP	Constitution	13620
1774806931747	475	BOT Blueberry	COMPLETED	melee_tutor_strength
1774806931747	475	BOT Matoya	START_RESOLVER	withdraw_from_bank	al_kharid_north_copper_mining
1774806931747	475	BOT ProPunch	START_ACTIVITY	go_to_varrock_south_east_mine
1774806931772	475	PLAYER HeadHunter	EXP	Attack	0.8
1774806931772	475	PLAYER HeadHunter	SET_EXP	Attack	5592
1774806931773	475	PLAYER HeadHunter	EXP	Constitution	0.26666666666666666
1774806931773	475	PLAYER HeadHunter	SET_EXP	Constitution	13404
1774806932347	476	BOT Blueberry	ASSIGNED	melee_tutor_strength
1774806932347	476	BOT Matoya	START_ACTIVITY	withdraw_from_bank
1774806932348	476	BOT SkidMark	FAILED	go_to_varrock_south_east_mine	Stuck	0	BotWalkTo
1774806932348	476	BOT SpeedHack99	FAILED	go_to_varrock_south_east_mine	Stuck	0	BotWalkTo
1774806932372	476	PLAYER Lash	EXP	Mining	17.5
1774806932372	476	PLAYER Lash	TOTAL_LEVEL_UP	5
1774806932372	476	PLAYER Lash	LEVEL_UP	Mining	6
1774806932372	476	PLAYER Lash	SET_EXP	Mining	5250
1774806932374	476	PLAYER Ril	TELED	TILE 3205,3209,1
1774806932948	477	BOT Blueberry	START_ACTIVITY	melee_tutor_strength
1774806932948	477	BOT Halp	COMPLETED	go_to_bank
1774806932948	477	BOT LaunchDay	COMPLETED	go_to_area
1774806932948	477	BOT Astra	COMPLETED	teleport_lumbridge
1774806932974	477	PLAYER BrokenWheel	EXP	Strength	1.2
1774806932974	477	PLAYER BrokenWheel	SET_EXP	Strength	9360
1774806932974	477	PLAYER BrokenWheel	EXP	Constitution	0.4
1774806932974	477	PLAYER BrokenWheel	SET_EXP	Constitution	14660
1774806933549	478	BOT SkidMark	START_ACTIVITY	go_to_varrock_south_east_mine
1774806933549	478	BOT SpeedHack99	START_ACTIVITY	go_to_varrock_south_east_mine
1774806933549	478	BOT ProPunch	FAILED	go_to_varrock_south_east_mine	Stuck	0	BotWalkTo
1774806933549	478	BOT LaunchDay	START_ACTIVITY	lumbridge_crayfish
1774806933549	478	BOT Astra	START_ACTIVITY	go_to_lumbridge_combat_tutors
1774806933571	478	PLAYER Starmie	EXP	Strength	5.6
1774806933571	478	PLAYER Starmie	SET_EXP	Strength	7080
1774806933572	478	PLAYER Starmie	EXP	Constitution	1.8666666666666667
1774806933572	478	PLAYER Starmie	SET_EXP	Constitution	13900
1774806933572	478	PLAYER MegalodonM	EXP	Woodcutting	25.0
1774806933572	478	PLAYER MegalodonM	SET_EXP	Woodcutting	30000
1774806933573	478	PLAYER Blueberry	EXP	Strength	4.0
1774806933573	478	PLAYER Blueberry	SET_EXP	Strength	8616
1774806933573	478	PLAYER Blueberry	EXP	Constitution	1.3333333333333333
1774806933573	478	PLAYER Blueberry	SET_EXP	Constitution	14412
1774806933575	478	PLAYER PrairieP	EXP	Attack	0.4
1774806933575	478	PLAYER PrairieP	SET_EXP	Attack	6264
1774806933575	478	PLAYER PrairieP	EXP	Constitution	0.13333333333333333
1774806933575	478	PLAYER PrairieP	SET_EXP	Constitution	13628
1774806934174	479	PLAYER Hanbo Short	EXP	Woodcutting	25.0
1774806934174	479	PLAYER Hanbo Short	SET_EXP	Woodcutting	27000
1774806934175	479	PLAYER StyracoS	EXP	Thieving	8.0
1774806934175	479	PLAYER StyracoS	SET_EXP	Thieving	1440
1774806934176	479	PLAYER HeadHunter	EXP	Attack	2.4
1774806934176	479	PLAYER HeadHunter	SET_EXP	Attack	5736
1774806934176	479	PLAYER HeadHunter	EXP	Constitution	0.8
1774806934176	479	PLAYER HeadHunter	SET_EXP	Constitution	13452
1774806934177	479	PLAYER UnknownX	EXP	Mining	17.5
1774806934177	479	PLAYER UnknownX	TOTAL_LEVEL_UP	5
1774806934177	479	PLAYER UnknownX	LEVEL_UP	Mining	6
1774806934177	479	PLAYER UnknownX	SET_EXP	Mining	5250
1774806934750	480	BOT ProPunch	START_ACTIVITY	go_to_varrock_south_east_mine
1774806934774	480	PLAYER Ril	TELED	TILE 3205,3209,0
1774806934774	480	PLAYER GuppyGary	EXP	Mining	17.5
1774806934774	480	PLAYER GuppyGary	TOTAL_LEVEL_UP	8
1774806934774	480	PLAYER GuppyGary	LEVEL_UP	Mining	9
1774806934774	480	PLAYER GuppyGary	SET_EXP	Mining	10500
1774806935351	481	BOT SkidMark	FAILED	go_to_varrock_south_east_mine	Stuck	0	BotWalkTo
1774806935351	481	BOT SpeedHack99	FAILED	go_to_varrock_south_east_mine	Stuck	0	BotWalkTo
1774806935377	481	PLAYER YudonYuri	EXP	Attack	4.8
1774806935377	481	PLAYER YudonYuri	TOTAL_LEVEL_UP	7
1774806935377	481	PLAYER YudonYuri	LEVEL_UP	Attack	7
1774806935377	481	PLAYER YudonYuri	SET_EXP	Attack	6696
1774806935378	481	PLAYER YudonYuri	EXP	Constitution	1.6
1774806935378	481	PLAYER YudonYuri	SET_EXP	Constitution	13772
1774806935378	481	PLAYER Bob	EXP	Mining	17.5
1774806935378	481	PLAYER Bob	TOTAL_LEVEL_UP	5
1774806935378	481	PLAYER Bob	LEVEL_UP	Mining	6
1774806935378	481	PLAYER Bob	SET_EXP	Mining	5250
1774806935379	481	PLAYER DeepDan	EXP	Woodcutting	25.0
1774806935379	481	PLAYER DeepDan	TOTAL_LEVEL_UP	16
1774806935379	481	PLAYER DeepDan	LEVEL_UP	Woodcutting	17
1774806935379	481	PLAYER DeepDan	SET_EXP	Woodcutting	31500
1774806935380	481	PLAYER Zapdos	EXP	Defence	2.4
1774806935380	481	PLAYER Zapdos	SET_EXP	Defence	5304
1774806935380	481	PLAYER Zapdos	EXP	Constitution	0.8
1774806935380	481	PLAYER Zapdos	SET_EXP	Constitution	13308
1774806935382	481	PLAYER Waves	EXP	Magic	7.3
1774806935382	481	PLAYER Waves	TOTAL_LEVEL_UP	3
1774806935382	481	PLAYER Waves	LEVEL_UP	Magic	2
1774806935382	481	PLAYER Waves	SET_EXP	Magic	888
1774806935382	481	PLAYER Waves	EXP	Constitution	1.2
1774806935382	481	PLAYER Waves	SET_EXP	Constitution	11692
1774806935952	482	BOT Blueberry	COMPLETED	melee_tutor_strength
1774806935975	482	PLAYER BrokenWheel	EXP	Strength	0.4
1774806935975	482	PLAYER BrokenWheel	SET_EXP	Strength	9384
1774806935976	482	PLAYER BrokenWheel	EXP	Constitution	0.13333333333333333
1774806935976	482	PLAYER BrokenWheel	SET_EXP	Constitution	14668
1774806935976	482	PLAYER Starmie	EXP	Strength	1.6
1774806935976	482	PLAYER Starmie	SET_EXP	Strength	7176
1774806935977	482	PLAYER Starmie	EXP	Constitution	0.5333333333333333
1774806935977	482	PLAYER Starmie	SET_EXP	Constitution	13932
1774806935978	482	PLAYER SacredProf	EXP	Defence	2.0
1774806935978	482	PLAYER SacredProf	SET_EXP	Defence	7080
1774806935979	482	PLAYER SacredProf	EXP	Constitution	0.6666666666666666
1774806935979	482	PLAYER SacredProf	SET_EXP	Constitution	13900
1774806935979	482	PLAYER PrairieP	EXP	Attack	3.2
1774806935979	482	PLAYER PrairieP	SET_EXP	Attack	6456
1774806935980	482	PLAYER PrairieP	EXP	Constitution	1.0666666666666667
1774806935980	482	PLAYER PrairieP	SET_EXP	Constitution	13692
1774806936553	483	BOT Blueberry	ASSIGNED	melee_tutor_strength
1774806936553	483	BOT SkidMark	START_ACTIVITY	go_to_varrock_south_east_mine
1774806936553	483	BOT SpeedHack99	START_ACTIVITY	go_to_varrock_south_east_mine
1774806936553	483	BOT ProPunch	FAILED	go_to_varrock_south_east_mine	Stuck	0	BotWalkTo
1774806936567	483	PLAYER BrokenWheel	KILLED	NPC chicken_brown:10360	TILE 3229,3298,0
1774806936567	483	NPC chicken_brown:10360	DROPPED	ITEM bones:1	ITEM raw_chicken:1
1774806936578	483	PLAYER HeadHunter	EXP	Attack	0.4
1774806936578	483	PLAYER HeadHunter	SET_EXP	Attack	5760
1774806936579	483	PLAYER HeadHunter	EXP	Constitution	0.13333333333333333
1774806936579	483	PLAYER HeadHunter	SET_EXP	Constitution	13460
1774806937154	484	BOT Blueberry	START_ACTIVITY	melee_tutor_strength
1774806937755	485	BOT ThreatPeace	COMPLETED	go_to_varrock_south_west_mine
1774806937755	485	BOT ProPunch	START_ACTIVITY	go_to_varrock_south_east_mine
1774806937781	485	PLAYER MegalodonM	EXP	Woodcutting	25.0
1774806937781	485	PLAYER MegalodonM	TOTAL_LEVEL_UP	16
1774806937781	485	PLAYER MegalodonM	LEVEL_UP	Woodcutting	17
1774806937781	485	PLAYER MegalodonM	SET_EXP	Woodcutting	31500
1774806938356	486	BOT SkidMark	FAILED	go_to_varrock_south_east_mine	Stuck	0	BotWalkTo
1774806938356	486	BOT SpeedHack99	FAILED	go_to_varrock_south_east_mine	Stuck	0	BotWalkTo
1774806938379	486	PLAYER Starmie	EXP	Strength	0.4
1774806938379	486	PLAYER Starmie	SET_EXP	Strength	7200
1774806938379	486	PLAYER Starmie	EXP	Constitution	0.13333333333333333
1774806938379	486	PLAYER Starmie	SET_EXP	Constitution	13940
1774806938381	486	PLAYER Waves	EXP	Magic	8.5
1774806938381	486	PLAYER Waves	SET_EXP	Magic	1398
1774806938381	486	PLAYER Waves	EXP	Constitution	2.0
1774806938381	486	PLAYER Waves	SET_EXP	Constitution	11812
1774806938381	486	PLAYER BigOof	EXP	Fishing	10.0
1774806938381	486	PLAYER BigOof	SET_EXP	Fishing	6000
1774806938382	486	PLAYER PrairieP	EXP	Attack	0.4
1774806938382	486	PLAYER PrairieP	SET_EXP	Attack	6480
1774806938382	486	PLAYER PrairieP	EXP	Constitution	0.13333333333333333
1774806938382	486	PLAYER PrairieP	SET_EXP	Constitution	13700
1774806938956	487	BOT ThreatPeace	START_ACTIVITY	go_to_varrock_south_west_mine
1774806938988	487	PLAYER Cloud	EXP	Fishing	10.0
1774806938988	487	PLAYER Cloud	TOTAL_LEVEL_UP	7
1774806938988	487	PLAYER Cloud	LEVEL_UP	Fishing	8
1774806938988	487	PLAYER Cloud	SET_EXP	Fishing	8400
1774806938989	487	PLAYER Farmer Plow	EXP	Mining	17.5
1774806938989	487	PLAYER Farmer Plow	TOTAL_LEVEL_UP	3
1774806938989	487	PLAYER Farmer Plow	LEVEL_UP	Mining	4
1774806938989	487	PLAYER Farmer Plow	SET_EXP	Mining	3150
1774806938990	487	PLAYER LazyLuke	EXP	Fishing	10.0
1774806938990	487	PLAYER LazyLuke	SET_EXP	Fishing	12600
1774806939557	488	BOT SkidMark	START_ACTIVITY	go_to_varrock_south_east_mine
1774806939557	488	BOT SpeedHack99	START_ACTIVITY	go_to_varrock_south_east_mine
1774806939557	488	BOT ProPunch	FAILED	go_to_varrock_south_east_mine	Stuck	0	BotWalkTo
1774806939580	488	PLAYER Hanbo Short	EXP	Woodcutting	25.0
1774806939580	488	PLAYER Hanbo Short	TOTAL_LEVEL_UP	15
1774806939580	488	PLAYER Hanbo Short	LEVEL_UP	Woodcutting	16
1774806939580	488	PLAYER Hanbo Short	SET_EXP	Woodcutting	28500
1774806939581	488	PLAYER SundayFun	EXP	Woodcutting	25.0
1774806939581	488	PLAYER SundayFun	SET_EXP	Woodcutting	30000
1774806940158	489	BOT Blueberry	COMPLETED	melee_tutor_strength
1774806940158	489	BOT ThreatPeace	COMPLETED	go_to_varrock_south_west_mine
1774806940158	489	BOT Farmer Plow	START_ACTIVITY	go_to_bank
1774806940172	489	PLAYER HeadHunter	KILLED	NPC chicken_brown:10356	TILE 3226,3301,0
1774806940173	489	NPC chicken_brown:10356	DROPPED	ITEM feather:5	ITEM bones:1	ITEM raw_chicken:1
1774806940183	489	PLAYER Zapdos	EXP	Defence	2.8
1774806940183	489	PLAYER Zapdos	SET_EXP	Defence	5472
1774806940184	489	PLAYER Zapdos	EXP	Constitution	0.9333333333333333
1774806940184	489	PLAYER Zapdos	SET_EXP	Constitution	13364
1774806940185	489	PLAYER UnknownX	EXP	Mining	17.5
1774806940185	489	PLAYER UnknownX	SET_EXP	Mining	6300
1774806940758	490	BOT Blueberry	ASSIGNED	melee_tutor_strength
1774806940758	490	BOT ProPunch	START_ACTIVITY	go_to_varrock_south_east_mine
1774806940780	490	PLAYER BrokenWheel	EXP	Strength	2.8
1774806940780	490	PLAYER BrokenWheel	SET_EXP	Strength	9552
1774806940781	490	PLAYER BrokenWheel	EXP	Constitution	0.9333333333333333
1774806940781	490	PLAYER BrokenWheel	SET_EXP	Constitution	14724
1774806940781	490	PLAYER Starmie	EXP	Strength	6.4
1774806940781	490	PLAYER Starmie	SET_EXP	Strength	7584
1774806940782	490	PLAYER Starmie	EXP	Constitution	2.1333333333333333
1774806940782	490	PLAYER Starmie	SET_EXP	Constitution	14068
1774806940782	490	PLAYER HeadHunter	EXP	Attack	1.2
1774806940782	490	PLAYER HeadHunter	SET_EXP	Attack	5832
1774806940783	490	PLAYER HeadHunter	EXP	Constitution	0.4
1774806940783	490	PLAYER HeadHunter	SET_EXP	Constitution	13484
1774806940784	490	PLAYER SacredProf	EXP	Defence	2.0
1774806940784	490	PLAYER SacredProf	SET_EXP	Defence	7200
1774806940784	490	PLAYER SacredProf	EXP	Constitution	0.6666666666666666
1774806940784	490	PLAYER SacredProf	SET_EXP	Constitution	13940
1774806941360	491	BOT Blueberry	START_ACTIVITY	melee_tutor_strength
1774806941360	491	BOT ThreatPeace	COMPLETED	go_to_area
1774806941360	491	BOT SkidMark	FAILED	go_to_varrock_south_east_mine	Stuck	0	BotWalkTo
1774806941360	491	BOT SpeedHack99	FAILED	go_to_varrock_south_east_mine	Stuck	0	BotWalkTo
1774806941384	491	PLAYER MegalodonM	EXP	Woodcutting	25.0
1774806941384	491	PLAYER MegalodonM	SET_EXP	Woodcutting	33000
1774806941386	491	PLAYER Waves	EXP	Magic	8.1
1774806941386	491	PLAYER Waves	TOTAL_LEVEL_UP	4
1774806941386	491	PLAYER Waves	LEVEL_UP	Magic	3
1774806941386	491	PLAYER Waves	SET_EXP	Magic	1884
1774806941386	491	PLAYER Waves	EXP	Constitution	1.7333333333333334
1774806941386	491	PLAYER Waves	SET_EXP	Constitution	11916
1774806941960	492	BOT ThreatPeace	START_ACTIVITY	varrock_east_tin_mining
1774806941980	492	PLAYER Starmie	KILLED	NPC chicken:10308	TILE 3231,3296,0
1774806941980	492	NPC chicken:10308	DROPPED	ITEM feather:15	ITEM bones:1	ITEM raw_chicken:1
1774806941980	492	PLAYER PrairieP	KILLED	NPC chicken:10309	TILE 3229,3296,0
1774806941980	492	NPC chicken:10309	DROPPED	ITEM bones:1	ITEM raw_chicken:1
1774806942560	493	BOT SkidMark	START_ACTIVITY	go_to_varrock_south_east_mine
1774806942560	493	BOT SpeedHack99	START_ACTIVITY	go_to_varrock_south_east_mine
1774806942560	493	BOT ProPunch	FAILED	go_to_varrock_south_east_mine	Stuck	0	BotWalkTo
1774806942586	493	PLAYER Lash	EXP	Mining	17.5
1774806942586	493	PLAYER Lash	SET_EXP	Mining	6300
1774806942587	493	PLAYER Zapdos	EXP	Defence	3.2
1774806942587	493	PLAYER Zapdos	SET_EXP	Defence	5664
1774806942587	493	PLAYER Zapdos	EXP	Constitution	1.0666666666666667
1774806942587	493	PLAYER Zapdos	SET_EXP	Constitution	13428
1774806942587	493	PLAYER SundayFun	EXP	Woodcutting	25.0
1774806942587	493	PLAYER SundayFun	TOTAL_LEVEL_UP	16
1774806942587	493	PLAYER SundayFun	LEVEL_UP	Woodcutting	17
1774806942587	493	PLAYER SundayFun	SET_EXP	Woodcutting	31500
1774806943184	494	PLAYER BrokenWheel	EXP	Strength	2.4
1774806943184	494	PLAYER BrokenWheel	TOTAL_LEVEL_UP	9
1774806943184	494	PLAYER BrokenWheel	LEVEL_UP	Strength	9
1774806943184	494	PLAYER BrokenWheel	SET_EXP	Strength	9696
1774806943185	494	PLAYER BrokenWheel	EXP	Constitution	0.8
1774806943185	494	PLAYER BrokenWheel	SET_EXP	Constitution	14772
1774806943185	494	PLAYER Starmie	EXP	Strength	2.4
1774806943185	494	PLAYER Starmie	SET_EXP	Strength	7728
1774806943186	494	PLAYER Starmie	EXP	Constitution	0.8
1774806943186	494	PLAYER Starmie	SET_EXP	Constitution	14116
1774806943186	494	PLAYER Blueberry	EXP	Strength	7.2
1774806943186	494	PLAYER Blueberry	SET_EXP	Strength	9048
1774806943186	494	PLAYER Blueberry	EXP	Constitution	2.4
1774806943187	494	PLAYER Blueberry	SET_EXP	Constitution	14556
1774806943187	494	PLAYER HeadHunter	EXP	Attack	1.6
1774806943187	494	PLAYER HeadHunter	SET_EXP	Attack	5928
1774806943187	494	PLAYER HeadHunter	EXP	Constitution	0.5333333333333333
1774806943187	494	PLAYER HeadHunter	SET_EXP	Constitution	13516
1774806943762	495	BOT ProPunch	START_ACTIVITY	go_to_varrock_south_east_mine
1774806943786	495	PLAYER LaunchDay	EXP	Fishing	10.0
1774806943786	495	PLAYER LaunchDay	SET_EXP	Fishing	600
1774806943786	495	PLAYER LaunchDay	TASK_COMPLETED	arent_they_supposed_to_be_twins_task
1774806944363	496	BOT Blueberry	COMPLETED	melee_tutor_strength
1774806944363	496	BOT SkidMark	FAILED	go_to_varrock_south_east_mine	Stuck	0	BotWalkTo
1774806944363	496	BOT SpeedHack99	FAILED	go_to_varrock_south_east_mine	Stuck	0	BotWalkTo
1774806944375	496	PLAYER SacredProf	KILLED	NPC chicken_brown:10357	TILE 3229,3300,0
1774806944375	496	NPC chicken_brown:10357	DROPPED	ITEM feather:5	ITEM bones:1	ITEM raw_chicken:1
1774806944385	496	PLAYER Matoya	EXP	Mining	17.5
1774806944386	496	PLAYER Matoya	TASK_COMPLETED	hack_and_smash_task
1774806944386	496	PLAYER Matoya	TOTAL_LEVEL_UP	4
1774806944386	496	PLAYER Matoya	LEVEL_UP	Mining	5
1774806944386	496	PLAYER Matoya	SET_EXP	Mining	4200
1774806944386	496	PLAYER Hanbo Short	EXP	Woodcutting	25.0
1774806944386	496	PLAYER Hanbo Short	SET_EXP	Woodcutting	30000
1774806944387	496	PLAYER Ice	EXP	Woodcutting	25.0
1774806944387	496	PLAYER Ice	TOTAL_LEVEL_UP	16
1774806944387	496	PLAYER Ice	LEVEL_UP	Woodcutting	17
1774806944387	496	PLAYER Ice	SET_EXP	Woodcutting	31500
1774806944387	496	PLAYER FakeTruth	EXP	Mining	5.0
1774806944387	496	PLAYER FakeTruth	TOTAL_LEVEL_UP	3
1774806944387	496	PLAYER FakeTruth	LEVEL_UP	Mining	4
1774806944387	496	PLAYER FakeTruth	SET_EXP	Mining	3000
1774806944964	497	BOT Blueberry	ASSIGNED	melee_tutor_strength
1774806944990	497	PLAYER SparrowS	EXP	Fishing	10.0
1774806944990	497	PLAYER SparrowS	SET_EXP	Fishing	10800
1774806944990	497	PLAYER StyracoS	EXP	Thieving	8.0
1774806944991	497	PLAYER StyracoS	TOTAL_LEVEL_UP	12
1774806944991	497	PLAYER StyracoS	LEVEL_UP	Thieving	3
1774806944991	497	PLAYER StyracoS	SET_EXP	Thieving	1920
1774806944992	497	PLAYER Cloud	EXP	Fishing	10.0
1774806944992	497	PLAYER Cloud	SET_EXP	Fishing	9000
1774806944992	497	PLAYER IceBerg	EXP	Fishing	10.0
1774806944992	497	PLAYER IceBerg	TOTAL_LEVEL_UP	7
1774806944992	497	PLAYER IceBerg	LEVEL_UP	Fishing	8
1774806944992	497	PLAYER IceBerg	SET_EXP	Fishing	8400
1774806944993	497	PLAYER GuppyGary	EXP	Mining	17.5
1774806944993	497	PLAYER GuppyGary	TOTAL_LEVEL_UP	9
1774806944993	497	PLAYER GuppyGary	LEVEL_UP	Mining	10
1774806944993	497	PLAYER GuppyGary	SET_EXP	Mining	11550
1774806945564	498	BOT Blueberry	START_ACTIVITY	melee_tutor_strength
1774806945564	498	BOT Matoya	START_ACTIVITY	go_to_bank
1774806945564	498	BOT SkidMark	START_ACTIVITY	go_to_varrock_south_east_mine
1774806945564	498	BOT SpeedHack99	START_ACTIVITY	go_to_varrock_south_east_mine
1774806945564	498	BOT ProPunch	FAILED	go_to_varrock_south_east_mine	Stuck	0	BotWalkTo
1774806945565	498	BOT Halp	COMPLETED	withdraw_from_bank
1774806945587	498	PLAYER BrokenWheel	EXP	Strength	6.4
1774806945587	498	PLAYER BrokenWheel	SET_EXP	Strength	10080
1774806945587	498	PLAYER BrokenWheel	EXP	Constitution	2.1333333333333333
1774806945587	498	PLAYER BrokenWheel	SET_EXP	Constitution	14900
1774806945588	498	PLAYER Starmie	EXP	Strength	1.6
1774806945588	498	PLAYER Starmie	SET_EXP	Strength	7824
1774806945588	498	PLAYER Starmie	EXP	Constitution	0.5333333333333333
1774806945588	498	PLAYER Starmie	SET_EXP	Constitution	14148
1774806946166	499	BOT Halp	START_RESOLVER	go_to_area	magic_tutor
1774806946192	499	PLAYER SacredProf	TOOK	FLOOR_ITEM feather:5	TILE 3229,3300,0
1774806946766	500	BOT ProPunch	START_ACTIVITY	go_to_varrock_south_east_mine
1774806946766	500	BOT Halp	START_ACTIVITY	go_to_area
1774806946789	500	PLAYER BrokenWheel	TOOK	FLOOR_ITEM bones:1	TILE 3229,3298,0
1774806946790	500	PLAYER SacredProf	TOOK	FLOOR_ITEM bones:1	TILE 3229,3300,0
1774806946790	500	PLAYER PrairieP	TOOK	FLOOR_ITEM bones:1	TILE 3229,3296,0
1774806947367	501	BOT SkidMark	FAILED	go_to_varrock_south_east_mine	Stuck	0	BotWalkTo
1774806947367	501	BOT SpeedHack99	FAILED	go_to_varrock_south_east_mine	Stuck	0	BotWalkTo
1774806947367	501	BOT FuturePast	START_ACTIVITY	go_to_bank
1774806947395	501	PLAYER YudonYuri	EXP	Attack	0.4
1774806947395	501	PLAYER YudonYuri	SET_EXP	Attack	6720
1774806947396	501	PLAYER YudonYuri	EXP	Constitution	0.13333333333333333
1774806947396	501	PLAYER YudonYuri	SET_EXP	Constitution	13780
1774806947397	501	PLAYER BrokenWheel	TOOK	FLOOR_ITEM raw_chicken:1	TILE 3229,3298,0
1774806947397	501	PLAYER DownUp99	EXP	Mining	17.5
1774806947397	501	PLAYER DownUp99	SET_EXP	Mining	6300
1774806947398	501	PLAYER Waves	EXP	Magic	9.5
1774806947398	501	PLAYER Waves	SET_EXP	Magic	2454
1774806947398	501	PLAYER Waves	EXP	Constitution	2.6666666666666665
1774806947399	501	PLAYER Waves	SET_EXP	Constitution	12076
1774806947399	501	PLAYER SacredProf	TOOK	FLOOR_ITEM raw_chicken:1	TILE 3229,3300,0
1774806947399	501	PLAYER PrairieP	TOOK	FLOOR_ITEM raw_chicken:1	TILE 3229,3296,0
1774806947968	502	BOT Halp	START_ACTIVITY	go_to_lumbridge_combat_tutors
1774806947990	502	PLAYER Starmie	EXP	Strength	0.4
1774806947990	502	PLAYER Starmie	SET_EXP	Strength	7848
1774806947990	502	PLAYER Starmie	EXP	Constitution	0.13333333333333333
1774806947990	502	PLAYER Starmie	SET_EXP	Constitution	14156
1774806947992	502	PLAYER Cloud	EXP	Fishing	10.0
1774806947992	502	PLAYER Cloud	SET_EXP	Fishing	9600
1774806948568	503	BOT Blueberry	COMPLETED	melee_tutor_strength
1774806948568	503	BOT SkidMark	START_ACTIVITY	go_to_varrock_south_east_mine
1774806948568	503	BOT SpeedHack99	START_ACTIVITY	go_to_varrock_south_east_mine
1774806948568	503	BOT ProPunch	FAILED	go_to_varrock_south_east_mine	Stuck	0	BotWalkTo
1774806948593	503	PLAYER StyracoS	EXP	Thieving	8.0
1774806948593	503	PLAYER StyracoS	SET_EXP	Thieving	2400
1774806948594	503	PLAYER SundayFun	EXP	Woodcutting	25.0
1774806948594	503	PLAYER SundayFun	SET_EXP	Woodcutting	33000
1774806949168	504	BOT Blueberry	ASSIGNED	melee_tutor_strength
1774806949169	504	BOT YudonYuri	START_ACTIVITY	go_to_bank
1774806949181	504	PLAYER BrokenWheel	KILLED	NPC chicken_brown:10358	TILE 3229,3299,0
1774806949181	504	NPC chicken_brown:10358	DROPPED	ITEM bones:1	ITEM raw_chicken:1
1774806949192	504	PLAYER DeepDan	EXP	Woodcutting	25.0
1774806949192	504	PLAYER DeepDan	SET_EXP	Woodcutting	33000
1774806949770	505	BOT Blueberry	START_ACTIVITY	melee_tutor_strength
1774806949770	505	BOT Maikeru	COMPLETED	go_to_varrock_south_west_mine
1774806949770	505	BOT ProPunch	START_ACTIVITY	go_to_varrock_south_east_mine
1774806949796	505	PLAYER FakeTruth	EXP	Mining	5.0
1774806949796	505	PLAYER FakeTruth	SET_EXP	Mining	3300
1774806949797	505	PLAYER Zapdos	EXP	Defence	1.6
1774806949797	505	PLAYER Zapdos	SET_EXP	Defence	5760
1774806949797	505	PLAYER Zapdos	EXP	Constitution	0.5333333333333333
1774806949797	505	PLAYER Zapdos	SET_EXP	Constitution	13460
1774806950370	506	BOT SkidMark	FAILED	go_to_varrock_south_east_mine	Stuck	0	BotWalkTo
1774806950370	506	BOT SpeedHack99	FAILED	go_to_varrock_south_east_mine	Stuck	0	BotWalkTo
1774806950370	506	BOT Astra	COMPLETED	go_to_lumbridge_combat_tutors
1774806950392	506	PLAYER MegalodonM	EXP	Woodcutting	25.0
1774806950393	506	PLAYER MegalodonM	SET_EXP	Woodcutting	34500
1774806950394	506	PLAYER HeadHunter	EXP	Attack	4.4
1774806950394	506	PLAYER HeadHunter	SET_EXP	Attack	6192
1774806950394	506	PLAYER HeadHunter	EXP	Constitution	1.4666666666666666
1774806950394	506	PLAYER HeadHunter	TOTAL_LEVEL_UP	6
1774806950394	506	PLAYER HeadHunter	LEVEL_UP	Constitution	110
1774806950394	506	PLAYER HeadHunter	SET_EXP	Constitution	13604
1774806950396	506	PLAYER Waves	EXP	Magic	7.5
1774806950396	506	PLAYER Waves	TOTAL_LEVEL_UP	5
1774806950396	506	PLAYER Waves	LEVEL_UP	Magic	4
1774806950396	506	PLAYER Waves	SET_EXP	Magic	2904
1774806950396	506	PLAYER Waves	EXP	Constitution	1.3333333333333333
1774806950396	506	PLAYER Waves	SET_EXP	Constitution	12156
1774806950971	507	BOT Maikeru	COMPLETED	go_to_area
1774806950996	507	PLAYER Bob	EXP	Mining	17.5
1774806950996	507	PLAYER Bob	SET_EXP	Mining	6300
1774806950997	507	PLAYER Ember	EXP	Mining	5.0
1774806950997	507	PLAYER Ember	TOTAL_LEVEL_UP	5
1774806950997	507	PLAYER Ember	LEVEL_UP	Mining	6
1774806950997	507	PLAYER Ember	SET_EXP	Mining	5400
1774806950998	507	PLAYER StyracoS	EXP	Thieving	8.0
1774806950998	507	PLAYER StyracoS	TOTAL_LEVEL_UP	13
1774806950998	507	PLAYER StyracoS	LEVEL_UP	Thieving	4
1774806950998	507	PLAYER StyracoS	SET_EXP	Thieving	2880
1774806950999	507	PLAYER LazyLuke	EXP	Fishing	10.0
1774806950999	507	PLAYER LazyLuke	SET_EXP	Fishing	13200
1774806951572	508	BOT SkidMark	START_ACTIVITY	go_to_varrock_south_east_mine
1774806951572	508	BOT SpeedHack99	START_ACTIVITY	go_to_varrock_south_east_mine
1774806951572	508	BOT Maikeru	START_ACTIVITY	varrock_east_tin_mining
1774806951572	508	BOT ProPunch	FAILED	go_to_varrock_south_east_mine	Stuck	0	BotWalkTo
1774806951573	508	BOT Astra	COMPLETED	go_to_area
1774806952173	509	BOT Astra	START_ACTIVITY	ranged_tutor
1774806952204	509	PLAYER BrokenWheel	TOOK	FLOOR_ITEM bones:1	TILE 3229,3299,0
1774806952773	510	BOT Blueberry	COMPLETED	melee_tutor_strength
1774806952773	510	BOT ProPunch	START_ACTIVITY	go_to_varrock_south_east_mine
1774806952796	510	PLAYER Starmie	EXP	Strength	1.2
1774806952796	510	PLAYER Starmie	SET_EXP	Strength	7920
1774806952797	510	PLAYER Starmie	EXP	Constitution	0.4
1774806952797	510	PLAYER Starmie	SET_EXP	Constitution	14180
1774806952797	510	PLAYER DeepDan	EXP	Woodcutting	25.0
1774806952797	510	PLAYER DeepDan	SET_EXP	Woodcutting	34500
1774806952798	510	PLAYER HeadHunter	EXP	Attack	4.4
1774806952798	510	PLAYER HeadHunter	SET_EXP	Attack	6456
1774806952798	510	PLAYER HeadHunter	EXP	Constitution	1.4666666666666666
1774806952798	510	PLAYER HeadHunter	SET_EXP	Constitution	13692
1774806952800	510	PLAYER SilentScrem	EXP	Mining	17.5
1774806952800	510	PLAYER SilentScrem	TOTAL_LEVEL_UP	11
1774806952800	510	PLAYER SilentScrem	LEVEL_UP	Mining	6
1774806952800	510	PLAYER SilentScrem	SET_EXP	Mining	5250
1774806952800	510	PLAYER Halp	TELED	TILE 3205,3209,1
1774806953374	511	BOT Blueberry	ASSIGNED	melee_tutor_strength
1774806953374	511	BOT SkidMark	FAILED	go_to_varrock_south_east_mine	Stuck	0	BotWalkTo
1774806953374	511	BOT SpeedHack99	FAILED	go_to_varrock_south_east_mine	Stuck	0	BotWalkTo
1774806953374	511	BOT BrokenWheel	COMPLETED	kill_freds_chickens_strength
1774806953389	511	PLAYER Zapdos	KILLED	NPC chicken_brown:10359	TILE 3230,3295,0
1774806953389	511	NPC chicken_brown:10359	DROPPED	ITEM bones:1	ITEM raw_chicken:1
1774806953400	511	PLAYER DownUp99	EXP	Mining	17.5
1774806953400	511	PLAYER DownUp99	TOTAL_LEVEL_UP	6
1774806953400	511	PLAYER DownUp99	LEVEL_UP	Mining	7
1774806953400	511	PLAYER DownUp99	SET_EXP	Mining	7350
1774806953400	511	PLAYER StyracoS	EXP	Thieving	8.0
1774806953400	511	PLAYER StyracoS	SET_EXP	Thieving	3360
1774806953402	511	PLAYER Waves	EXP	Magic	9.3
1774806953402	511	PLAYER Waves	SET_EXP	Magic	3462
1774806953402	511	PLAYER Waves	EXP	Constitution	2.533333333333333
1774806953402	511	PLAYER Waves	SET_EXP	Constitution	12308
1774806953403	511	PLAYER BigOof	EXP	Fishing	10.0
1774806953403	511	PLAYER BigOof	TOTAL_LEVEL_UP	6
1774806953403	511	PLAYER BigOof	LEVEL_UP	Fishing	7
1774806953403	511	PLAYER BigOof	SET_EXP	Fishing	6600
1774806953974	512	BOT Blueberry	START_ACTIVITY	melee_tutor_strength
1774806953974	512	BOT CamelCarl	COMPLETED	go_to_varrock_south_west_mine
1774806953974	512	BOT BrokenWheel	ASSIGNED	varrock_tin_mining
1774806953999	512	PLAYER Cloud	EXP	Fishing	10.0
1774806953999	512	PLAYER Cloud	TOTAL_LEVEL_UP	8
1774806953999	512	PLAYER Cloud	LEVEL_UP	Fishing	9
1774806954000	512	PLAYER Cloud	SET_EXP	Fishing	10200
1774806954000	512	PLAYER LazyLuke	EXP	Fishing	10.0
1774806954000	512	PLAYER LazyLuke	TOTAL_LEVEL_UP	10
1774806954000	512	PLAYER LazyLuke	TASK_COMPLETED	on_the_level_task
1774806954000	512	PLAYER LazyLuke	LEVEL_UP	Fishing	11
1774806954001	512	PLAYER LazyLuke	SET_EXP	Fishing	13800
1774806954001	512	PLAYER IceBerg	EXP	Fishing	10.0
1774806954001	512	PLAYER IceBerg	SET_EXP	Fishing	9000
1774806954575	513	BOT SkidMark	START_ACTIVITY	go_to_varrock_south_east_mine
1774806954575	513	BOT SpeedHack99	START_ACTIVITY	go_to_varrock_south_east_mine
1774806954575	513	BOT ProPunch	FAILED	go_to_varrock_south_east_mine	Stuck	0	BotWalkTo
1774806954576	513	BOT BrokenWheel	START_RESOLVER	withdraw_from_bank	varrock_tin_mining
1774806954603	513	PLAYER SundayFun	EXP	Woodcutting	25.0
1774806954603	513	PLAYER SundayFun	SET_EXP	Woodcutting	34500
1774806955176	514	BOT CamelCarl	START_ACTIVITY	go_to_varrock_south_west_mine
1774806955176	514	BOT BrokenWheel	START_ACTIVITY	withdraw_from_bank
1774806955198	514	PLAYER Starmie	TOOK	FLOOR_ITEM feather:15	TILE 3231,3296,0
1774806955199	514	PLAYER Ice	EXP	Woodcutting	25.0
1774806955199	514	PLAYER Ice	SET_EXP	Woodcutting	33000
1774806955199	514	PLAYER Zapdos	TOOK	FLOOR_ITEM bones:1	TILE 3230,3295,0
1774806955200	514	PLAYER HeadHunter	EXP	Attack	0.4
1774806955200	514	PLAYER HeadHunter	SET_EXP	Attack	6480
1774806955200	514	PLAYER HeadHunter	EXP	Constitution	0.13333333333333333
1774806955200	514	PLAYER HeadHunter	SET_EXP	Constitution	13700
1774806955201	514	PLAYER Halp	TELED	TILE 3205,3209,0
1774806955777	515	BOT ProPunch	START_ACTIVITY	go_to_varrock_south_east_mine
1774806955777	515	BOT FireStarter	COMPLETED	go_to_lumbridge_swamp_east_copper_mine
1774806955802	515	PLAYER Astra	EXP	Ranged	4.4
1774806955802	515	PLAYER Astra	SET_EXP	Ranged	264
1774806955803	515	PLAYER Starmie	TOOK	FLOOR_ITEM bones:1	TILE 3231,3296,0
1774806955803	515	PLAYER StyracoS	EXP	Thieving	8.0
1774806955803	515	PLAYER StyracoS	SET_EXP	Thieving	3840
1774806955803	515	PLAYER Zapdos	TOOK	FLOOR_ITEM raw_chicken:1	TILE 3230,3295,0
1774806956378	516	BOT CamelCarl	COMPLETED	go_to_varrock_south_west_mine
1774806956378	516	BOT SkidMark	FAILED	go_to_varrock_south_east_mine	Stuck	0	BotWalkTo
1774806956378	516	BOT SpeedHack99	FAILED	go_to_varrock_south_east_mine	Stuck	0	BotWalkTo
1774806956378	516	BOT BrokenWheel	START_ACTIVITY	go_to_bank
1774806956390	516	PLAYER Starmie	KILLED	NPC chicken:10311	TILE 3233,3293,0
1774806956390	516	NPC chicken:10311	DROPPED	ITEM feather:5	ITEM bones:1	ITEM raw_chicken:1
1774806956401	516	PLAYER Ember	EXP	Mining	5.0
1774806956401	516	PLAYER Ember	SET_EXP	Mining	5700
1774806956402	516	PLAYER Starmie	TOOK	FLOOR_ITEM raw_chicken:1	TILE 3231,3296,0
1774806956403	516	PLAYER Waves	EXP	Magic	6.1
1774806956403	516	PLAYER Waves	SET_EXP	Magic	3828
1774806956403	516	PLAYER Waves	EXP	Constitution	0.4
1774806956403	516	PLAYER Waves	SET_EXP	Constitution	12332
1774806956978	517	BOT Blueberry	COMPLETED	melee_tutor_strength
1774806957580	518	BOT Blueberry	ASSIGNED	melee_tutor_strength
1774806957580	518	BOT CamelCarl	COMPLETED	go_to_area
1774806957580	518	BOT SkidMark	START_ACTIVITY	go_to_varrock_south_east_mine
1774806957580	518	BOT SpeedHack99	START_ACTIVITY	go_to_varrock_south_east_mine
1774806957580	518	BOT ProPunch	FAILED	go_to_varrock_south_east_mine	Stuck	0	BotWalkTo
1774806957580	518	BOT FireStarter	COMPLETED	go_to_area
1774806957609	518	PLAYER Hanbo Short	EXP	Woodcutting	25.0
1774806957609	518	PLAYER Hanbo Short	TOTAL_LEVEL_UP	16
1774806957609	518	PLAYER Hanbo Short	LEVEL_UP	Woodcutting	17
1774806957609	518	PLAYER Hanbo Short	SET_EXP	Woodcutting	31500
1774806957610	518	PLAYER Lash	EXP	Mining	17.5
1774806957610	518	PLAYER Lash	TOTAL_LEVEL_UP	6
1774806957610	518	PLAYER Lash	LEVEL_UP	Mining	7
1774806957610	518	PLAYER Lash	SET_EXP	Mining	7350
1774806957611	518	PLAYER Zapdos	EXP	Defence	2.4
1774806957611	518	PLAYER Zapdos	SET_EXP	Defence	5904
1774806957612	518	PLAYER Zapdos	EXP	Constitution	0.8
1774806957612	518	PLAYER Zapdos	SET_EXP	Constitution	13508
1774806957613	518	PLAYER SundayFun	EXP	Woodcutting	25.0
1774806957613	518	PLAYER SundayFun	TOTAL_LEVEL_UP	17
1774806957613	518	PLAYER SundayFun	LEVEL_UP	Woodcutting	18
1774806957613	518	PLAYER SundayFun	SET_EXP	Woodcutting	36000
1774806958180	519	BOT Blueberry	START_ACTIVITY	melee_tutor_strength
1774806958180	519	BOT CamelCarl	START_ACTIVITY	varrock_east_tin_mining
1774806958180	519	BOT FireStarter	START_ACTIVITY	lumbridge_copper_mining
1774806958206	519	PLAYER Astra	EXP	Ranged	6.0
1774806958206	519	PLAYER Astra	SET_EXP	Ranged	624
1774806958207	519	PLAYER zedders	EXP	Attack	4.4
1774806958207	519	PLAYER zedders	SET_EXP	Attack	264
1774806958207	519	PLAYER zedders	EXP	Constitution	1.4666666666666666
1774806958207	519	PLAYER zedders	SET_EXP	Constitution	11628
1774806958209	519	PLAYER SilentScrem	EXP	Mining	17.5
1774806958209	519	PLAYER SilentScrem	SET_EXP	Mining	6300
1774806958210	519	PLAYER SacredProf	EXP	Defence	0.8
1774806958210	519	PLAYER SacredProf	SET_EXP	Defence	7248
1774806958210	519	PLAYER SacredProf	EXP	Constitution	0.26666666666666666
1774806958210	519	PLAYER SacredProf	SET_EXP	Constitution	13956
1774806958780	520	BOT ProPunch	START_ACTIVITY	go_to_varrock_south_east_mine
1774806958792	520	PLAYER HeadHunter	KILLED	NPC chicken:10310	TILE 3235,3292,0
1774806958792	520	NPC chicken:10310	DROPPED	ITEM bones:1	ITEM raw_chicken:1
1774806959381	521	BOT SkidMark	FAILED	go_to_varrock_south_east_mine	Stuck	0	BotWalkTo
1774806959381	521	BOT SpeedHack99	FAILED	go_to_varrock_south_east_mine	Stuck	0	BotWalkTo
1774806959410	521	PLAYER Starmie	TOOK	FLOOR_ITEM feather:15	TILE 3234,3301,0
1774806959410	521	PLAYER DeepDan	EXP	Woodcutting	25.0
1774806959410	521	PLAYER DeepDan	TOTAL_LEVEL_UP	17
1774806959410	521	PLAYER DeepDan	LEVEL_UP	Woodcutting	18
1774806959410	521	PLAYER DeepDan	SET_EXP	Woodcutting	36000
1774806959413	521	PLAYER BigOof	EXP	Fishing	10.0
1774806959413	521	PLAYER BigOof	SET_EXP	Fishing	7200
1774806959414	521	PLAYER PrairieP	EXP	Attack	0.8
1774806959414	521	PLAYER PrairieP	TOTAL_LEVEL_UP	7
1774806959414	521	PLAYER PrairieP	LEVEL_UP	Attack	7
1774806959414	521	PLAYER PrairieP	SET_EXP	Attack	6528
1774806959414	521	PLAYER PrairieP	EXP	Constitution	0.26666666666666666
1774806959414	521	PLAYER PrairieP	SET_EXP	Constitution	13716
1774806960005	522	PLAYER Blueberry	EXP	Strength	8.0
1774806960005	522	PLAYER Blueberry	SET_EXP	Strength	9528
1774806960005	522	PLAYER Blueberry	EXP	Constitution	2.6666666666666665
1774806960005	522	PLAYER Blueberry	SET_EXP	Constitution	14716
1774806960005	522	PLAYER SparrowS	EXP	Fishing	10.0
1774806960005	522	PLAYER SparrowS	SET_EXP	Fishing	11400
1774806960006	522	PLAYER Zapdos	EXP	Defence	2.4
1774806960006	522	PLAYER Zapdos	SET_EXP	Defence	6048
1774806960007	522	PLAYER Zapdos	EXP	Constitution	0.8
1774806960007	522	PLAYER Zapdos	SET_EXP	Constitution	13556
1774806960007	522	PLAYER IceBerg	EXP	Fishing	10.0
1774806960007	522	PLAYER IceBerg	SET_EXP	Fishing	9600
1774806960583	523	BOT SkidMark	START_ACTIVITY	go_to_varrock_south_east_mine
1774806960583	523	BOT SpeedHack99	START_ACTIVITY	go_to_varrock_south_east_mine
1774806960583	523	BOT ProPunch	FAILED	go_to_varrock_south_east_mine	Stuck	0	BotWalkTo
1774806960583	523	BOT RhoRanger	FAILED	lumbridge_cow_tree_cutting	Timeout	0	BotInteractObject
1774806960608	523	PLAYER Astra	EXP	Ranged	3.2
1774806960608	523	PLAYER Astra	SET_EXP	Ranged	816
1774806960609	523	PLAYER Ice	EXP	Woodcutting	25.0
1774806960609	523	PLAYER Ice	SET_EXP	Woodcutting	34500
1774806960610	523	PLAYER zedders	EXP	Attack	5.2
1774806960610	523	PLAYER zedders	SET_EXP	Attack	576
1774806960610	523	PLAYER zedders	EXP	Constitution	1.7333333333333334
1774806960610	523	PLAYER zedders	SET_EXP	Constitution	11732
1774806960611	523	PLAYER HeadHunter	TOOK	FLOOR_ITEM feather:5	TILE 3226,3301,0
1774806960611	523	PLAYER AlosaurAce	EXP	Mining	17.5
1774806960611	523	PLAYER AlosaurAce	TOTAL_LEVEL_UP	6
1774806960611	523	PLAYER AlosaurAce	LEVEL_UP	Mining	7
1774806960611	523	PLAYER AlosaurAce	SET_EXP	Mining	7350
1774806960612	523	PLAYER SacredProf	EXP	Defence	4.8
1774806960612	523	PLAYER SacredProf	SET_EXP	Defence	7536
1774806960613	523	PLAYER SacredProf	EXP	Constitution	1.6
1774806960613	523	PLAYER SacredProf	SET_EXP	Constitution	14052
1774806961184	524	BOT Blueberry	COMPLETED	melee_tutor_strength
1774806961184	524	BOT RhoRanger	ASSIGNED	lumbridge_copper_mining
1774806961212	524	PLAYER HeadHunter	TOOK	FLOOR_ITEM bones:1	TILE 3226,3301,0
1774806961785	525	BOT Blueberry	ASSIGNED	melee_tutor_strength
1774806961785	525	BOT ProPunch	START_ACTIVITY	go_to_varrock_south_east_mine
1774806961785	525	BOT RhoRanger	START_RESOLVER	withdraw_from_bank	lumbridge_copper_mining
1774806961811	525	PLAYER Starmie	EXP	Strength	2.4
1774806961811	525	PLAYER Starmie	TOTAL_LEVEL_UP	8
1774806961811	525	PLAYER Starmie	LEVEL_UP	Strength	8
1774806961811	525	PLAYER Starmie	SET_EXP	Strength	8064
1774806961812	525	PLAYER Starmie	EXP	Constitution	0.8
1774806961812	525	PLAYER Starmie	SET_EXP	Constitution	14228
1774806961813	525	PLAYER HeadHunter	TOOK	FLOOR_ITEM raw_chicken:1	TILE 3226,3301,0
1774806961813	525	PLAYER PrairieP	EXP	Attack	1.2
1774806961813	525	PLAYER PrairieP	SET_EXP	Attack	6600
1774806961813	525	PLAYER PrairieP	EXP	Constitution	0.4
1774806961813	525	PLAYER PrairieP	SET_EXP	Constitution	13740
1774806962385	526	BOT Blueberry	START_ACTIVITY	melee_tutor_strength
1774806962385	526	BOT SkidMark	FAILED	go_to_varrock_south_east_mine	Stuck	0	BotWalkTo
1774806962385	526	BOT SpeedHack99	FAILED	go_to_varrock_south_east_mine	Stuck	0	BotWalkTo
1774806962385	526	BOT RhoRanger	START_ACTIVITY	withdraw_from_bank
1774806962407	526	PLAYER Blueberry	EXP	Strength	0.8
1774806962407	526	PLAYER Blueberry	SET_EXP	Strength	9576
1774806962408	526	PLAYER Blueberry	EXP	Constitution	0.26666666666666666
1774806962408	526	PLAYER Blueberry	SET_EXP	Constitution	14732
1774806962412	526	PLAYER Waves	EXP	Magic	7.7
1774806962412	526	PLAYER Waves	TOTAL_LEVEL_UP	6
1774806962413	526	PLAYER Waves	LEVEL_UP	Magic	5
1774806962413	526	PLAYER Waves	SET_EXP	Magic	4290
1774806962413	526	PLAYER Waves	EXP	Constitution	1.4666666666666666
1774806962413	526	PLAYER Waves	SET_EXP	Constitution	12420
1774806963011	527	PLAYER Astra	EXP	Ranged	1.2
1774806963011	527	PLAYER Astra	TOTAL_LEVEL_UP	3
1774806963011	527	PLAYER Astra	LEVEL_UP	Ranged	2
1774806963011	527	PLAYER Astra	SET_EXP	Ranged	888
1774806963012	527	PLAYER SparrowS	EXP	Fishing	10.0
1774806963012	527	PLAYER SparrowS	TOTAL_LEVEL_UP	9
1774806963012	527	PLAYER SparrowS	LEVEL_UP	Fishing	10
1774806963012	527	PLAYER SparrowS	SET_EXP	Fishing	12000
1774806963013	527	PLAYER zedders	EXP	Attack	0.4
1774806963013	527	PLAYER zedders	SET_EXP	Attack	600
1774806963013	527	PLAYER zedders	EXP	Constitution	0.13333333333333333
1774806963013	527	PLAYER zedders	SET_EXP	Constitution	11740
1774806963013	527	PLAYER Cloud	EXP	Fishing	10.0
1774806963013	527	PLAYER Cloud	SET_EXP	Fishing	10800
1774806963014	527	PLAYER SacredProf	EXP	Defence	2.8
1774806963014	527	PLAYER SacredProf	SET_EXP	Defence	7704
1774806963014	527	PLAYER SacredProf	EXP	Constitution	0.9333333333333333
1774806963014	527	PLAYER SacredProf	SET_EXP	Constitution	14108
1774806963015	527	PLAYER LazyLuke	EXP	Fishing	10.0
1774806963015	527	PLAYER LazyLuke	SET_EXP	Fishing	14400
1774806963587	528	BOT SkidMark	START_ACTIVITY	go_to_varrock_south_east_mine
1774806963587	528	BOT SpeedHack99	START_ACTIVITY	go_to_varrock_south_east_mine
1774806963587	528	BOT ProPunch	FAILED	go_to_varrock_south_east_mine	Stuck	0	BotWalkTo
1774806963587	528	BOT RhoRanger	START_ACTIVITY	go_to_bank
1774806963610	528	PLAYER HeadHunter	EXP	Attack	1.2
1774806963610	528	PLAYER HeadHunter	TOTAL_LEVEL_UP	7
1774806963610	528	PLAYER HeadHunter	LEVEL_UP	Attack	7
1774806963610	528	PLAYER HeadHunter	SET_EXP	Attack	6552
1774806963611	528	PLAYER HeadHunter	EXP	Constitution	0.4
1774806963611	528	PLAYER HeadHunter	SET_EXP	Constitution	13724
1774806964214	529	PLAYER YutytyrannY	EXP	Fishing	10.0
1774806964214	529	PLAYER YutytyrannY	SET_EXP	Fishing	6000
1774806964215	529	PLAYER Starmie	EXP	Strength	6.4
1774806964215	529	PLAYER Starmie	SET_EXP	Strength	8448
1774806964216	529	PLAYER Starmie	EXP	Constitution	2.1333333333333333
1774806964216	529	PLAYER Starmie	SET_EXP	Constitution	14356
1774806964217	529	PLAYER PrairieP	EXP	Attack	5.2
1774806964217	529	PLAYER PrairieP	SET_EXP	Attack	6912
1774806964217	529	PLAYER PrairieP	EXP	Constitution	1.7333333333333334
1774806964217	529	PLAYER PrairieP	SET_EXP	Constitution	13844
1774806964789	530	BOT ProPunch	START_ACTIVITY	go_to_varrock_south_east_mine
1774806964811	530	PLAYER CamelCarl	EXP	Mining	17.5
1774806964811	530	PLAYER CamelCarl	TOTAL_LEVEL_UP	13
1774806964811	530	PLAYER CamelCarl	LEVEL_UP	Mining	2
1774806964811	530	PLAYER CamelCarl	SET_EXP	Mining	1050
1774806964811	530	PLAYER CamelCarl	TASK_COMPLETED	heavy_metal_task
1774806964812	530	PLAYER Ice	EXP	Woodcutting	25.0
1774806964812	530	PLAYER Ice	TOTAL_LEVEL_UP	17
1774806964812	530	PLAYER Ice	LEVEL_UP	Woodcutting	18
1774806964812	530	PLAYER Ice	SET_EXP	Woodcutting	36000
1774806964813	530	PLAYER FakeTruth	EXP	Mining	5.0
1774806964813	530	PLAYER FakeTruth	SET_EXP	Mining	3600
1774806964813	530	PLAYER Zapdos	EXP	Defence	4.4
1774806964813	530	PLAYER Zapdos	SET_EXP	Defence	6312
1774806964813	530	PLAYER Zapdos	EXP	Constitution	1.4666666666666666
1774806964814	530	PLAYER Zapdos	TOTAL_LEVEL_UP	6
1774806964814	530	PLAYER Zapdos	LEVEL_UP	Constitution	110
1774806964814	530	PLAYER Zapdos	SET_EXP	Constitution	13644
1774806965389	531	BOT Blueberry	COMPLETED	melee_tutor_strength
1774806965389	531	BOT SkidMark	FAILED	go_to_varrock_south_east_mine	Stuck	0	BotWalkTo
1774806965389	531	BOT SpeedHack99	FAILED	go_to_varrock_south_east_mine	Stuck	0	BotWalkTo
1774806965414	531	PLAYER Astra	EXP	Ranged	3.2
1774806965414	531	PLAYER Astra	SET_EXP	Ranged	1080
1774806965415	531	PLAYER MegalodonM	EXP	Woodcutting	25.0
1774806965415	531	PLAYER MegalodonM	TOTAL_LEVEL_UP	17
1774806965415	531	PLAYER MegalodonM	LEVEL_UP	Woodcutting	18
1774806965415	531	PLAYER MegalodonM	SET_EXP	Woodcutting	36000
1774806965415	531	PLAYER zedders	EXP	Attack	4.0
1774806965416	531	PLAYER zedders	TOTAL_LEVEL_UP	1
1774806965416	531	PLAYER zedders	LEVEL_UP	Attack	2
1774806965416	531	PLAYER zedders	SET_EXP	Attack	840
1774806965416	531	PLAYER zedders	EXP	Constitution	1.3333333333333333
1774806965416	531	PLAYER zedders	SET_EXP	Constitution	11820
1774806965417	531	PLAYER StyracoS	EXP	Thieving	8.0
1774806965417	531	PLAYER StyracoS	TOTAL_LEVEL_UP	14
1774806965417	531	PLAYER StyracoS	LEVEL_UP	Thieving	5
1774806965417	531	PLAYER StyracoS	SET_EXP	Thieving	4320
1774806965417	531	PLAYER BigOof	EXP	Fishing	10.0
1774806965417	531	PLAYER BigOof	SET_EXP	Fishing	7800
1774806965989	532	BOT Blueberry	ASSIGNED	melee_tutor_strength
1774806966011	532	PLAYER Tuga	EXP	Fishing	10.0
1774806966011	532	PLAYER Tuga	SET_EXP	Fishing	10800
1774806966013	532	PLAYER Cloud	EXP	Fishing	10.0
1774806966013	532	PLAYER Cloud	SET_EXP	Fishing	11400
1774806966590	533	BOT Blueberry	START_ACTIVITY	melee_tutor_strength
1774806966590	533	BOT SkidMark	START_ACTIVITY	go_to_varrock_south_east_mine
1774806966590	533	BOT SpeedHack99	START_ACTIVITY	go_to_varrock_south_east_mine
1774806966590	533	BOT ProPunch	FAILED	go_to_varrock_south_east_mine	Stuck	0	BotWalkTo
1774806966615	533	PLAYER Bob	EXP	Mining	17.5
1774806966615	533	PLAYER Bob	TOTAL_LEVEL_UP	6
1774806966615	533	PLAYER Bob	LEVEL_UP	Mining	7
1774806966615	533	PLAYER Bob	SET_EXP	Mining	7350
1774806966616	533	PLAYER Starmie	EXP	Strength	2.4
1774806966616	533	PLAYER Starmie	SET_EXP	Strength	8592
1774806966617	533	PLAYER Starmie	EXP	Constitution	0.8
1774806966617	533	PLAYER Starmie	SET_EXP	Constitution	14404
1774806966617	533	PLAYER Hanbo Short	EXP	Woodcutting	25.0
1774806966617	533	PLAYER Hanbo Short	SET_EXP	Woodcutting	33000
1774806967213	534	PLAYER YutytyrannY	EXP	Fishing	10.0
1774806967213	534	PLAYER YutytyrannY	TOTAL_LEVEL_UP	6
1774806967213	534	PLAYER YutytyrannY	LEVEL_UP	Fishing	7
1774806967213	534	PLAYER YutytyrannY	SET_EXP	Fishing	6600
1774806967214	534	PLAYER Zapdos	EXP	Defence	2.0
1774806967214	534	PLAYER Zapdos	SET_EXP	Defence	6432
1774806967230	534	PLAYER Zapdos	EXP	Constitution	0.6666666666666666
1774806967230	534	PLAYER Zapdos	SET_EXP	Constitution	13684
1774806967791	535	BOT AprilFool	COMPLETED	go_to_lumbridge_thieving_area
1774806967791	535	BOT ProPunch	START_ACTIVITY	go_to_varrock_south_east_mine
1774806967816	535	PLAYER Astra	EXP	Ranged	6.8
1774806967816	535	PLAYER Astra	SET_EXP	Ranged	1488
1774806967817	535	PLAYER StyracoS	EXP	Thieving	8.0
1774806967817	535	PLAYER StyracoS	SET_EXP	Thieving	4800
1774806967818	535	PLAYER SacredProf	EXP	Defence	0.4
1774806967818	535	PLAYER SacredProf	SET_EXP	Defence	7728
1774806967818	535	PLAYER SacredProf	EXP	Constitution	0.13333333333333333
1774806967818	535	PLAYER SacredProf	SET_EXP	Constitution	14116
1774806968392	536	BOT SkidMark	FAILED	go_to_varrock_south_east_mine	Stuck	0	BotWalkTo
1774806968392	536	BOT SpeedHack99	FAILED	go_to_varrock_south_east_mine	Stuck	0	BotWalkTo
1774806968415	536	PLAYER zedders	EXP	Attack	3.2
1774806968415	536	PLAYER zedders	SET_EXP	Attack	1032
1774806968415	536	PLAYER zedders	EXP	Constitution	1.0666666666666667
1774806968416	536	PLAYER zedders	SET_EXP	Constitution	11884
1774806968416	536	PLAYER HeadHunter	EXP	Attack	1.2
1774806968416	536	PLAYER HeadHunter	SET_EXP	Attack	6624
1774806968416	536	PLAYER HeadHunter	EXP	Constitution	0.4
1774806968416	536	PLAYER HeadHunter	SET_EXP	Constitution	13748
1774806969022	537	PLAYER Starmie	EXP	Strength	0.8
1774806969022	537	PLAYER Starmie	SET_EXP	Strength	8640
1774806969022	537	PLAYER Starmie	EXP	Constitution	0.26666666666666666
1774806969022	537	PLAYER Starmie	SET_EXP	Constitution	14420
1774806969023	537	PLAYER FireStarter	EXP	Mining	17.5
1774806969023	537	PLAYER FireStarter	TOTAL_LEVEL_UP	2
1774806969023	537	PLAYER FireStarter	LEVEL_UP	Mining	3
1774806969023	537	PLAYER FireStarter	SET_EXP	Mining	2100
1774806969023	537	PLAYER FireStarter	TASK_COMPLETED	take_your_pick_task
1774806969024	537	PLAYER SparrowS	EXP	Fishing	10.0
1774806969024	537	PLAYER SparrowS	SET_EXP	Fishing	12600
1774806969025	537	PLAYER PrairieP	EXP	Attack	1.6
1774806969025	537	PLAYER PrairieP	SET_EXP	Attack	7008
1774806969025	537	PLAYER PrairieP	EXP	Constitution	0.5333333333333333
1774806969025	537	PLAYER PrairieP	SET_EXP	Constitution	13876
1774806969593	538	BOT Blueberry	COMPLETED	melee_tutor_strength
1774806969593	538	BOT AprilFool	COMPLETED	go_to_area
1774806969593	538	BOT SkidMark	START_ACTIVITY	go_to_varrock_south_east_mine
1774806969593	538	BOT SpeedHack99	START_ACTIVITY	go_to_varrock_south_east_mine
1774806969593	538	BOT ProPunch	FAILED	go_to_varrock_south_east_mine	Stuck	0	BotWalkTo
1774806969619	538	PLAYER Hanbo Short	EXP	Woodcutting	25.0
1774806969619	538	PLAYER Hanbo Short	SET_EXP	Woodcutting	34500
1774806969620	538	PLAYER Zapdos	EXP	Defence	0.8
1774806969620	538	PLAYER Zapdos	SET_EXP	Defence	6480
1774806969620	538	PLAYER Zapdos	EXP	Constitution	0.26666666666666666
1774806969620	538	PLAYER Zapdos	SET_EXP	Constitution	13700
1774806970194	539	BOT Blueberry	ASSIGNED	varrock_east_tin_mining
1774806970194	539	BOT AprilFool	START_ACTIVITY	lumbridge_pickpocketing
1774806970194	539	BOT Ril	COMPLETED	go_to_lumbridge_swamp_east_tin_mine
1774806970220	539	PLAYER Astra	EXP	Ranged	6.4
1774806970220	539	PLAYER Astra	TOTAL_LEVEL_UP	4
1774806970220	539	PLAYER Astra	LEVEL_UP	Ranged	3
1774806970220	539	PLAYER Astra	SET_EXP	Ranged	1872
1774806970221	539	PLAYER StyracoS	EXP	Thieving	8.0
1774806970221	539	PLAYER StyracoS	TOTAL_LEVEL_UP	15
1774806970221	539	PLAYER StyracoS	LEVEL_UP	Thieving	6
1774806970221	539	PLAYER StyracoS	SET_EXP	Thieving	5280
1774806970221	539	PLAYER SacredProf	EXP	Defence	2.0
1774806970221	539	PLAYER SacredProf	SET_EXP	Defence	7848
1774806970221	539	PLAYER SacredProf	EXP	Constitution	0.6666666666666666
1774806970221	539	PLAYER SacredProf	SET_EXP	Constitution	14156
1774806970795	540	BOT Blueberry	START_RESOLVER	deposit_all_bank	varrock_east_tin_mining
1774806970795	540	BOT ProPunch	START_ACTIVITY	go_to_varrock_south_east_mine
1774806970818	540	PLAYER HeadHunter	EXP	Attack	5.2
1774806970818	540	PLAYER HeadHunter	SET_EXP	Attack	6936
1774806970819	540	PLAYER HeadHunter	EXP	Constitution	1.7333333333333334
1774806970819	540	PLAYER HeadHunter	SET_EXP	Constitution	13852
1774806971395	541	BOT Blueberry	START_ACTIVITY	deposit_all_bank
1774806971395	541	BOT SkidMark	FAILED	go_to_varrock_south_east_mine	Stuck	0	BotWalkTo
1774806971395	541	BOT SpeedHack99	FAILED	go_to_varrock_south_east_mine	Stuck	0	BotWalkTo
1774806971395	541	BOT Ril	COMPLETED	go_to_area
1774806971422	541	PLAYER BigOof	EXP	Fishing	10.0
1774806971422	541	PLAYER BigOof	TOTAL_LEVEL_UP	7
1774806971422	541	PLAYER BigOof	LEVEL_UP	Fishing	8
1774806971422	541	PLAYER BigOof	SET_EXP	Fishing	8400
1774806971423	541	PLAYER PrairieP	EXP	Attack	2.8
1774806971423	541	PLAYER PrairieP	SET_EXP	Attack	7176
1774806971423	541	PLAYER PrairieP	EXP	Constitution	0.9333333333333333
1774806971423	541	PLAYER PrairieP	SET_EXP	Constitution	13932
1774806971996	542	BOT Ril	START_ACTIVITY	lumbridge_tin_mining
1774806972018	542	PLAYER Blueberry	EXP	Strength	8.4
1774806972019	542	PLAYER Blueberry	TOTAL_LEVEL_UP	9
1774806972019	542	PLAYER Blueberry	LEVEL_UP	Strength	9
1774806972019	542	PLAYER Blueberry	SET_EXP	Strength	10080
1774806972019	542	PLAYER Blueberry	EXP	Constitution	2.8
1774806972019	542	PLAYER Blueberry	SET_EXP	Constitution	14900
1774806972020	542	PLAYER SparrowS	EXP	Fishing	10.0
1774806972020	542	PLAYER SparrowS	SET_EXP	Fishing	13200
1774806972021	542	PLAYER AprilFool	EXP	Thieving	8.0
1774806972021	542	PLAYER AprilFool	SET_EXP	Thieving	480
1774806972021	542	PLAYER FullStackF	EXP	Fishing	10.0
1774806972021	542	PLAYER FullStackF	TOTAL_LEVEL_UP	4
1774806972021	542	PLAYER FullStackF	LEVEL_UP	Fishing	5
1774806972021	542	PLAYER FullStackF	SET_EXP	Fishing	4200
1774806972597	543	BOT SkidMark	START_ACTIVITY	go_to_varrock_south_east_mine
1774806972597	543	BOT SpeedHack99	START_ACTIVITY	go_to_varrock_south_east_mine
1774806972597	543	BOT ProPunch	FAILED	go_to_varrock_south_east_mine	Stuck	0	BotWalkTo
1774806972612	543	PLAYER Starmie	KILLED	NPC chicken:10308	TILE 3232,3298,0
1774806972612	543	NPC chicken:10308	DROPPED	ITEM bones:1	ITEM raw_chicken:1
1774806972623	543	PLAYER Astra	EXP	Ranged	7.6
1774806972623	543	PLAYER Astra	SET_EXP	Ranged	2328
1774806972624	543	PLAYER Starmie	EXP	Strength	0.8
1774806972624	543	PLAYER Starmie	SET_EXP	Strength	8688
1774806972625	543	PLAYER Starmie	EXP	Constitution	0.26666666666666666
1774806972625	543	PLAYER Starmie	SET_EXP	Constitution	14436
1774806972625	543	PLAYER DeepDan	EXP	Woodcutting	25.0
1774806972625	543	PLAYER DeepDan	SET_EXP	Woodcutting	37500
1774806972626	543	PLAYER Lash	EXP	Mining	17.5
1774806972626	543	PLAYER Lash	TOTAL_LEVEL_UP	7
1774806972626	543	PLAYER Lash	LEVEL_UP	Mining	8
1774806972626	543	PLAYER Lash	SET_EXP	Mining	8400
1774806972627	543	PLAYER SacredProf	EXP	Defence	0.4
1774806972627	543	PLAYER SacredProf	SET_EXP	Defence	7872
1774806972627	543	PLAYER SacredProf	EXP	Constitution	0.13333333333333333
1774806972627	543	PLAYER SacredProf	SET_EXP	Constitution	14164
1774806973210	544	PLAYER Zapdos	KILLED	NPC chicken_brown:10356	TILE 3225,3297,0
1774806973210	544	NPC chicken_brown:10356	DROPPED	ITEM feather:15	ITEM bones:1	ITEM raw_chicken:1
1774806973222	544	PLAYER HeadHunter	EXP	Attack	4.4
1774806973222	544	PLAYER HeadHunter	SET_EXP	Attack	7200
1774806973223	544	PLAYER HeadHunter	EXP	Constitution	1.4666666666666666
1774806973223	544	PLAYER HeadHunter	SET_EXP	Constitution	13940
1774806973799	545	BOT ProPunch	START_ACTIVITY	go_to_varrock_south_east_mine
1774806973823	545	PLAYER LaunchDay	EXP	Fishing	10.0
1774806973823	545	PLAYER LaunchDay	TOTAL_LEVEL_UP	1
1774806973823	545	PLAYER LaunchDay	LEVEL_UP	Fishing	2
1774806973823	545	PLAYER LaunchDay	SET_EXP	Fishing	1200
1774806973825	545	PLAYER PrairieP	EXP	Attack	0.4
1774806973825	545	PLAYER PrairieP	SET_EXP	Attack	7200
1774806973825	545	PLAYER PrairieP	EXP	Constitution	0.13333333333333333
1774806973825	545	PLAYER PrairieP	SET_EXP	Constitution	13940
1774806974399	546	BOT Matoya	FAILED	go_to_bank	Stuck	4	BotWalkTo
1774806974399	546	BOT SkidMark	FAILED	go_to_varrock_south_east_mine	Stuck	0	BotWalkTo
1774806974399	546	BOT SpeedHack99	FAILED	go_to_varrock_south_east_mine	Stuck	0	BotWalkTo
1774806974422	546	PLAYER FireStarter	EXP	Mining	17.5
1774806974422	546	PLAYER FireStarter	TOTAL_LEVEL_UP	3
1774806974422	546	PLAYER FireStarter	LEVEL_UP	Mining	4
1774806974422	546	PLAYER FireStarter	SET_EXP	Mining	3150
1774806974423	546	PLAYER Blueberry	EXP	Strength	2.0
1774806974423	546	PLAYER Blueberry	SET_EXP	Strength	10200
1774806974423	546	PLAYER Blueberry	EXP	Constitution	0.6666666666666666
1774806974423	546	PLAYER Blueberry	SET_EXP	Constitution	14940
1774806974423	546	PLAYER AprilFool	EXP	Thieving	8.0
1774806974423	546	PLAYER AprilFool	TOTAL_LEVEL_UP	6
1774806974423	546	PLAYER AprilFool	LEVEL_UP	Thieving	2
1774806974423	546	PLAYER AprilFool	SET_EXP	Thieving	960
1774806975024	547	PLAYER Astra	EXP	Ranged	1.6
1774806975024	547	PLAYER Astra	SET_EXP	Ranged	2424
1774806975025	547	PLAYER zedders	EXP	Attack	2.4
1774806975025	547	PLAYER zedders	SET_EXP	Attack	1176
1774806975025	547	PLAYER zedders	EXP	Constitution	0.8
1774806975025	547	PLAYER zedders	SET_EXP	Constitution	11932
1774806975026	547	PLAYER SacredProf	EXP	Defence	0.4
1774806975026	547	PLAYER SacredProf	SET_EXP	Defence	7896
1774806975027	547	PLAYER SacredProf	EXP	Constitution	0.13333333333333333
1774806975027	547	PLAYER SacredProf	SET_EXP	Constitution	14172
1774806975027	547	PLAYER IceBerg	EXP	Fishing	10.0
1774806975027	547	PLAYER IceBerg	TOTAL_LEVEL_UP	8
1774806975027	547	PLAYER IceBerg	LEVEL_UP	Fishing	9
1774806975027	547	PLAYER IceBerg	SET_EXP	Fishing	10200
1774806975600	548	BOT Matoya	START_ACTIVITY	go_to_bank
1774806975600	548	BOT SkidMark	START_ACTIVITY	go_to_varrock_south_east_mine
1774806975600	548	BOT SpeedHack99	START_ACTIVITY	go_to_varrock_south_east_mine
1774806975600	548	BOT ProPunch	FAILED	go_to_varrock_south_east_mine	Stuck	0	BotWalkTo
1774806975625	548	PLAYER HeadHunter	EXP	Attack	0.8
1774806975625	548	PLAYER HeadHunter	SET_EXP	Attack	7248
1774806975626	548	PLAYER HeadHunter	EXP	Constitution	0.26666666666666666
1774806975626	548	PLAYER HeadHunter	SET_EXP	Constitution	13956
1774806976226	549	PLAYER YutytyrannY	EXP	Fishing	10.0
1774806976226	549	PLAYER YutytyrannY	SET_EXP	Fishing	7200
1774806976227	549	PLAYER UnknownX	EXP	Mining	17.5
1774806976227	549	PLAYER UnknownX	TOTAL_LEVEL_UP	6
1774806976227	549	PLAYER UnknownX	LEVEL_UP	Mining	7
1774806976228	549	PLAYER UnknownX	SET_EXP	Mining	7350
1774806976802	550	BOT ProPunch	START_ACTIVITY	go_to_varrock_south_east_mine
1774806976814	550	PLAYER HeadHunter	KILLED	NPC chicken_brown:10357	TILE 3226,3295,0
1774806976814	550	NPC chicken_brown:10357	DROPPED	ITEM bones:1	ITEM raw_chicken:1
1774806976825	550	PLAYER Blueberry	EXP	Strength	5.6
1774806976825	550	PLAYER Blueberry	SET_EXP	Strength	10536
1774806976825	550	PLAYER Blueberry	EXP	Constitution	1.8666666666666667
1774806976825	550	PLAYER Blueberry	SET_EXP	Constitution	15052
1774806976826	550	PLAYER AprilFool	EXP	Thieving	8.0
1774806976826	550	PLAYER AprilFool	SET_EXP	Thieving	1440
1774806977403	551	BOT Matoya	FAILED	go_to_bank	Stuck	0	BotWalkTo
1774806977403	551	BOT SkidMark	FAILED	go_to_varrock_south_east_mine	Stuck	0	BotWalkTo
1774806977403	551	BOT SpeedHack99	FAILED	go_to_varrock_south_east_mine	Stuck	0	BotWalkTo
1774806977417	551	PLAYER PrairieP	KILLED	NPC chicken:10309	TILE 3228,3300,0
1774806977417	551	NPC chicken:10309	DROPPED	ITEM feather:5	ITEM bones:1	ITEM raw_chicken:1
1774806977429	551	PLAYER zedders	EXP	Attack	3.6
1774806977429	551	PLAYER zedders	SET_EXP	Attack	1392
1774806977429	551	PLAYER zedders	EXP	Constitution	1.2
1774806977429	551	PLAYER zedders	SET_EXP	Constitution	12004
1774806977430	551	PLAYER Starmie	EXP	Strength	6.0
1774806977430	551	PLAYER Starmie	SET_EXP	Strength	9048
1774806977430	551	PLAYER Starmie	EXP	Constitution	2.0
1774806977430	551	PLAYER Starmie	SET_EXP	Constitution	14556
1774806977431	551	PLAYER Astra	EXP	Ranged	4.0
1774806977431	551	PLAYER Astra	SET_EXP	Ranged	2664
1774806977432	551	PLAYER Bob	EXP	Mining	17.5
1774806977432	551	PLAYER Bob	TOTAL_LEVEL_UP	7
1774806977432	551	PLAYER Bob	LEVEL_UP	Mining	8
1774806977432	551	PLAYER Bob	SET_EXP	Mining	8400
1774806977433	551	PLAYER SacredProf	EXP	Defence	0.4
1774806977433	551	PLAYER SacredProf	SET_EXP	Defence	7920
1774806977433	551	PLAYER SacredProf	EXP	Constitution	0.13333333333333333
1774806977433	551	PLAYER SacredProf	SET_EXP	Constitution	14180
1774806977434	551	PLAYER Hanbo Short	EXP	Woodcutting	25.0
1774806977434	551	PLAYER Hanbo Short	TOTAL_LEVEL_UP	17
1774806977434	551	PLAYER Hanbo Short	LEVEL_UP	Woodcutting	18
1774806977434	551	PLAYER Hanbo Short	SET_EXP	Woodcutting	36000
1774806977435	551	PLAYER Zapdos	EXP	Defence	3.6
1774806977435	551	PLAYER Zapdos	TOTAL_LEVEL_UP	7
1774806977435	551	PLAYER Zapdos	LEVEL_UP	Defence	7
1774806977435	551	PLAYER Zapdos	SET_EXP	Defence	6696
1774806977435	551	PLAYER Zapdos	EXP	Constitution	1.2
1774806977435	551	PLAYER Zapdos	SET_EXP	Constitution	13772
1774806978025	552	PLAYER SparrowS	EXP	Fishing	10.0
1774806978025	552	PLAYER SparrowS	TOTAL_LEVEL_UP	10
1774806978025	552	PLAYER SparrowS	TASK_COMPLETED	on_the_level_task
1774806978026	552	PLAYER SparrowS	LEVEL_UP	Fishing	11
1774806978026	552	PLAYER SparrowS	SET_EXP	Fishing	13800
1774806978027	552	PLAYER HeadHunter	EXP	Attack	3.6
1774806978027	552	PLAYER HeadHunter	SET_EXP	Attack	7464
1774806978027	552	PLAYER HeadHunter	EXP	Constitution	1.2
1774806978027	552	PLAYER HeadHunter	SET_EXP	Constitution	14028
1774806978604	553	BOT Matoya	START_ACTIVITY	go_to_bank
1774806978604	553	BOT SkidMark	START_ACTIVITY	go_to_varrock_south_east_mine
1774806978604	553	BOT SpeedHack99	START_ACTIVITY	go_to_varrock_south_east_mine
1774806978604	553	BOT ProPunch	FAILED	go_to_varrock_south_east_mine	Stuck	0	BotWalkTo
1774806978605	553	BOT Astra	COMPLETED	ranged_tutor
1774806979205	554	BOT Astra	ASSIGNED	ranged_tutor
1774806979227	554	PLAYER YutytyrannY	EXP	Fishing	10.0
1774806979227	554	PLAYER YutytyrannY	SET_EXP	Fishing	7800
1774806979228	554	PLAYER Gunslinger	EXP	Mining	17.5
1774806979228	554	PLAYER Gunslinger	TOTAL_LEVEL_UP	11
1774806979228	554	PLAYER Gunslinger	LEVEL_UP	Mining	12
1774806979228	554	PLAYER Gunslinger	SET_EXP	Mining	16800
1774806979229	554	PLAYER AprilFool	EXP	Thieving	8.0
1774806979229	554	PLAYER AprilFool	TOTAL_LEVEL_UP	7
1774806979229	554	PLAYER AprilFool	LEVEL_UP	Thieving	3
1774806979229	554	PLAYER AprilFool	SET_EXP	Thieving	1920
1774806979806	555	BOT ProPunch	START_ACTIVITY	go_to_varrock_south_east_mine
1774806979830	555	PLAYER FakeTruth	EXP	Mining	5.0
1774806979830	555	PLAYER FakeTruth	TASK_COMPLETED	hack_and_smash_task
1774806979830	555	PLAYER FakeTruth	TOTAL_LEVEL_UP	4
1774806979830	555	PLAYER FakeTruth	LEVEL_UP	Mining	5
1774806979830	555	PLAYER FakeTruth	SET_EXP	Mining	3900
1774806979830	555	PLAYER zedders	EXP	Attack	5.2
1774806979831	555	PLAYER zedders	SET_EXP	Attack	1704
1774806979831	555	PLAYER zedders	EXP	Constitution	1.7333333333333334
1774806979831	555	PLAYER zedders	SET_EXP	Constitution	12108
1774806979832	555	PLAYER Starmie	EXP	Strength	4.0
1774806979832	555	PLAYER Starmie	SET_EXP	Strength	9288
1774806979832	555	PLAYER Starmie	EXP	Constitution	1.3333333333333333
1774806979832	555	PLAYER Starmie	SET_EXP	Constitution	14636
1774806979833	555	PLAYER StyracoS	EXP	Thieving	8.0
1774806979833	555	PLAYER StyracoS	SET_EXP	Thieving	5760
1774806980406	556	BOT Matoya	FAILED	go_to_bank	Stuck	0	BotWalkTo
1774806980406	556	BOT SkidMark	FAILED	go_to_varrock_south_east_mine	Stuck	0	BotWalkTo
1774806980406	556	BOT SpeedHack99	FAILED	go_to_varrock_south_east_mine	Stuck	0	BotWalkTo
1774806980406	556	BOT Halp	COMPLETED	go_to_lumbridge_combat_tutors
1774806980406	556	BOT Astra	FAILED	ranged_tutor	Requirement(BotEquipmentSetup(items={Ammo=BotItem(ids=[training_arrows], min=10, max=null, usable=false, equippable=false), Weapon=BotItem(ids=[training_bow], min=1, max=null, usable=false, equippable=false)}))	0	BotInterfaceOption
1774806980428	556	PLAYER SundayFun	EXP	Woodcutting	25.0
1774806980428	556	PLAYER SundayFun	SET_EXP	Woodcutting	37500
1774806980429	556	PLAYER CamelCarl	EXP	Mining	17.5
1774806980429	556	PLAYER CamelCarl	TOTAL_LEVEL_UP	14
1774806980429	556	PLAYER CamelCarl	LEVEL_UP	Mining	3
1774806980429	556	PLAYER CamelCarl	SET_EXP	Mining	2100
1774806980430	556	PLAYER HeadHunter	EXP	Attack	3.2
1774806980430	556	PLAYER HeadHunter	SET_EXP	Attack	7656
1774806980431	556	PLAYER HeadHunter	EXP	Constitution	1.0666666666666667
1774806980431	556	PLAYER HeadHunter	SET_EXP	Constitution	14092
1774806981007	557	BOT Astra	ASSIGNED	varrock_tin_mining
1774806981021	557	PLAYER SacredProf	KILLED	NPC chicken_brown:10360	TILE 3233,3299,0
1774806981021	557	NPC chicken_brown:10360	DROPPED	ITEM feather:15	ITEM bones:1	ITEM raw_chicken:1
1774806981032	557	PLAYER Ember	EXP	Mining	5.0
1774806981032	557	PLAYER Ember	SET_EXP	Mining	6000
1774806981033	557	PLAYER AlosaurAce	EXP	Mining	17.5
1774806981033	557	PLAYER AlosaurAce	TOTAL_LEVEL_UP	7
1774806981033	557	PLAYER AlosaurAce	LEVEL_UP	Mining	8
1774806981033	557	PLAYER AlosaurAce	SET_EXP	Mining	8400
1774806981608	558	BOT Matoya	START_ACTIVITY	go_to_bank
1774806981608	558	BOT SkidMark	START_ACTIVITY	go_to_varrock_south_east_mine
1774806981608	558	BOT SpeedHack99	START_ACTIVITY	go_to_varrock_south_east_mine
1774806981608	558	BOT ProPunch	FAILED	go_to_varrock_south_east_mine	Stuck	0	BotWalkTo
1774806981608	558	BOT Halp	COMPLETED	go_to_area
1774806981608	558	BOT Astra	START_RESOLVER	withdraw_from_bank	varrock_tin_mining
1774806981630	558	PLAYER AprilFool	EXP	Thieving	8.0
1774806981630	558	PLAYER AprilFool	SET_EXP	Thieving	2400
1774806982208	559	BOT Halp	START_ACTIVITY	magic_tutor
1774806982208	559	BOT Astra	START_ACTIVITY	withdraw_from_bank
1774806982233	559	PLAYER DeepDan	EXP	Woodcutting	25.0
1774806982233	559	PLAYER DeepDan	SET_EXP	Woodcutting	39000
1774806982234	559	PLAYER Starmie	EXP	Strength	1.2
1774806982234	559	PLAYER Starmie	SET_EXP	Strength	9360
1774806982236	559	PLAYER Starmie	EXP	Constitution	0.4
1774806982236	559	PLAYER Starmie	SET_EXP	Constitution	14660
1774806982236	559	PLAYER StyracoS	EXP	Thieving	8.0
1774806982236	559	PLAYER StyracoS	SET_EXP	Thieving	6240
1774806982237	559	PLAYER FuturePast	TELED	TILE 3205,3209,1
1774806982237	559	PLAYER SacredProf	EXP	Defence	3.6
1774806982237	559	PLAYER SacredProf	TOTAL_LEVEL_UP	8
1774806982237	559	PLAYER SacredProf	LEVEL_UP	Defence	8
1774806982237	559	PLAYER SacredProf	SET_EXP	Defence	8136
1774806982237	559	PLAYER SacredProf	EXP	Constitution	1.2
1774806982237	559	PLAYER SacredProf	SET_EXP	Constitution	14252
1774806982238	559	PLAYER PrairieP	TOOK	FLOOR_ITEM feather:5	TILE 3228,3300,0
1774806982238	559	PLAYER Ril	EXP	Mining	17.5
1774806982238	559	PLAYER Ril	TOTAL_LEVEL_UP	13
1774806982238	559	PLAYER Ril	LEVEL_UP	Mining	2
1774806982238	559	PLAYER Ril	SET_EXP	Mining	1050
1774806982238	559	PLAYER Ril	TASK_COMPLETED	heavy_metal_task
1774806982239	559	PLAYER UnknownX	EXP	Mining	17.5
1774806982239	559	PLAYER UnknownX	TOTAL_LEVEL_UP	7
1774806982239	559	PLAYER UnknownX	LEVEL_UP	Mining	8
1774806982239	559	PLAYER UnknownX	SET_EXP	Mining	8400
1774806982239	559	PLAYER Hanbo Short	EXP	Woodcutting	25.0
1774806982239	559	PLAYER Hanbo Short	SET_EXP	Woodcutting	37500
1774806982240	559	PLAYER Zapdos	EXP	Defence	3.2
1774806982240	559	PLAYER Zapdos	SET_EXP	Defence	6888
1774806982240	559	PLAYER Zapdos	EXP	Constitution	1.0666666666666667
1774806982240	559	PLAYER Zapdos	SET_EXP	Constitution	13836
1774806982810	560	BOT ProPunch	START_ACTIVITY	go_to_varrock_south_east_mine
1774806982834	560	PLAYER PrairieP	TOOK	FLOOR_ITEM bones:1	TILE 3228,3300,0
1774806982834	560	PLAYER Lash	EXP	Mining	17.5
1774806982834	560	PLAYER Lash	SET_EXP	Mining	9450
1774806982834	560	PLAYER HeadHunter	EXP	Attack	2.8
1774806982834	560	PLAYER HeadHunter	SET_EXP	Attack	7824
1774806982835	560	PLAYER HeadHunter	EXP	Constitution	0.9333333333333333
1774806982835	560	PLAYER HeadHunter	SET_EXP	Constitution	14148
1774806983410	561	BOT Matoya	FAILED	go_to_bank	Stuck	0	BotWalkTo
1774806983410	561	BOT SkidMark	FAILED	go_to_varrock_south_east_mine	Stuck	0	BotWalkTo
1774806983410	561	BOT SpeedHack99	FAILED	go_to_varrock_south_east_mine	Stuck	0	BotWalkTo
1774806983410	561	BOT Astra	START_ACTIVITY	go_to_bank
1774806983436	561	PLAYER PrairieP	TOOK	FLOOR_ITEM raw_chicken:1	TILE 3228,3300,0
1774806983436	561	PLAYER DownUp99	EXP	Mining	17.5
1774806983436	561	PLAYER DownUp99	TOTAL_LEVEL_UP	7
1774806983436	561	PLAYER DownUp99	LEVEL_UP	Mining	8
1774806983436	561	PLAYER DownUp99	SET_EXP	Mining	8400
1774806983436	561	PLAYER Waves	EXP	Magic	8.5
1774806983437	561	PLAYER Waves	SET_EXP	Magic	4800
1774806983437	561	PLAYER Waves	EXP	Constitution	2.0
1774806983437	561	PLAYER Waves	SET_EXP	Constitution	12540
1774806984033	562	PLAYER Dwarf Mine	EXP	Mining	17.5
1774806984033	562	PLAYER Dwarf Mine	TOTAL_LEVEL_UP	2
1774806984033	562	PLAYER Dwarf Mine	LEVEL_UP	Mining	3
1774806984034	562	PLAYER Dwarf Mine	SET_EXP	Mining	2100
1774806984035	562	PLAYER Halp	TASK_COMPLETED	death_from_above_task
1774806984036	562	PLAYER AprilFool	EXP	Thieving	8.0
1774806984036	562	PLAYER AprilFool	TOTAL_LEVEL_UP	8
1774806984036	562	PLAYER AprilFool	LEVEL_UP	Thieving	4
1774806984036	562	PLAYER AprilFool	SET_EXP	Thieving	2880
1774806984612	563	BOT Matoya	START_ACTIVITY	go_to_bank
1774806984612	563	BOT SkidMark	START_ACTIVITY	go_to_varrock_south_east_mine
1774806984612	563	BOT SpeedHack99	START_ACTIVITY	go_to_varrock_south_east_mine
1774806984612	563	BOT ProPunch	FAILED	go_to_varrock_south_east_mine	Stuck	0	BotWalkTo
1774806984636	563	PLAYER FuturePast	TELED	TILE 3205,3209,2
1774806984637	563	PLAYER SacredProf	EXP	Defence	4.8
1774806984637	563	PLAYER SacredProf	SET_EXP	Defence	8424
1774806984637	563	PLAYER SacredProf	EXP	Constitution	1.6
1774806984637	563	PLAYER SacredProf	SET_EXP	Constitution	14348
1774806984638	563	PLAYER Zapdos	EXP	Defence	2.4
1774806984638	563	PLAYER Zapdos	SET_EXP	Defence	7032
1774806984638	563	PLAYER Zapdos	EXP	Constitution	0.8
1774806984638	563	PLAYER Zapdos	SET_EXP	Constitution	13884
1774806985235	564	PLAYER FakeTruth	EXP	Mining	5.0
1774806985235	564	PLAYER FakeTruth	SET_EXP	Mining	4200
1774806985236	564	PLAYER Starmie	TOOK	FLOOR_ITEM bones:1	TILE 3232,3298,0
1774806985236	564	PLAYER HeadHunter	EXP	Attack	1.6
1774806985236	564	PLAYER HeadHunter	SET_EXP	Attack	7920
1774806985236	564	PLAYER HeadHunter	EXP	Constitution	0.5333333333333333
1774806985236	564	PLAYER HeadHunter	SET_EXP	Constitution	14180
1774806985813	565	BOT ProPunch	START_ACTIVITY	go_to_varrock_south_east_mine
1774806985813	565	BOT Farmer Plow	COMPLETED	go_to_bank
1774806985827	565	PLAYER Starmie	KILLED	NPC chicken_brown:10358	TILE 3227,3296,0
1774806985827	565	NPC chicken_brown:10358	DROPPED	ITEM feather:5	ITEM bones:1	ITEM raw_chicken:1
1774806985838	565	PLAYER zedders	EXP	Attack	0.8
1774806985838	565	PLAYER zedders	TOTAL_LEVEL_UP	2
1774806985838	565	PLAYER zedders	LEVEL_UP	Attack	3
1774806985838	565	PLAYER zedders	SET_EXP	Attack	1752
1774806985839	565	PLAYER zedders	EXP	Constitution	0.26666666666666666
1774806985839	565	PLAYER zedders	SET_EXP	Constitution	12124
1774806985839	565	PLAYER Starmie	TOOK	FLOOR_ITEM raw_chicken:1	TILE 3232,3298,0
1774806986414	566	BOT Matoya	FAILED	go_to_bank	Stuck	0	BotWalkTo
1774806986414	566	BOT SkidMark	FAILED	go_to_varrock_south_east_mine	Stuck	0	BotWalkTo
1774806986414	566	BOT SpeedHack99	FAILED	go_to_varrock_south_east_mine	Stuck	0	BotWalkTo
1774806986436	566	PLAYER Waves	EXP	Magic	6.5
1774806986436	566	PLAYER Waves	TOTAL_LEVEL_UP	7
1774806986436	566	PLAYER Waves	LEVEL_UP	Magic	6
1774806986436	566	PLAYER Waves	SET_EXP	Magic	5190
1774806986437	566	PLAYER Waves	EXP	Constitution	0.6666666666666666
1774806986437	566	PLAYER Waves	SET_EXP	Constitution	12580
1774806986438	566	PLAYER AprilFool	EXP	Thieving	8.0
1774806986438	566	PLAYER AprilFool	SET_EXP	Thieving	3360
1774806987039	567	PLAYER Cloud	EXP	Fishing	10.0
1774806987039	567	PLAYER Cloud	TOTAL_LEVEL_UP	9
1774806987039	567	PLAYER Cloud	LEVEL_UP	Fishing	10
1774806987039	567	PLAYER Cloud	SET_EXP	Fishing	12000
1774806987040	567	PLAYER SacredProf	EXP	Defence	1.6
1774806987040	567	PLAYER SacredProf	SET_EXP	Defence	8520
1774806987040	567	PLAYER SacredProf	EXP	Constitution	0.5333333333333333
1774806987040	567	PLAYER SacredProf	SET_EXP	Constitution	14380
1774806987041	567	PLAYER FullStackF	EXP	Fishing	10.0
1774806987041	567	PLAYER FullStackF	SET_EXP	Fishing	4800
1774806987041	567	PLAYER Zapdos	EXP	Defence	2.8
1774806987041	567	PLAYER Zapdos	SET_EXP	Defence	7200
1774806987042	567	PLAYER Zapdos	EXP	Constitution	0.9333333333333333
1774806987042	567	PLAYER Zapdos	SET_EXP	Constitution	13940
1774806987616	568	BOT Matoya	START_ACTIVITY	go_to_bank
1774806987616	568	BOT SkidMark	START_ACTIVITY	go_to_varrock_south_east_mine
1774806987616	568	BOT SpeedHack99	START_ACTIVITY	go_to_varrock_south_east_mine
1774806987616	568	BOT ProPunch	FAILED	go_to_varrock_south_east_mine	Stuck	0	BotWalkTo
1774806987638	568	PLAYER SilentScrem	EXP	Mining	17.5
1774806987639	568	PLAYER SilentScrem	TOTAL_LEVEL_UP	12
1774806987639	568	PLAYER SilentScrem	LEVEL_UP	Mining	7
1774806987639	568	PLAYER SilentScrem	SET_EXP	Mining	7350
1774806987639	568	PLAYER HeadHunter	TOOK	FLOOR_ITEM bones:1	TILE 3226,3295,0
1774806988216	569	BOT FuturePast	COMPLETED	go_to_bank
1774806988242	569	PLAYER Starmie	TOOK	FLOOR_ITEM feather:5	TILE 3233,3293,0
1774806988242	569	PLAYER Bob	EXP	Mining	17.5
1774806988242	569	PLAYER Bob	SET_EXP	Mining	9450
1774806988243	569	PLAYER HeadHunter	TOOK	FLOOR_ITEM raw_chicken:1	TILE 3226,3295,0
1774806988817	570	BOT ProPunch	START_ACTIVITY	go_to_varrock_south_east_mine
1774806988829	570	PLAYER HeadHunter	KILLED	NPC chicken:10310	TILE 3226,3299,0
1774806988829	570	NPC chicken:10310	DROPPED	ITEM feather:5	ITEM bones:1	ITEM raw_chicken:1
1774806988840	570	PLAYER Starmie	TOOK	FLOOR_ITEM bones:1	TILE 3233,3293,0
1774806989418	571	BOT Matoya	FAILED	go_to_bank	Stuck	0	BotWalkTo
1774806989418	571	BOT SkidMark	FAILED	go_to_varrock_south_east_mine	Stuck	0	BotWalkTo
1774806989418	571	BOT SpeedHack99	FAILED	go_to_varrock_south_east_mine	Stuck	0	BotWalkTo
1774806989443	571	PLAYER zedders	EXP	Attack	2.8
1774806989443	571	PLAYER zedders	SET_EXP	Attack	1920
1774806989443	571	PLAYER zedders	EXP	Constitution	0.9333333333333333
1774806989443	571	PLAYER zedders	SET_EXP	Constitution	12180
1774806989444	571	PLAYER Starmie	TOOK	FLOOR_ITEM raw_chicken:1	TILE 3233,3293,0
1774806989445	571	PLAYER SacredProf	EXP	Defence	2.0
1774806989445	571	PLAYER SacredProf	SET_EXP	Defence	8640
1774806989445	571	PLAYER SacredProf	EXP	Constitution	0.6666666666666666
1774806989445	571	PLAYER SacredProf	SET_EXP	Constitution	14420
1774806989445	571	PLAYER DownUp99	EXP	Mining	17.5
1774806989445	571	PLAYER DownUp99	SET_EXP	Mining	9450
1774806989446	571	PLAYER HeadHunter	EXP	Attack	2.0
1774806989446	571	PLAYER HeadHunter	TOTAL_LEVEL_UP	8
1774806989446	571	PLAYER HeadHunter	LEVEL_UP	Attack	8
1774806989447	571	PLAYER HeadHunter	SET_EXP	Attack	8040
1774806989447	571	PLAYER HeadHunter	EXP	Constitution	0.6666666666666666
1774806989447	571	PLAYER HeadHunter	SET_EXP	Constitution	14220
1774806989447	571	PLAYER Zapdos	EXP	Defence	5.2
1774806989447	571	PLAYER Zapdos	SET_EXP	Defence	7512
1774806989448	571	PLAYER Zapdos	EXP	Constitution	1.7333333333333334
1774806989448	571	PLAYER Zapdos	SET_EXP	Constitution	14044
1774806989448	571	PLAYER FireStarter	EXP	Mining	17.5
1774806989448	571	PLAYER FireStarter	TASK_COMPLETED	hack_and_smash_task
1774806989448	571	PLAYER FireStarter	TOTAL_LEVEL_UP	4
1774806989448	571	PLAYER FireStarter	LEVEL_UP	Mining	5
1774806989448	571	PLAYER FireStarter	SET_EXP	Mining	4200
1774806990019	572	BOT Skoll	FAILED	varrock_tin_mining	Timeout	0	BotInteractObject
1774806990041	572	PLAYER Cloud	EXP	Fishing	10.0
1774806990041	572	PLAYER Cloud	SET_EXP	Fishing	12600
1774806990042	572	PLAYER LazyLuke	EXP	Fishing	10.0
1774806990042	572	PLAYER LazyLuke	SET_EXP	Fishing	15000
1774806990043	572	PLAYER Halp	EXP	Magic	8.5
1774806990043	572	PLAYER Halp	SET_EXP	Magic	510
1774806990043	572	PLAYER Halp	EXP	Constitution	2.0
1774806990043	572	PLAYER Halp	SET_EXP	Constitution	11660
1774806990044	572	PLAYER MegalodonM	EXP	Woodcutting	25.0
1774806990044	572	PLAYER MegalodonM	SET_EXP	Woodcutting	37500
1774806990044	572	PLAYER FullStackF	EXP	Fishing	10.0
1774806990044	572	PLAYER FullStackF	TOTAL_LEVEL_UP	5
1774806990044	572	PLAYER FullStackF	LEVEL_UP	Fishing	6
1774806990044	572	PLAYER FullStackF	SET_EXP	Fishing	5400
1774806990045	572	PLAYER Tuga	EXP	Fishing	10.0
1774806990045	572	PLAYER Tuga	SET_EXP	Fishing	11400
1774806990620	573	BOT Matoya	START_ACTIVITY	go_to_bank
1774806990620	573	BOT SkidMark	START_ACTIVITY	go_to_varrock_south_east_mine
1774806990620	573	BOT SpeedHack99	START_ACTIVITY	go_to_varrock_south_east_mine
1774806990620	573	BOT Skoll	ASSIGNED	lumbridge_cow_tree_cutting
1774806990620	573	BOT ProPunch	FAILED	go_to_varrock_south_east_mine	Stuck	0	BotWalkTo
1774806990634	573	PLAYER Zapdos	KILLED	NPC chicken_brown:10359	TILE 3235,3297,0
1774806990635	573	NPC chicken_brown:10359	DROPPED	ITEM feather:15	ITEM bones:1	ITEM raw_chicken:1
1774806990645	573	PLAYER SundayFun	EXP	Woodcutting	25.0
1774806990645	573	PLAYER SundayFun	SET_EXP	Woodcutting	39000
1774806991220	574	BOT Skoll	START_RESOLVER	withdraw_from_bank	lumbridge_cow_tree_cutting
1774806991243	574	PLAYER CamelCarl	EXP	Mining	17.5
1774806991243	574	PLAYER CamelCarl	TOTAL_LEVEL_UP	15
1774806991243	574	PLAYER CamelCarl	LEVEL_UP	Mining	4
1774806991243	574	PLAYER CamelCarl	SET_EXP	Mining	3150
1774806991244	574	PLAYER Ember	EXP	Mining	5.0
1774806991244	574	PLAYER Ember	SET_EXP	Mining	6300
1774806991820	575	BOT Skoll	START_ACTIVITY	withdraw_from_bank
1774806991821	575	BOT ProPunch	START_ACTIVITY	go_to_varrock_south_east_mine
1774806991846	575	PLAYER HeadHunter	EXP	Attack	1.2
1774806991846	575	PLAYER HeadHunter	SET_EXP	Attack	8112
1774806991846	575	PLAYER HeadHunter	EXP	Constitution	0.4
1774806991846	575	PLAYER HeadHunter	SET_EXP	Constitution	14244
1774806991847	575	PLAYER Zapdos	EXP	Defence	5.6
1774806991847	575	PLAYER Zapdos	SET_EXP	Defence	7848
1774806991847	575	PLAYER Zapdos	EXP	Constitution	1.8666666666666667
1774806991847	575	PLAYER Zapdos	SET_EXP	Constitution	14156
1774806992421	576	BOT Matoya	FAILED	go_to_bank	Stuck	0	BotWalkTo
1774806992421	576	BOT SkidMark	FAILED	go_to_varrock_south_east_mine	Stuck	0	BotWalkTo
1774806992421	576	BOT SpeedHack99	FAILED	go_to_varrock_south_east_mine	Stuck	0	BotWalkTo
1774806992444	576	PLAYER Starmie	TOOK	FLOOR_ITEM feather:5	TILE 3227,3296,0
1774806992445	576	PLAYER Waves	EXP	Magic	7.5
1774806992445	576	PLAYER Waves	SET_EXP	Magic	5640
1774806992445	576	PLAYER Waves	EXP	Constitution	1.3333333333333333
1774806992445	576	PLAYER Waves	SET_EXP	Constitution	12660
1774806993037	577	PLAYER SacredProf	KILLED	NPC chicken:10311	TILE 3237,3299,0
1774806993037	577	NPC chicken:10311	DROPPED	ITEM feather:5	ITEM bones:1	ITEM raw_chicken:1
1774806993047	577	PLAYER Starmie	TOOK	FLOOR_ITEM bones:1	TILE 3227,3296,0
1774806993048	577	PLAYER StyracoS	EXP	Thieving	8.0
1774806993048	577	PLAYER StyracoS	TOTAL_LEVEL_UP	16
1774806993048	577	PLAYER StyracoS	LEVEL_UP	Thieving	7
1774806993048	577	PLAYER StyracoS	SET_EXP	Thieving	6720
1774806993048	577	PLAYER LazyLuke	EXP	Fishing	10.0
1774806993048	577	PLAYER LazyLuke	SET_EXP	Fishing	15600
1774806993049	577	PLAYER SacredProf	TOOK	FLOOR_ITEM feather:15	TILE 3233,3299,0
1774806993049	577	PLAYER Ril	EXP	Mining	17.5
1774806993049	577	PLAYER Ril	TOTAL_LEVEL_UP	14
1774806993049	577	PLAYER Ril	LEVEL_UP	Mining	3
1774806993049	577	PLAYER Ril	SET_EXP	Mining	2100
1774806993050	577	PLAYER Halp	EXP	Magic	6.1
1774806993050	577	PLAYER Halp	TOTAL_LEVEL_UP	4
1774806993050	577	PLAYER Halp	LEVEL_UP	Magic	2
1774806993050	577	PLAYER Halp	SET_EXP	Magic	876
1774806993050	577	PLAYER Halp	EXP	Constitution	0.4
1774806993050	577	PLAYER Halp	SET_EXP	Constitution	11684
1774806993050	577	PLAYER Lash	EXP	Mining	17.5
1774806993050	577	PLAYER Lash	TOTAL_LEVEL_UP	8
1774806993050	577	PLAYER Lash	LEVEL_UP	Mining	9
1774806993051	577	PLAYER Lash	SET_EXP	Mining	10500
1774806993622	578	BOT Matoya	START_ACTIVITY	go_to_bank
1774806993623	578	BOT SkidMark	START_ACTIVITY	go_to_varrock_south_east_mine
1774806993623	578	BOT SpeedHack99	START_ACTIVITY	go_to_varrock_south_east_mine
1774806993623	578	BOT ProPunch	FAILED	go_to_varrock_south_east_mine	Stuck	0	BotWalkTo
1774806993623	578	BOT Farmer Plow	COMPLETED	withdraw_from_bank
1774806993645	578	PLAYER Starmie	TOOK	FLOOR_ITEM raw_chicken:1	TILE 3227,3296,0
1774806993645	578	PLAYER Blueberry	EXP	Strength	6.0
1774806993645	578	PLAYER Blueberry	SET_EXP	Strength	10896
1774806993645	578	PLAYER Blueberry	EXP	Constitution	2.0
1774806993645	578	PLAYER Blueberry	SET_EXP	Constitution	15172
1774806993647	578	PLAYER SacredProf	TOOK	FLOOR_ITEM bones:1	TILE 3233,3299,0
1774806994224	579	BOT Farmer Plow	START_RESOLVER	go_to_area	lumbridge_tin_mining
1774806994249	579	PLAYER zedders	EXP	Attack	4.0
1774806994249	579	PLAYER zedders	SET_EXP	Attack	2160
1774806994249	579	PLAYER zedders	EXP	Constitution	1.3333333333333333
1774806994249	579	PLAYER zedders	SET_EXP	Constitution	12260
1774806994250	579	PLAYER Gunslinger	EXP	Mining	17.5
1774806994250	579	PLAYER Gunslinger	SET_EXP	Mining	17850
1774806994251	579	PLAYER SacredProf	TOOK	FLOOR_ITEM raw_chicken:1	TILE 3233,3299,0
1774806994251	579	PLAYER Hanbo Short	EXP	Woodcutting	25.0
1774806994251	579	PLAYER Hanbo Short	SET_EXP	Woodcutting	39000
1774806994251	579	PLAYER HeadHunter	EXP	Attack	0.8
1774806994251	579	PLAYER HeadHunter	SET_EXP	Attack	8160
1774806994252	579	PLAYER HeadHunter	EXP	Constitution	0.26666666666666666
1774806994252	579	PLAYER HeadHunter	SET_EXP	Constitution	14260
1774806994252	579	PLAYER Zapdos	EXP	Defence	1.2
1774806994252	579	PLAYER Zapdos	SET_EXP	Defence	7920
1774806994252	579	PLAYER Zapdos	EXP	Constitution	0.4
1774806994252	579	PLAYER Zapdos	SET_EXP	Constitution	14180
1774806994825	580	BOT ProPunch	START_ACTIVITY	go_to_varrock_south_east_mine
1774806994825	580	BOT Farmer Plow	START_ACTIVITY	go_to_area
1774806994847	580	PLAYER Starmie	EXP	Strength	1.2
1774806994847	580	PLAYER Starmie	SET_EXP	Strength	9432
1774806994847	580	PLAYER Starmie	EXP	Constitution	0.4
1774806994847	580	PLAYER Starmie	SET_EXP	Constitution	14684
1774806994848	580	PLAYER LaunchDay	EXP	Fishing	10.0
1774806994848	580	PLAYER LaunchDay	TOTAL_LEVEL_UP	2
1774806994848	580	PLAYER LaunchDay	LEVEL_UP	Fishing	3
1774806994848	580	PLAYER LaunchDay	SET_EXP	Fishing	1800
1774806994849	580	PLAYER FireStarter	EXP	Mining	17.5
1774806994849	580	PLAYER FireStarter	TOTAL_LEVEL_UP	5
1774806994849	580	PLAYER FireStarter	LEVEL_UP	Mining	6
1774806994850	580	PLAYER FireStarter	SET_EXP	Mining	5250
1774806995425	581	BOT Matoya	FAILED	go_to_bank	Stuck	0	BotWalkTo
1774806995426	581	BOT SkidMark	FAILED	go_to_varrock_south_east_mine	Stuck	0	BotWalkTo
1774806995426	581	BOT SpeedHack99	FAILED	go_to_varrock_south_east_mine	Stuck	0	BotWalkTo
1774806995451	581	PLAYER StyracoS	EXP	Thieving	8.0
1774806995451	581	PLAYER StyracoS	SET_EXP	Thieving	7200
1774806995451	581	PLAYER SacredProf	EXP	Defence	0.4
1774806995451	581	PLAYER SacredProf	SET_EXP	Defence	8664
1774806995452	581	PLAYER SacredProf	EXP	Constitution	0.13333333333333333
1774806995452	581	PLAYER SacredProf	SET_EXP	Constitution	14428
1774806995453	581	PLAYER Waves	EXP	Magic	6.7
1774806995453	581	PLAYER Waves	SET_EXP	Magic	6042
1774806995453	581	PLAYER Waves	EXP	Constitution	0.8
1774806995453	581	PLAYER Waves	SET_EXP	Constitution	12708
1774806996026	582	BOT Farmer Plow	START_ACTIVITY	teleport_lumbridge
1774806996049	582	PLAYER Halp	EXP	Magic	9.5
1774806996049	582	PLAYER Halp	SET_EXP	Magic	1446
1774806996050	582	PLAYER Halp	EXP	Constitution	2.6666666666666665
1774806996050	582	PLAYER Halp	SET_EXP	Constitution	11844
1774806996050	582	PLAYER Tuga	EXP	Fishing	10.0
1774806996050	582	PLAYER Tuga	TOTAL_LEVEL_UP	9
1774806996050	582	PLAYER Tuga	LEVEL_UP	Fishing	10
1774806996050	582	PLAYER Tuga	SET_EXP	Fishing	12000
1774806996627	583	BOT Matoya	START_ACTIVITY	go_to_bank
1774806996627	583	BOT SkidMark	START_ACTIVITY	go_to_varrock_south_east_mine
1774806996628	583	BOT SpeedHack99	START_ACTIVITY	go_to_varrock_south_east_mine
1774806996628	583	BOT ProPunch	FAILED	go_to_varrock_south_east_mine	Stuck	0	BotWalkTo
1774806996628	583	BOT FuturePast	COMPLETED	withdraw_from_bank
1774806996653	583	PLAYER Ice	EXP	Woodcutting	25.0
1774806996653	583	PLAYER Ice	SET_EXP	Woodcutting	37500
1774806996654	583	PLAYER HeadHunter	EXP	Attack	4.0
1774806996654	583	PLAYER HeadHunter	SET_EXP	Attack	8400
1774806996654	583	PLAYER HeadHunter	EXP	Constitution	1.3333333333333333
1774806996654	583	PLAYER HeadHunter	SET_EXP	Constitution	14340
1774806997229	584	BOT FuturePast	START_RESOLVER	go_to_area	lumbridge_tin_mining
1774806997251	584	PLAYER CamelCarl	EXP	Mining	17.5
1774806997251	584	PLAYER CamelCarl	TASK_COMPLETED	hack_and_smash_task
1774806997251	584	PLAYER CamelCarl	TOTAL_LEVEL_UP	16
1774806997251	584	PLAYER CamelCarl	LEVEL_UP	Mining	5
1774806997251	584	PLAYER CamelCarl	SET_EXP	Mining	4200
1774806997252	584	PLAYER YutytyrannY	EXP	Fishing	10.0
1774806997252	584	PLAYER YutytyrannY	TOTAL_LEVEL_UP	7
1774806997252	584	PLAYER YutytyrannY	LEVEL_UP	Fishing	8
1774806997252	584	PLAYER YutytyrannY	SET_EXP	Fishing	8400
1774806997252	584	PLAYER Starmie	EXP	Strength	0.4
1774806997252	584	PLAYER Starmie	SET_EXP	Strength	9456
1774806997253	584	PLAYER Starmie	EXP	Constitution	0.13333333333333333
1774806997253	584	PLAYER Starmie	SET_EXP	Constitution	14692
1774806997253	584	PLAYER Skoll	EXP	Mining	17.5
1774806997253	584	PLAYER Skoll	SET_EXP	Mining	9450
1774806997829	585	BOT ProPunch	START_ACTIVITY	go_to_varrock_south_east_mine
1774806997830	585	BOT FuturePast	START_ACTIVITY	go_to_area
1774806997843	585	PLAYER zedders	KILLED	NPC imp:10141	TILE 3223,3206,0
1774806997843	585	NPC imp:10141	DROPPED	ITEM pot_of_flour:1	ITEM ashes:1
1774806997844	585	PLAYER Zapdos	KILLED	NPC chicken:10308	TILE 3231,3300,0
1774806997844	585	NPC chicken:10308	DROPPED	ITEM feather:15	ITEM bones:1	ITEM raw_chicken:1
1774806997856	585	PLAYER SacredProf	EXP	Defence	2.0
1774806997856	585	PLAYER SacredProf	SET_EXP	Defence	8784
1774806997856	585	PLAYER SacredProf	EXP	Constitution	0.6666666666666666
1774806997856	585	PLAYER SacredProf	SET_EXP	Constitution	14468
1774806997857	585	PLAYER MegalodonM	EXP	Woodcutting	25.0
1774806997857	585	PLAYER MegalodonM	SET_EXP	Woodcutting	39000
1774806997857	585	PLAYER Zapdos	TOOK	FLOOR_ITEM feather:15	TILE 3235,3297,0
1774806998430	586	BOT Matoya	FAILED	go_to_bank	Stuck	0	BotWalkTo
1774806998430	586	BOT SkidMark	FAILED	go_to_varrock_south_east_mine	Stuck	0	BotWalkTo
1774806998430	586	BOT SpeedHack99	FAILED	go_to_varrock_south_east_mine	Stuck	0	BotWalkTo
1774806998430	586	BOT Skoll	START_ACTIVITY	go_to_bank
1774806998453	586	PLAYER Waves	EXP	Magic	5.7
1774806998453	586	PLAYER Waves	SET_EXP	Magic	6384
1774806998453	586	PLAYER Waves	EXP	Constitution	0.13333333333333333
1774806998453	586	PLAYER Waves	SET_EXP	Constitution	12716
1774806998454	586	PLAYER Zapdos	TOOK	FLOOR_ITEM bones:1	TILE 3235,3297,0
1774806999031	587	BOT FuturePast	START_ACTIVITY	go_to_lumbridge_swamp_east_tin_mine
1774806999056	587	PLAYER Cloud	EXP	Fishing	10.0
1774806999056	587	PLAYER Cloud	SET_EXP	Fishing	13200
1774806999057	587	PLAYER Halp	EXP	Magic	8.7
1774806999057	587	PLAYER Halp	TOTAL_LEVEL_UP	5
1774806999057	587	PLAYER Halp	LEVEL_UP	Magic	3
1774806999057	587	PLAYER Halp	SET_EXP	Magic	1968
1774806999057	587	PLAYER Halp	EXP	Constitution	2.1333333333333333
1774806999057	587	PLAYER Halp	SET_EXP	Constitution	11972
1774806999058	587	PLAYER HeadHunter	EXP	Attack	2.8
1774806999058	587	PLAYER HeadHunter	SET_EXP	Attack	8568
1774806999058	587	PLAYER HeadHunter	EXP	Constitution	0.9333333333333333
1774806999058	587	PLAYER HeadHunter	SET_EXP	Constitution	14396
1774806999058	587	PLAYER Zapdos	TOOK	FLOOR_ITEM raw_chicken:1	TILE 3235,3297,0
1774806999058	587	PLAYER Tuga	EXP	Fishing	10.0
1774806999058	587	PLAYER Tuga	SET_EXP	Fishing	12600
1774806999631	588	BOT Matoya	START_ACTIVITY	go_to_bank
1774806999631	588	BOT SkidMark	START_ACTIVITY	go_to_varrock_south_east_mine
1774806999632	588	BOT SpeedHack99	START_ACTIVITY	go_to_varrock_south_east_mine
1774806999632	588	BOT ProPunch	FAILED	go_to_varrock_south_east_mine	Stuck	0	BotWalkTo
1774806999654	588	PLAYER Starmie	EXP	Strength	8.8
1774806999654	588	PLAYER Starmie	TOTAL_LEVEL_UP	9
1774806999654	588	PLAYER Starmie	LEVEL_UP	Strength	9
1774806999654	588	PLAYER Starmie	SET_EXP	Strength	9984
1774806999654	588	PLAYER Starmie	EXP	Constitution	2.933333333333333
1774806999654	588	PLAYER Starmie	SET_EXP	Constitution	14868
1774806999655	588	PLAYER PrairieP	EXP	Attack	2.8
1774806999655	588	PLAYER PrairieP	SET_EXP	Attack	7368
1774806999656	588	PLAYER PrairieP	EXP	Constitution	0.9333333333333333
1774806999656	588	PLAYER PrairieP	SET_EXP	Constitution	13996
1774807000257	589	PLAYER YutytyrannY	EXP	Fishing	10.0
1774807000257	589	PLAYER YutytyrannY	SET_EXP	Fishing	9000
1774807000258	589	PLAYER BrokenWheel	TELED	TILE 3205,3209,1
1774807000258	589	PLAYER SacredProf	EXP	Defence	0.4
1774807000258	589	PLAYER SacredProf	SET_EXP	Defence	8808
1774807000258	589	PLAYER SacredProf	EXP	Constitution	0.13333333333333333
1774807000258	589	PLAYER SacredProf	SET_EXP	Constitution	14476
1774807000832	590	BOT ProPunch	START_ACTIVITY	go_to_varrock_south_east_mine
1774807000854	590	PLAYER Dwarf Mine	EXP	Mining	17.5
1774807000854	590	PLAYER Dwarf Mine	TOTAL_LEVEL_UP	3
1774807000854	590	PLAYER Dwarf Mine	LEVEL_UP	Mining	4
1774807000855	590	PLAYER Dwarf Mine	SET_EXP	Mining	3150
1774807000855	590	PLAYER DownUp99	EXP	Mining	17.5
1774807000855	590	PLAYER DownUp99	TOTAL_LEVEL_UP	8
1774807000855	590	PLAYER DownUp99	LEVEL_UP	Mining	9
1774807000855	590	PLAYER DownUp99	SET_EXP	Mining	10500
1774807000856	590	PLAYER Hanbo Short	EXP	Woodcutting	25.0
1774807000856	590	PLAYER Hanbo Short	TOTAL_LEVEL_UP	18
1774807000856	590	PLAYER Hanbo Short	LEVEL_UP	Woodcutting	19
1774807000856	590	PLAYER Hanbo Short	SET_EXP	Woodcutting	40500
1774807001433	591	BOT Matoya	FAILED	go_to_bank	Stuck	0	BotWalkTo
1774807001433	591	BOT SkidMark	FAILED	go_to_varrock_south_east_mine	Stuck	0	BotWalkTo
1774807001433	591	BOT SpeedHack99	FAILED	go_to_varrock_south_east_mine	Stuck	0	BotWalkTo
1774807001457	591	PLAYER DeepDan	EXP	Woodcutting	25.0
1774807001457	591	PLAYER DeepDan	TOTAL_LEVEL_UP	18
1774807001457	591	PLAYER DeepDan	LEVEL_UP	Woodcutting	19
1774807001457	591	PLAYER DeepDan	SET_EXP	Woodcutting	40500
1774807001458	591	PLAYER BigOof	EXP	Fishing	10.0
1774807001458	591	PLAYER BigOof	SET_EXP	Fishing	9000
1774807001459	591	PLAYER Ember	EXP	Mining	5.0
1774807001459	591	PLAYER Ember	TOTAL_LEVEL_UP	6
1774807001459	591	PLAYER Ember	LEVEL_UP	Mining	7
1774807001459	591	PLAYER Ember	SET_EXP	Mining	6600
1774807001459	591	PLAYER Waves	EXP	Magic	7.3
1774807001459	591	PLAYER Waves	TOTAL_LEVEL_UP	8
1774807001459	591	PLAYER Waves	LEVEL_UP	Magic	7
1774807001459	591	PLAYER Waves	SET_EXP	Magic	6822
1774807001460	591	PLAYER Waves	EXP	Constitution	1.2
1774807001460	591	PLAYER Waves	SET_EXP	Constitution	12788
1774807001460	591	PLAYER HeadHunter	EXP	Attack	1.2
1774807001460	591	PLAYER HeadHunter	SET_EXP	Attack	8640
1774807001460	591	PLAYER HeadHunter	EXP	Constitution	0.4
1774807001460	591	PLAYER HeadHunter	SET_EXP	Constitution	14420
1774807002034	592	BOT Hanbo Short	COMPLETED	lumbridge_north_tree_cutting
1774807002056	592	PLAYER Starmie	EXP	Strength	1.6
1774807002056	592	PLAYER Starmie	SET_EXP	Strength	10080
1774807002057	592	PLAYER Starmie	EXP	Constitution	0.5333333333333333
1774807002057	592	PLAYER Starmie	SET_EXP	Constitution	14900
1774807002057	592	PLAYER SparrowS	EXP	Fishing	10.0
1774807002057	592	PLAYER SparrowS	SET_EXP	Fishing	14400
1774807002058	592	PLAYER Cloud	EXP	Fishing	10.0
1774807002058	592	PLAYER Cloud	TOTAL_LEVEL_UP	10
1774807002058	592	PLAYER Cloud	TASK_COMPLETED	on_the_level_task
1774807002058	592	PLAYER Cloud	LEVEL_UP	Fishing	11
1774807002058	592	PLAYER Cloud	SET_EXP	Fishing	13800
1774807002059	592	PLAYER RhoRanger	TELED	TILE 3205,3209,1
1774807002059	592	PLAYER PrairieP	EXP	Attack	2.0
1774807002059	592	PLAYER PrairieP	SET_EXP	Attack	7488
1774807002059	592	PLAYER PrairieP	EXP	Constitution	0.6666666666666666
1774807002059	592	PLAYER PrairieP	SET_EXP	Constitution	14036
1774807002060	592	PLAYER Zapdos	TOOK	FLOOR_ITEM feather:15	TILE 3231,3300,0
1774807002635	593	BOT Hanbo Short	ASSIGNED	draynor_east_oak_trees
1774807002635	593	BOT Matoya	START_ACTIVITY	go_to_bank
1774807002635	593	BOT DeepDan	COMPLETED	lumbridge_east_tree_cutting
1774807002635	593	BOT SkidMark	START_ACTIVITY	go_to_varrock_south_east_mine
1774807002635	593	BOT SpeedHack99	START_ACTIVITY	go_to_varrock_south_east_mine
1774807002635	593	BOT ProPunch	FAILED	go_to_varrock_south_east_mine	Stuck	0	BotWalkTo
1774807002660	593	PLAYER BrokenWheel	TELED	TILE 3205,3209,2
1774807002661	593	PLAYER Zapdos	TOOK	FLOOR_ITEM bones:1	TILE 3231,3300,0
1774807003236	594	BOT Hanbo Short	START_RESOLVER	buy_from_shop	draynor_east_oak_trees
1774807003236	594	BOT DeepDan	ASSIGNED	draynor_west_oak_trees
1774807003236	594	BOT ThreatPeace	FAILED	varrock_east_tin_mining	Timeout	0	BotInteractObject
1774807003259	594	PLAYER CamelCarl	EXP	Mining	17.5
1774807003259	594	PLAYER CamelCarl	TOTAL_LEVEL_UP	17
1774807003259	594	PLAYER CamelCarl	LEVEL_UP	Mining	6
1774807003259	594	PLAYER CamelCarl	SET_EXP	Mining	5250
1774807003260	594	PLAYER Blueberry	EXP	Strength	2.8
1774807003260	594	PLAYER Blueberry	SET_EXP	Strength	11064
1774807003261	594	PLAYER Blueberry	EXP	Constitution	0.9333333333333333
1774807003261	594	PLAYER Blueberry	SET_EXP	Constitution	15228
1774807003261	594	PLAYER HeadHunter	TOOK	FLOOR_ITEM feather:5	TILE 3226,3299,0
1774807003261	594	PLAYER AprilFool	EXP	Thieving	8.0
1774807003262	594	PLAYER AprilFool	SET_EXP	Thieving	3840
1774807003262	594	PLAYER Zapdos	TOOK	FLOOR_ITEM raw_chicken:1	TILE 3231,3300,0
1774807003263	594	PLAYER YudonYuri	TELED	TILE 3205,3209,1
1774807003836	595	BOT Hanbo Short	START_RESOLVER	withdraw_from_bank	buy_from_shop
1774807003837	595	BOT DeepDan	START_RESOLVER	buy_from_shop	draynor_west_oak_trees
1774807003837	595	BOT ThreatPeace	ASSIGNED	kill_freds_chickens_strength
1774807003837	595	BOT ProPunch	START_ACTIVITY	go_to_varrock_south_east_mine
1774807003862	595	PLAYER FuturePast	TELED	TILE 3205,3209,1
1774807003862	595	PLAYER HeadHunter	TOOK	FLOOR_ITEM bones:1	TILE 3226,3299,0
1774807003863	595	PLAYER Zapdos	EXP	Defence	1.2
1774807003863	595	PLAYER Zapdos	SET_EXP	Defence	7992
1774807003863	595	PLAYER Zapdos	EXP	Constitution	0.4
1774807003863	595	PLAYER Zapdos	SET_EXP	Constitution	14204
1774807004437	596	BOT Hanbo Short	START_ACTIVITY	withdraw_from_bank
1774807004437	596	BOT Matoya	FAILED	go_to_bank	Stuck	0	BotWalkTo
1774807004437	596	BOT DeepDan	START_RESOLVER	withdraw_from_bank	buy_from_shop
1774807004438	596	BOT ThreatPeace	START_RESOLVER	withdraw_from_bank	kill_freds_chickens_strength
1774807004438	596	BOT SkidMark	FAILED	go_to_varrock_south_east_mine	Stuck	0	BotWalkTo
1774807004438	596	BOT SpeedHack99	FAILED	go_to_varrock_south_east_mine	Stuck	0	BotWalkTo
1774807004460	596	PLAYER RhoRanger	TELED	TILE 3205,3209,2
1774807004460	596	PLAYER PrairieP	EXP	Attack	3.6
1774807004460	596	PLAYER PrairieP	SET_EXP	Attack	7704
1774807004460	596	PLAYER PrairieP	EXP	Constitution	1.2
1774807004460	596	PLAYER PrairieP	SET_EXP	Constitution	14108
1774807004461	596	PLAYER Waves	EXP	Magic	6.5
1774807004461	596	PLAYER Waves	SET_EXP	Magic	7212
1774807004461	596	PLAYER Waves	EXP	Constitution	0.6666666666666666
1774807004461	596	PLAYER Waves	SET_EXP	Constitution	12828
1774807004462	596	PLAYER HeadHunter	TOOK	FLOOR_ITEM raw_chicken:1	TILE 3226,3299,0
1774807005038	597	BOT DeepDan	START_ACTIVITY	withdraw_from_bank
1774807005038	597	BOT ThreatPeace	START_ACTIVITY	withdraw_from_bank
1774807005077	597	PLAYER HeadHunter	KILLED	NPC chicken_brown:10356	TILE 3225,3297,0
1774807005077	597	NPC chicken_brown:10356	DROPPED	ITEM feather:15	ITEM bones:1	ITEM raw_chicken:1
1774807005087	597	PLAYER Starmie	EXP	Strength	6.4
1774807005087	597	PLAYER Starmie	SET_EXP	Strength	10464
1774807005088	597	PLAYER Starmie	EXP	Constitution	2.1333333333333333
1774807005088	597	PLAYER Starmie	SET_EXP	Constitution	15028
1774807005089	597	PLAYER SacredProf	EXP	Defence	3.2
1774807005089	597	PLAYER SacredProf	SET_EXP	Defence	9000
1774807005089	597	PLAYER SacredProf	EXP	Constitution	1.0666666666666667
1774807005089	597	PLAYER SacredProf	SET_EXP	Constitution	14540
1774807005090	597	PLAYER Halp	EXP	Magic	6.7
1774807005090	597	PLAYER Halp	SET_EXP	Magic	2370
1774807005090	597	PLAYER Halp	EXP	Constitution	0.8
1774807005090	597	PLAYER Halp	SET_EXP	Constitution	12020
1774807005639	598	BOT Hanbo Short	START_ACTIVITY	go_to_bank
1774807005639	598	BOT Matoya	START_ACTIVITY	go_to_bank
1774807005639	598	BOT SkidMark	START_ACTIVITY	go_to_varrock_south_east_mine
1774807005639	598	BOT SpeedHack99	START_ACTIVITY	go_to_varrock_south_east_mine
1774807005639	598	BOT ProPunch	FAILED	go_to_varrock_south_east_mine	Stuck	0	BotWalkTo
1774807005651	598	PLAYER Starmie	KILLED	NPC chicken:10309	TILE 3230,3299,0
1774807005651	598	NPC chicken:10309	DROPPED	ITEM feather:15	ITEM bones:1	ITEM raw_chicken:1
1774807005662	598	PLAYER MegalodonM	EXP	Woodcutting	25.0
1774807005662	598	PLAYER MegalodonM	TOTAL_LEVEL_UP	18
1774807005662	598	PLAYER MegalodonM	LEVEL_UP	Woodcutting	19
1774807005662	598	PLAYER MegalodonM	SET_EXP	Woodcutting	40500
1774807005663	598	PLAYER AprilFool	EXP	Thieving	8.0
1774807005663	598	PLAYER AprilFool	TOTAL_LEVEL_UP	9
1774807005663	598	PLAYER AprilFool	LEVEL_UP	Thieving	5
1774807005663	598	PLAYER AprilFool	SET_EXP	Thieving	4320
1774807005663	598	PLAYER YudonYuri	TELED	TILE 3205,3209,2
1774807006240	599	BOT DeepDan	START_ACTIVITY	go_to_bank
1774807006241	599	BOT ThreatPeace	START_ACTIVITY	go_to_bank
1774807006241	599	BOT GuppyGary	FAILED	lumbridge_copper_mining	Timeout	0	BotInteractObject
1774807006241	599	BOT BrokenWheel	COMPLETED	go_to_bank
1774807006265	599	PLAYER YutytyrannY	EXP	Fishing	10.0
1774807006265	599	PLAYER YutytyrannY	SET_EXP	Fishing	9600
1774807006267	599	PLAYER FuturePast	TELED	TILE 3205,3209,0
1774807006267	599	PLAYER DownUp99	EXP	Mining	17.5
1774807006267	599	PLAYER DownUp99	TOTAL_LEVEL_UP	9
1774807006267	599	PLAYER DownUp99	LEVEL_UP	Mining	10
1774807006267	599	PLAYER DownUp99	SET_EXP	Mining	11550
1774807006267	599	PLAYER Zapdos	EXP	Defence	3.2
1774807006267	599	PLAYER Zapdos	TOTAL_LEVEL_UP	8
1774807006267	599	PLAYER Zapdos	LEVEL_UP	Defence	8
1774807006268	599	PLAYER Zapdos	SET_EXP	Defence	8184
1774807006268	599	PLAYER Zapdos	EXP	Constitution	1.0666666666666667
1774807006268	599	PLAYER Zapdos	SET_EXP	Constitution	14268
1774807006841	600	BOT MegalodonM	COMPLETED	draynor_east_trees
1774807006842	600	BOT ProPunch	START_ACTIVITY	go_to_varrock_south_east_mine
1774807006842	600	BOT GuppyGary	ASSIGNED	varrock_east_tin_mining
1774807007442	601	BOT MegalodonM	ASSIGNED	lumbridge_oak_tree_cutting
1774807007442	601	BOT Matoya	FAILED	go_to_bank	Stuck	0	BotWalkTo
1774807007442	601	BOT DeepDan	FAILED	go_to_bank	Stuck	0	BotWalkTo
1774807007442	601	BOT SkidMark	FAILED	go_to_varrock_south_east_mine	Stuck	0	BotWalkTo
1774807007442	601	BOT SpeedHack99	FAILED	go_to_varrock_south_east_mine	Stuck	0	BotWalkTo
1774807007443	601	BOT GuppyGary	START_RESOLVER	withdraw_from_bank	varrock_east_tin_mining
1774807007467	601	PLAYER SacredProf	EXP	Defence	3.6
1774807007467	601	PLAYER SacredProf	SET_EXP	Defence	9216
1774807007468	601	PLAYER SacredProf	EXP	Constitution	1.2
1774807007468	601	PLAYER SacredProf	SET_EXP	Constitution	14612
1774807007468	601	PLAYER SilentScrem	EXP	Mining	17.5
1774807007468	601	PLAYER SilentScrem	TOTAL_LEVEL_UP	13
1774807007468	601	PLAYER SilentScrem	LEVEL_UP	Mining	8
1774807007468	601	PLAYER SilentScrem	SET_EXP	Mining	8400
1774807007469	601	PLAYER Waves	EXP	Magic	7.9
1774807007469	601	PLAYER Waves	SET_EXP	Magic	7686
1774807007469	601	PLAYER Waves	EXP	Constitution	1.6
1774807007469	601	PLAYER Waves	SET_EXP	Constitution	12924
1774807007470	601	PLAYER HeadHunter	TOOK	FLOOR_ITEM feather:15	TILE 3225,3297,0
1774807007470	601	PLAYER Farmer Plow	TELED	TILE 3222,3219,0
1774807007470	601	PLAYER Farmer Plow	TASK_COMPLETED	click_your_heels_three_times_task
1774807008044	602	BOT MegalodonM	START_RESOLVER	buy_from_shop	lumbridge_oak_tree_cutting
1774807008044	602	BOT RhoRanger	COMPLETED	go_to_bank
1774807008044	602	BOT GuppyGary	START_ACTIVITY	withdraw_from_bank
1774807008066	602	PLAYER SundayFun	EXP	Woodcutting	25.0
1774807008066	602	PLAYER SundayFun	TOTAL_LEVEL_UP	18
1774807008066	602	PLAYER SundayFun	LEVEL_UP	Woodcutting	19
1774807008066	602	PLAYER SundayFun	SET_EXP	Woodcutting	40500
1774807008067	602	PLAYER Cloud	EXP	Fishing	10.0
1774807008067	602	PLAYER Cloud	SET_EXP	Fishing	14400
1774807008068	602	PLAYER Halp	EXP	Magic	8.7
1774807008068	602	PLAYER Halp	TOTAL_LEVEL_UP	6
1774807008068	602	PLAYER Halp	LEVEL_UP	Magic	4
1774807008068	602	PLAYER Halp	SET_EXP	Magic	2892
1774807008068	602	PLAYER Halp	EXP	Constitution	2.1333333333333333
1774807008068	602	PLAYER Halp	SET_EXP	Constitution	12148
1774807008069	602	PLAYER HeadHunter	TOOK	FLOOR_ITEM feather:15	TILE 3225,3297,0
1774807008069	602	PLAYER Tuga	EXP	Fishing	10.0
1774807008069	602	PLAYER Tuga	SET_EXP	Fishing	13200
1774807008644	603	BOT MegalodonM	START_RESOLVER	withdraw_from_bank	buy_from_shop
1774807008644	603	BOT Matoya	START_ACTIVITY	go_to_bank
1774807008644	603	BOT DeepDan	START_ACTIVITY	go_to_bank
1774807008644	603	BOT SkidMark	START_ACTIVITY	go_to_varrock_south_east_mine
1774807008644	603	BOT SpeedHack99	START_ACTIVITY	go_to_varrock_south_east_mine
1774807008644	603	BOT ProPunch	FAILED	go_to_varrock_south_east_mine	Stuck	0	BotWalkTo
1774807008668	603	PLAYER Astra	TELED	TILE 3205,3209,1
1774807008669	603	PLAYER HeadHunter	TOOK	FLOOR_ITEM bones:1	TILE 3225,3297,0
1774807008669	603	PLAYER Zapdos	EXP	Defence	2.4
1774807008669	603	PLAYER Zapdos	SET_EXP	Defence	8328
1774807008670	603	PLAYER Zapdos	EXP	Constitution	0.8
1774807008670	603	PLAYER Zapdos	SET_EXP	Constitution	14316
1774807009245	604	BOT SundayFun	COMPLETED	draynor_north_trees
1774807009245	604	BOT MegalodonM	START_ACTIVITY	withdraw_from_bank
1774807009245	604	BOT YudonYuri	COMPLETED	go_to_bank
1774807009268	604	PLAYER CamelCarl	EXP	Mining	17.5
1774807009268	604	PLAYER CamelCarl	SET_EXP	Mining	6300
1774807009269	604	PLAYER PrairieP	EXP	Attack	3.6
1774807009269	604	PLAYER PrairieP	SET_EXP	Attack	7920
1774807009269	604	PLAYER PrairieP	EXP	Constitution	1.2
1774807009269	604	PLAYER PrairieP	SET_EXP	Constitution	14180
1774807009270	604	PLAYER HeadHunter	TOOK	FLOOR_ITEM bones:1	TILE 3225,3297,0
1774807009845	605	BOT SundayFun	ASSIGNED	melee_tutor_attack
1774807009845	605	BOT DeepDan	FAILED	go_to_bank	Stuck	0	BotWalkTo
1774807009845	605	BOT ProPunch	START_ACTIVITY	go_to_varrock_south_east_mine
1774807009846	605	BOT GuppyGary	START_ACTIVITY	go_to_bank
1774807009871	605	PLAYER Gunslinger	EXP	Mining	17.5
1774807009871	605	PLAYER Gunslinger	TOTAL_LEVEL_UP	12
1774807009871	605	PLAYER Gunslinger	LEVEL_UP	Mining	13
1774807009871	605	PLAYER Gunslinger	SET_EXP	Mining	18900
1774807009872	605	PLAYER HeadHunter	TOOK	FLOOR_ITEM raw_chicken:1	TILE 3225,3297,0
1774807010447	606	BOT SundayFun	START_RESOLVER	harlan_sword	melee_tutor_attack
1774807010447	606	BOT MegalodonM	START_ACTIVITY	go_to_bank
1774807010447	606	BOT Matoya	FAILED	go_to_bank	Stuck	0	BotWalkTo
1774807010447	606	BOT SkidMark	FAILED	go_to_varrock_south_east_mine	Stuck	0	BotWalkTo
1774807010447	606	BOT SpeedHack99	FAILED	go_to_varrock_south_east_mine	Stuck	0	BotWalkTo
1774807010470	606	PLAYER Waves	EXP	Magic	6.3
1774807010470	606	PLAYER Waves	TOTAL_LEVEL_UP	9
1774807010470	606	PLAYER Waves	LEVEL_UP	Magic	8
1774807010470	606	PLAYER Waves	SET_EXP	Magic	8064
1774807010470	606	PLAYER Waves	EXP	Constitution	0.5333333333333333
1774807010470	606	PLAYER Waves	SET_EXP	Constitution	12956
1774807010471	606	PLAYER HeadHunter	TOOK	FLOOR_ITEM raw_chicken:1	TILE 3225,3297,0
1774807011046	607	BOT SundayFun	START_RESOLVER	deposit_all_bank	harlan_sword
1774807011046	607	BOT DeepDan	START_ACTIVITY	go_to_bank
1774807011073	607	PLAYER Astra	TELED	TILE 3205,3209,2
1774807011647	608	BOT SundayFun	START_ACTIVITY	deposit_all_bank
1774807011647	608	BOT Matoya	START_ACTIVITY	go_to_bank
1774807011647	608	BOT SkidMark	START_ACTIVITY	go_to_varrock_south_east_mine
1774807011647	608	BOT SpeedHack99	START_ACTIVITY	go_to_varrock_south_east_mine
1774807011647	608	BOT ProPunch	FAILED	go_to_varrock_south_east_mine	Stuck	0	BotWalkTo
1774807011669	608	PLAYER PrairieP	EXP	Attack	0.4
1774807011669	608	PLAYER PrairieP	SET_EXP	Attack	7944
1774807011670	608	PLAYER PrairieP	EXP	Constitution	0.13333333333333333
1774807011670	608	PLAYER PrairieP	SET_EXP	Constitution	14188
1774807012248	609	BOT DeepDan	FAILED	go_to_bank	Stuck	0	BotWalkTo
1774807012273	609	PLAYER YutytyrannY	EXP	Fishing	10.0
1774807012273	609	PLAYER YutytyrannY	TOTAL_LEVEL_UP	8
1774807012273	609	PLAYER YutytyrannY	LEVEL_UP	Fishing	9
1774807012274	609	PLAYER YutytyrannY	SET_EXP	Fishing	10200
1774807012274	609	PLAYER StyracoS	EXP	Thieving	8.0
1774807012274	609	PLAYER StyracoS	SET_EXP	Thieving	7680
1774807012275	609	PLAYER SacredProf	EXP	Defence	2.4
1774807012275	609	PLAYER SacredProf	SET_EXP	Defence	9360
1774807012275	609	PLAYER SacredProf	EXP	Constitution	0.8
1774807012275	609	PLAYER SacredProf	SET_EXP	Constitution	14660
1774807012848	610	BOT SundayFun	START_ACTIVITY	go_to_bank
1774807012848	610	BOT Maikeru	FAILED	varrock_east_tin_mining	Timeout	0	BotInteractObject
1774807012848	610	BOT ProPunch	START_ACTIVITY	go_to_varrock_south_east_mine
1774807012849	610	PLAYER YudonYuri	TASK_COMPLETED	hang_on_to_something_task
1774807012862	610	PLAYER PrairieP	KILLED	NPC chicken_brown:10360	TILE 3231,3300,0
1774807012862	610	NPC chicken_brown:10360	DROPPED	ITEM bones:1	ITEM raw_chicken:1
1774807012878	610	PLAYER Blueberry	EXP	Strength	4.4
1774807012878	610	PLAYER Blueberry	SET_EXP	Strength	11328
1774807012879	610	PLAYER Blueberry	EXP	Constitution	1.4666666666666666
1774807012879	610	PLAYER Blueberry	SET_EXP	Constitution	15316
1774807013449	611	BOT Matoya	FAILED	go_to_bank	Stuck	0	BotWalkTo
1774807013449	611	BOT DeepDan	START_ACTIVITY	go_to_bank
1774807013449	611	BOT SkidMark	FAILED	go_to_varrock_south_east_mine	Stuck	0	BotWalkTo
1774807013449	611	BOT SpeedHack99	FAILED	go_to_varrock_south_east_mine	Stuck	0	BotWalkTo
1774807013449	611	BOT Maikeru	ASSIGNED	lumbridge_tin_mining
1774807013450	611	BOT Farmer Plow	COMPLETED	teleport_lumbridge
1774807013475	611	PLAYER Bob	EXP	Mining	17.5
1774807013475	611	PLAYER Bob	TOTAL_LEVEL_UP	8
1774807013475	611	PLAYER Bob	LEVEL_UP	Mining	9
1774807013475	611	PLAYER Bob	SET_EXP	Mining	10500
1774807013476	611	PLAYER HeadHunter	EXP	Attack	4.8
1774807013476	611	PLAYER HeadHunter	SET_EXP	Attack	8928
1774807013476	611	PLAYER HeadHunter	EXP	Constitution	1.6
1774807013476	611	PLAYER HeadHunter	SET_EXP	Constitution	14516
1774807014051	612	BOT Maikeru	START_RESOLVER	go_to_area	lumbridge_tin_mining
1774807014051	612	BOT Farmer Plow	START_ACTIVITY	go_to_lumbridge_swamp_east_tin_mine
1774807014074	612	PLAYER SparrowS	EXP	Fishing	10.0
1774807014074	612	PLAYER SparrowS	SET_EXP	Fishing	15000
1774807014075	612	PLAYER PrairieP	EXP	Attack	4.0
1774807014075	612	PLAYER PrairieP	TOTAL_LEVEL_UP	8
1774807014075	612	PLAYER PrairieP	LEVEL_UP	Attack	8
1774807014075	612	PLAYER PrairieP	SET_EXP	Attack	8184
1774807014075	612	PLAYER PrairieP	EXP	Constitution	1.3333333333333333
1774807014075	612	PLAYER PrairieP	SET_EXP	Constitution	14268
1774807014076	612	PLAYER Tuga	EXP	Fishing	10.0
1774807014076	612	PLAYER Tuga	TOTAL_LEVEL_UP	10
1774807014076	612	PLAYER Tuga	TASK_COMPLETED	on_the_level_task
1774807014076	612	PLAYER Tuga	LEVEL_UP	Fishing	11
1774807014077	612	PLAYER Tuga	SET_EXP	Fishing	13800
1774807014650	613	BOT Matoya	START_ACTIVITY	go_to_bank
1774807014650	613	BOT DeepDan	FAILED	go_to_bank	Stuck	0	BotWalkTo
1774807014650	613	BOT SkidMark	START_ACTIVITY	go_to_varrock_south_east_mine
1774807014650	613	BOT SpeedHack99	START_ACTIVITY	go_to_varrock_south_east_mine
1774807014651	613	BOT Maikeru	START_ACTIVITY	go_to_area
1774807014651	613	BOT ProPunch	FAILED	go_to_varrock_south_east_mine	Stuck	0	BotWalkTo
1774807014651	613	BOT BrokenWheel	COMPLETED	withdraw_from_bank
1774807014651	613	BOT Waves	COMPLETED	magic_tutor
1774807014651	613	BOT Astra	COMPLETED	go_to_bank
1774807014675	613	PLAYER FakeTruth	EXP	Mining	5.0
1774807014675	613	PLAYER FakeTruth	SET_EXP	Mining	4500
1774807015251	614	BOT BrokenWheel	START_RESOLVER	go_to_area	varrock_tin_mining
1774807015251	614	BOT Waves	ASSIGNED	lumbridge_cook_chicken
1774807015852	615	BOT DeepDan	START_ACTIVITY	go_to_bank
1774807015852	615	BOT ProPunch	START_ACTIVITY	go_to_varrock_south_east_mine
1774807015852	615	BOT YudonYuri	COMPLETED	deposit_all_bank
1774807015852	615	BOT BrokenWheel	START_ACTIVITY	go_to_area
1774807015852	615	BOT Waves	START_RESOLVER	withdraw_from_bank	lumbridge_cook_chicken
1774807015866	615	PLAYER SacredProf	KILLED	NPC chicken_brown:10357	TILE 3231,3300,0
1774807015866	615	NPC chicken_brown:10357	DROPPED	ITEM bones:1	ITEM raw_chicken:1
1774807015876	615	PLAYER Gunslinger	EXP	Mining	17.5
1774807015876	615	PLAYER Gunslinger	SET_EXP	Mining	19950
1774807015877	615	PLAYER HeadHunter	EXP	Attack	0.8
1774807015877	615	PLAYER HeadHunter	SET_EXP	Attack	8976
1774807015877	615	PLAYER HeadHunter	EXP	Constitution	0.26666666666666666
1774807015877	615	PLAYER HeadHunter	SET_EXP	Constitution	14532
1774807015878	615	PLAYER Zapdos	EXP	Defence	3.2
1774807015878	615	PLAYER Zapdos	SET_EXP	Defence	8520
1774807015878	615	PLAYER Zapdos	EXP	Constitution	1.0666666666666667
1774807015878	615	PLAYER Zapdos	SET_EXP	Constitution	14380
1774807016453	616	BOT Matoya	FAILED	go_to_bank	Stuck	0	BotWalkTo
1774807016453	616	BOT SkidMark	FAILED	go_to_varrock_south_east_mine	Stuck	0	BotWalkTo
1774807016453	616	BOT SpeedHack99	FAILED	go_to_varrock_south_east_mine	Stuck	0	BotWalkTo
1774807016453	616	BOT RhoRanger	COMPLETED	withdraw_from_bank
1774807016453	616	BOT YudonYuri	START_RESOLVER	withdraw_from_bank	lumbridge_copper_mining
1774807016453	616	BOT Waves	START_ACTIVITY	withdraw_from_bank
1774807016476	616	PLAYER Ember	EXP	Mining	5.0
1774807016476	616	PLAYER Ember	SET_EXP	Mining	6900
1774807016476	616	PLAYER PrairieP	EXP	Attack	3.6
1774807016476	616	PLAYER PrairieP	SET_EXP	Attack	8400
1774807016477	616	PLAYER PrairieP	EXP	Constitution	1.2
1774807016477	616	PLAYER PrairieP	SET_EXP	Constitution	14340
1774807016477	616	PLAYER DownUp99	EXP	Mining	17.5
1774807016477	616	PLAYER DownUp99	SET_EXP	Mining	12600
1774807017053	617	BOT MegalodonM	COMPLETED	go_to_bank
1774807017053	617	BOT DeepDan	FAILED	go_to_bank	Stuck	0	BotWalkTo
1774807017054	617	BOT RhoRanger	START_RESOLVER	go_to_area	lumbridge_copper_mining
1774807017054	617	BOT YudonYuri	START_ACTIVITY	withdraw_from_bank
1774807017054	617	BOT BrokenWheel	START_ACTIVITY	go_to_varrock_south_east_mine
1774807017080	617	PLAYER Starmie	EXP	Strength	3.2
1774807017080	617	PLAYER Starmie	SET_EXP	Strength	10656
1774807017080	617	PLAYER Starmie	EXP	Constitution	1.0666666666666667
1774807017080	617	PLAYER Starmie	SET_EXP	Constitution	15092
1774807017081	617	PLAYER Halp	EXP	Magic	7.9
1774807017081	617	PLAYER Halp	SET_EXP	Magic	3366
1774807017082	617	PLAYER Halp	EXP	Constitution	1.6
1774807017082	617	PLAYER Halp	SET_EXP	Constitution	12244
1774807017654	618	BOT Matoya	START_ACTIVITY	go_to_bank
1774807017655	618	BOT SkidMark	FAILED	go_to_area	Timeout	0	BotGoTo
1774807017655	618	BOT SpeedHack99	START_ACTIVITY	go_to_varrock_south_east_mine
1774807017655	618	BOT ProPunch	FAILED	go_to_varrock_south_east_mine	Stuck	0	BotWalkTo
1774807017655	618	BOT RhoRanger	START_ACTIVITY	go_to_area
1774807017655	618	BOT Waves	START_ACTIVITY	go_to_bank
1774807017677	618	PLAYER Blueberry	EXP	Strength	8.4
1774807017677	618	PLAYER Blueberry	TOTAL_LEVEL_UP	10
1774807017677	618	PLAYER Blueberry	TASK_COMPLETED	on_the_level_task
1774807017677	618	PLAYER Blueberry	LEVEL_UP	Strength	10
1774807017678	618	PLAYER Blueberry	SET_EXP	Strength	11832
1774807017678	618	PLAYER Blueberry	EXP	Constitution	2.8
1774807017678	618	PLAYER Blueberry	SET_EXP	Constitution	15484
1774807017679	618	PLAYER SilentScrem	EXP	Mining	17.5
1774807017679	618	PLAYER SilentScrem	SET_EXP	Mining	9450
1774807018255	619	BOT DeepDan	START_ACTIVITY	go_to_bank
1774807018255	619	BOT SkidMark	ASSIGNED	varrock_tin_mining
1774807018281	619	PLAYER YutytyrannY	EXP	Fishing	10.0
1774807018281	619	PLAYER YutytyrannY	SET_EXP	Fishing	10800
1774807018282	619	PLAYER HeadHunter	EXP	Attack	1.2
1774807018282	619	PLAYER HeadHunter	SET_EXP	Attack	9048
1774807018282	619	PLAYER HeadHunter	EXP	Constitution	0.4
1774807018282	619	PLAYER HeadHunter	SET_EXP	Constitution	14556
1774807018283	619	PLAYER Zapdos	EXP	Defence	2.0
1774807018283	619	PLAYER Zapdos	SET_EXP	Defence	8640
1774807018283	619	PLAYER Zapdos	EXP	Constitution	0.6666666666666666
1774807018283	619	PLAYER Zapdos	SET_EXP	Constitution	14420
1774807018855	620	BOT SkidMark	START_RESOLVER	go_to_area	varrock_tin_mining
1774807018855	620	BOT ProPunch	START_ACTIVITY	go_to_varrock_south_east_mine
1774807018855	620	BOT RhoRanger	START_ACTIVITY	go_to_lumbridge_swamp_east_copper_mine
1774807019456	621	BOT Matoya	FAILED	go_to_bank	Stuck	0	BotWalkTo
1774807019456	621	BOT DeepDan	FAILED	go_to_bank	Stuck	0	BotWalkTo
1774807019456	621	BOT SkidMark	START_ACTIVITY	go_to_area
1774807019456	621	BOT SpeedHack99	FAILED	go_to_varrock_south_east_mine	Stuck	0	BotWalkTo
1774807019481	621	PLAYER Starmie	EXP	Strength	2.4
1774807019481	621	PLAYER Starmie	SET_EXP	Strength	10800
1774807019481	621	PLAYER Starmie	EXP	Constitution	0.8
1774807019481	621	PLAYER Starmie	SET_EXP	Constitution	15140
1774807020080	622	PLAYER FakeTruth	EXP	Mining	5.0
1774807020080	622	PLAYER FakeTruth	SET_EXP	Mining	4800
1774807020081	622	PLAYER Cloud	EXP	Fishing	10.0
1774807020081	622	PLAYER Cloud	SET_EXP	Fishing	15000
1774807020082	622	PLAYER Halp	EXP	Magic	5.9
1774807020082	622	PLAYER Halp	SET_EXP	Magic	3720
1774807020083	622	PLAYER Halp	EXP	Constitution	0.26666666666666666
1774807020083	622	PLAYER Halp	SET_EXP	Constitution	12260
1774807020657	623	BOT Matoya	START_ACTIVITY	go_to_bank
1774807020657	623	BOT DeepDan	START_ACTIVITY	go_to_bank
1774807020657	623	BOT SkidMark	START_ACTIVITY	go_to_varrock_south_east_mine
1774807020657	623	BOT SpeedHack99	START_ACTIVITY	go_to_varrock_south_east_mine
1774807020657	623	BOT ProPunch	FAILED	go_to_varrock_south_east_mine	Stuck	0	BotWalkTo
1774807020684	623	PLAYER HeadHunter	EXP	Attack	3.2
1774807020684	623	PLAYER HeadHunter	SET_EXP	Attack	9240
1774807020684	623	PLAYER HeadHunter	EXP	Constitution	1.0666666666666667
1774807020684	623	PLAYER HeadHunter	SET_EXP	Constitution	14620
1774807020685	623	PLAYER AlosaurAce	EXP	Mining	17.5
1774807020685	623	PLAYER AlosaurAce	SET_EXP	Mining	9450
1774807021282	624	PLAYER Starmie	TOOK	FLOOR_ITEM feather:15	TILE 3230,3299,0
1774807021859	625	BOT SundayFun	COMPLETED	go_to_bank
1774807021860	625	BOT DeepDan	FAILED	go_to_bank	Stuck	0	BotWalkTo
1774807021860	625	BOT ProPunch	START_ACTIVITY	go_to_varrock_south_east_mine
1774807021875	625	PLAYER Zapdos	KILLED	NPC chicken_brown:10358	TILE 3231,3301,0
1774807021875	625	NPC chicken_brown:10358	DROPPED	ITEM feather:5	ITEM bones:1	ITEM raw_chicken:1
1774807021886	625	PLAYER Starmie	TOOK	FLOOR_ITEM bones:1	TILE 3230,3299,0
1774807021887	625	PLAYER StyracoS	EXP	Thieving	8.0
1774807021887	625	PLAYER StyracoS	TOTAL_LEVEL_UP	17
1774807021887	625	PLAYER StyracoS	LEVEL_UP	Thieving	8
1774807021887	625	PLAYER StyracoS	SET_EXP	Thieving	8160
1774807021887	625	PLAYER BrokenWheel	TELED	TILE 3205,3209,1
1774807021887	625	PLAYER Ember	EXP	Mining	5.0
1774807021887	625	PLAYER Ember	SET_EXP	Mining	7200
1774807021888	625	PLAYER LaunchDay	EXP	Fishing	10.0
1774807021888	625	PLAYER LaunchDay	SET_EXP	Fishing	2400
1774807022459	626	BOT Matoya	FAILED	go_to_bank	Stuck	0	BotWalkTo
1774807022459	626	BOT SkidMark	FAILED	go_to_varrock_south_east_mine	Stuck	0	BotWalkTo
1774807022459	626	BOT SpeedHack99	FAILED	go_to_varrock_south_east_mine	Stuck	0	BotWalkTo
1774807022482	626	PLAYER Starmie	TOOK	FLOOR_ITEM raw_chicken:1	TILE 3230,3299,0
1774807022482	626	PLAYER Lash	EXP	Mining	17.5
1774807022483	626	PLAYER Lash	TOTAL_LEVEL_UP	9
1774807022483	626	PLAYER Lash	LEVEL_UP	Mining	10
1774807022483	626	PLAYER Lash	SET_EXP	Mining	11550
1774807023060	627	BOT DeepDan	START_ACTIVITY	go_to_bank
1774807023060	627	BOT Astra	COMPLETED	withdraw_from_bank
1774807023074	627	PLAYER Starmie	KILLED	NPC chicken:10310	TILE 3232,3299,0
1774807023074	627	NPC chicken:10310	DROPPED	ITEM feather:5	ITEM bones:1	ITEM raw_chicken:1
1774807023085	627	PLAYER Cloud	EXP	Fishing	10.0
1774807023085	627	PLAYER Cloud	SET_EXP	Fishing	15600
1774807023086	627	PLAYER FullStackF	EXP	Fishing	10.0
1774807023086	627	PLAYER FullStackF	SET_EXP	Fishing	6000
1774807023087	627	PLAYER HeadHunter	EXP	Attack	2.0
1774807023087	627	PLAYER HeadHunter	SET_EXP	Attack	9360
1774807023087	627	PLAYER HeadHunter	EXP	Constitution	0.6666666666666666
1774807023087	627	PLAYER HeadHunter	SET_EXP	Constitution	14660
1774807023660	628	BOT Matoya	START_ACTIVITY	go_to_bank
1774807023660	628	BOT SkidMark	START_ACTIVITY	go_to_varrock_south_east_mine
1774807023660	628	BOT SpeedHack99	FAILED	go_to_area	Timeout	0	BotGoTo
1774807023660	628	BOT ProPunch	FAILED	go_to_varrock_south_east_mine	Stuck	0	BotWalkTo
1774807023660	628	BOT YudonYuri	COMPLETED	withdraw_from_bank
1774807023660	628	BOT Astra	START_RESOLVER	go_to_area	varrock_tin_mining
1774807023682	628	PLAYER Starmie	EXP	Strength	3.6
1774807023683	628	PLAYER Starmie	SET_EXP	Strength	11016
1774807023683	628	PLAYER Starmie	EXP	Constitution	1.2
1774807023683	628	PLAYER Starmie	SET_EXP	Constitution	15212
1774807023684	628	PLAYER Ice	EXP	Woodcutting	25.0
1774807023684	628	PLAYER Ice	SET_EXP	Woodcutting	39000
1774807023685	628	PLAYER RhoRanger	TELED	TILE 3205,3209,1
1774807023685	628	PLAYER PrairieP	EXP	Attack	4.0
1774807023685	628	PLAYER PrairieP	SET_EXP	Attack	8640
1774807023685	628	PLAYER PrairieP	EXP	Constitution	1.3333333333333333
1774807023685	628	PLAYER PrairieP	SET_EXP	Constitution	14420
1774807023686	628	PLAYER Zapdos	TOOK	FLOOR_ITEM feather:5	TILE 3231,3301,0
1774807024261	629	BOT DeepDan	FAILED	go_to_bank	Stuck	0	BotWalkTo
1774807024261	629	BOT SpeedHack99	ASSIGNED	varrock_copper_mining
1774807024261	629	BOT YudonYuri	START_RESOLVER	go_to_area	lumbridge_copper_mining
1774807024261	629	BOT Astra	START_ACTIVITY	go_to_area
1774807024286	629	PLAYER YutytyrannY	EXP	Fishing	10.0
1774807024286	629	PLAYER YutytyrannY	SET_EXP	Fishing	11400
1774807024287	629	PLAYER BrokenWheel	TELED	TILE 3205,3209,0
1774807024287	629	PLAYER Zapdos	TOOK	FLOOR_ITEM bones:1	TILE 3231,3301,0
1774807024862	630	BOT SpeedHack99	START_RESOLVER	go_to_area	varrock_copper_mining
1774807024862	630	BOT ProPunch	START_ACTIVITY	go_to_varrock_south_east_mine
1774807024862	630	BOT YudonYuri	START_ACTIVITY	go_to_area
1774807024885	630	PLAYER Zapdos	TOOK	FLOOR_ITEM raw_chicken:1	TILE 3231,3301,0
1774807025462	631	BOT Matoya	FAILED	go_to_bank	Stuck	0	BotWalkTo
1774807025462	631	BOT DeepDan	START_ACTIVITY	go_to_bank
1774807025462	631	BOT SkidMark	FAILED	go_to_varrock_south_east_mine	Stuck	0	BotWalkTo
1774807025462	631	BOT SpeedHack99	START_ACTIVITY	go_to_area
1774807025462	631	BOT Astra	START_ACTIVITY	go_to_varrock_south_east_mine
1774807025462	631	BOT StyracoS	COMPLETED	lumbridge_pickpocketing
1774807025487	631	PLAYER BigOof	EXP	Fishing	10.0
1774807025487	631	PLAYER BigOof	SET_EXP	Fishing	9600
1774807025488	631	PLAYER HeadHunter	EXP	Attack	3.6
1774807025488	631	PLAYER HeadHunter	SET_EXP	Attack	9576
1774807025489	631	PLAYER HeadHunter	EXP	Constitution	1.2
1774807025489	631	PLAYER HeadHunter	SET_EXP	Constitution	14732
1774807026063	632	BOT YudonYuri	START_ACTIVITY	go_to_lumbridge_swamp_east_copper_mine
1774807026063	632	BOT StyracoS	ASSIGNED	lumbridge_north_tree_cutting
1774807026085	632	PLAYER Starmie	EXP	Strength	3.6
1774807026085	632	PLAYER Starmie	SET_EXP	Strength	11232
1774807026086	632	PLAYER Starmie	EXP	Constitution	1.2
1774807026086	632	PLAYER Starmie	SET_EXP	Constitution	15284
1774807026087	632	PLAYER LazyLuke	EXP	Fishing	10.0
1774807026087	632	PLAYER LazyLuke	TOTAL_LEVEL_UP	11
1774807026087	632	PLAYER LazyLuke	LEVEL_UP	Fishing	12
1774807026087	632	PLAYER LazyLuke	SET_EXP	Fishing	16200
1774807026087	632	PLAYER Gunslinger	EXP	Mining	17.5
1774807026087	632	PLAYER Gunslinger	SET_EXP	Mining	21000
1774807026088	632	PLAYER RhoRanger	TELED	TILE 3205,3209,0
1774807026088	632	PLAYER PrairieP	TOOK	FLOOR_ITEM bones:1	TILE 3231,3300,0
1774807026088	632	PLAYER AlosaurAce	EXP	Mining	17.5
1774807026088	632	PLAYER AlosaurAce	TOTAL_LEVEL_UP	8
1774807026088	632	PLAYER AlosaurAce	LEVEL_UP	Mining	9
1774807026088	632	PLAYER AlosaurAce	SET_EXP	Mining	10500
1774807026665	633	BOT MegalodonM	COMPLETED	withdraw_from_bank
1774807026666	633	BOT Matoya	START_ACTIVITY	go_to_bank
1774807026666	633	BOT DeepDan	FAILED	go_to_bank	Stuck	0	BotWalkTo
1774807026666	633	BOT SkidMark	START_ACTIVITY	go_to_varrock_south_east_mine
1774807026666	633	BOT SpeedHack99	START_ACTIVITY	go_to_varrock_south_east_mine
1774807026666	633	BOT ProPunch	FAILED	go_to_varrock_south_east_mine	Stuck	0	BotWalkTo
1774807026666	633	BOT StyracoS	START_RESOLVER	withdraw_from_bank	lumbridge_north_tree_cutting
1774807026680	633	PLAYER HeadHunter	KILLED	NPC chicken:10308	TILE 3231,3300,0
1774807026680	633	NPC chicken:10308	DROPPED	ITEM feather:5	ITEM bones:1	ITEM raw_chicken:1
1774807026691	633	PLAYER Ice	EXP	Woodcutting	25.0
1774807026691	633	PLAYER Ice	TOTAL_LEVEL_UP	18
1774807026691	633	PLAYER Ice	LEVEL_UP	Woodcutting	19
1774807026691	633	PLAYER Ice	SET_EXP	Woodcutting	40500
1774807026692	633	PLAYER PrairieP	TOOK	FLOOR_ITEM raw_chicken:1	TILE 3231,3300,0
1774807026692	633	PLAYER DownUp99	EXP	Mining	17.5
1774807026692	633	PLAYER DownUp99	TOTAL_LEVEL_UP	10
1774807026692	633	PLAYER DownUp99	TASK_COMPLETED	on_the_level_task
1774807026692	633	PLAYER DownUp99	LEVEL_UP	Mining	11
1774807026692	633	PLAYER DownUp99	SET_EXP	Mining	13650
1774807026693	633	PLAYER Hanbo Short	TELED	TILE 3205,3209,1
1774807027264	634	BOT MegalodonM	START_ACTIVITY	buy_from_shop
1774807027265	634	BOT LazyLuke	COMPLETED	lumbridge_net_fishing
1774807027265	634	BOT Skoll	FAILED	go_to_bank	Stuck	4	BotWalkTo
1774807027265	634	BOT StyracoS	START_ACTIVITY	withdraw_from_bank
1774807027277	634	PLAYER PrairieP	KILLED	NPC chicken_brown:10359	TILE 3233,3297,0
1774807027277	634	NPC chicken_brown:10359	DROPPED	ITEM feather:5	ITEM bones:1	ITEM raw_chicken:1
1774807027287	634	PLAYER YutytyrannY	EXP	Fishing	10.0
1774807027287	634	PLAYER YutytyrannY	TOTAL_LEVEL_UP	9
1774807027287	634	PLAYER YutytyrannY	LEVEL_UP	Fishing	10
1774807027288	634	PLAYER YutytyrannY	SET_EXP	Fishing	12000
1774807027288	634	PLAYER Blueberry	EXP	Strength	1.2
1774807027288	634	PLAYER Blueberry	SET_EXP	Strength	11904
1774807027289	634	PLAYER Blueberry	EXP	Constitution	0.4
1774807027289	634	PLAYER Blueberry	SET_EXP	Constitution	15508
1774807027289	634	PLAYER Ember	EXP	Mining	5.0
1774807027289	634	PLAYER Ember	SET_EXP	Mining	7500
1774807027866	635	BOT DeepDan	START_ACTIVITY	go_to_bank
1774807027866	635	BOT LazyLuke	ASSIGNED	lumbridge_net_fishing
1774807027866	635	BOT ProPunch	FAILED	go_to_area	Timeout	0	BotGoTo
1774807027866	635	BOT Ice	COMPLETED	lumbridge_west_tree_cutting
1774807027892	635	PLAYER SilentScrem	EXP	Mining	17.5
1774807027892	635	PLAYER SilentScrem	TOTAL_LEVEL_UP	14
1774807027892	635	PLAYER SilentScrem	LEVEL_UP	Mining	9
1774807027892	635	PLAYER SilentScrem	SET_EXP	Mining	10500
1774807027893	635	PLAYER HeadHunter	EXP	Attack	3.6
1774807027893	635	PLAYER HeadHunter	TOTAL_LEVEL_UP	9
1774807027893	635	PLAYER HeadHunter	LEVEL_UP	Attack	9
1774807027893	635	PLAYER HeadHunter	SET_EXP	Attack	9792
1774807027893	635	PLAYER HeadHunter	EXP	Constitution	1.2
1774807027893	635	PLAYER HeadHunter	SET_EXP	Constitution	14804
1774807028466	636	BOT SundayFun	COMPLETED	deposit_all_bank
1774807028466	636	BOT MegalodonM	START_ACTIVITY	go_to_bobs_axe_shop
1774807028466	636	BOT Matoya	FAILED	go_to_bank	Stuck	0	BotWalkTo
1774807028466	636	BOT LazyLuke	START_RESOLVER	withdraw_from_bank	lumbridge_net_fishing
1774807028466	636	BOT SkidMark	FAILED	go_to_varrock_south_east_mine	Stuck	0	BotWalkTo
1774807028466	636	BOT SpeedHack99	FAILED	go_to_varrock_south_east_mine	Stuck	0	BotWalkTo
1774807028466	636	BOT Skoll	START_ACTIVITY	go_to_bank
1774807028466	636	BOT ProPunch	ASSIGNED	varrock_copper_mining
1774807028467	636	BOT Ice	ASSIGNED	lumbridge_firemaking_logs
1774807028467	636	BOT StyracoS	START_ACTIVITY	go_to_bank
1774807028489	636	PLAYER Starmie	EXP	Strength	4.4
1774807028489	636	PLAYER Starmie	SET_EXP	Strength	11496
1774807028490	636	PLAYER Starmie	EXP	Constitution	1.4666666666666666
1774807028490	636	PLAYER Starmie	SET_EXP	Constitution	15372
1774807028490	636	PLAYER SacredProf	EXP	Defence	4.4
1774807028490	636	PLAYER SacredProf	SET_EXP	Defence	9624
1774807028491	636	PLAYER SacredProf	EXP	Constitution	1.4666666666666666
1774807028491	636	PLAYER SacredProf	SET_EXP	Constitution	14748
1774807029067	637	BOT SundayFun	START_RESOLVER	go_to_area	harlan_sword
1774807029067	637	BOT DeepDan	FAILED	go_to_bank	Stuck	0	BotWalkTo
1774807029067	637	BOT LazyLuke	START_ACTIVITY	withdraw_from_bank
1774807029067	637	BOT ProPunch	START_RESOLVER	go_to_area	varrock_copper_mining
1774807029067	637	BOT Ice	START_RESOLVER	withdraw_from_bank	lumbridge_firemaking_logs
1774807029093	637	PLAYER Halp	EXP	Magic	6.9
1774807029093	637	PLAYER Halp	TOTAL_LEVEL_UP	7
1774807029093	637	PLAYER Halp	LEVEL_UP	Magic	5
1774807029093	637	PLAYER Halp	SET_EXP	Magic	4134
1774807029094	637	PLAYER Halp	EXP	Constitution	0.9333333333333333
1774807029094	637	PLAYER Halp	SET_EXP	Constitution	12316
1774807029094	637	PLAYER Hanbo Short	TELED	TILE 3205,3209,2
1774807029094	637	PLAYER IceBerg	EXP	Fishing	10.0
1774807029094	637	PLAYER IceBerg	SET_EXP	Fishing	10800
1774807029095	637	PLAYER Tuga	EXP	Fishing	10.0
1774807029095	637	PLAYER Tuga	SET_EXP	Fishing	14400
1774807029667	638	BOT SundayFun	START_ACTIVITY	go_to_area
1774807029668	638	BOT Matoya	START_ACTIVITY	go_to_bank
1774807029668	638	BOT SkidMark	START_ACTIVITY	go_to_varrock_south_east_mine
1774807029668	638	BOT SpeedHack99	START_ACTIVITY	go_to_varrock_south_east_mine
1774807029668	638	BOT ProPunch	START_ACTIVITY	go_to_area
1774807029668	638	BOT Ice	START_ACTIVITY	withdraw_from_bank
1774807029690	638	PLAYER CamelCarl	EXP	Mining	17.5
1774807029690	638	PLAYER CamelCarl	TOTAL_LEVEL_UP	18
1774807029690	638	PLAYER CamelCarl	LEVEL_UP	Mining	7
1774807029690	638	PLAYER CamelCarl	SET_EXP	Mining	7350
1774807029691	638	PLAYER Blueberry	EXP	Strength	9.6
1774807029691	638	PLAYER Blueberry	SET_EXP	Strength	12480
1774807029691	638	PLAYER Blueberry	EXP	Constitution	3.2
1774807029691	638	PLAYER Blueberry	SET_EXP	Constitution	15700
1774807029692	638	PLAYER AprilFool	EXP	Thieving	8.0
1774807029692	638	PLAYER AprilFool	SET_EXP	Thieving	4800
1774807030268	639	BOT DeepDan	START_ACTIVITY	go_to_bank
1774807030268	639	BOT LazyLuke	START_ACTIVITY	go_to_bank
1774807030268	639	BOT Skoll	FAILED	go_to_bank	Stuck	0	BotWalkTo
1774807030293	639	PLAYER FakeTruth	EXP	Mining	5.0
1774807030293	639	PLAYER FakeTruth	SET_EXP	Mining	5100
1774807030294	639	PLAYER Astra	TELED	TILE 3205,3209,1
1774807030295	639	PLAYER HeadHunter	EXP	Attack	0.4
1774807030295	639	PLAYER HeadHunter	SET_EXP	Attack	9816
1774807030295	639	PLAYER HeadHunter	EXP	Constitution	0.13333333333333333
1774807030295	639	PLAYER HeadHunter	SET_EXP	Constitution	14812
1774807030869	640	BOT SundayFun	START_ACTIVITY	go_to_lumbridge_combat_tutors
1774807030869	640	BOT ProPunch	START_ACTIVITY	go_to_varrock_south_east_mine
1774807030869	640	BOT Ice	START_ACTIVITY	go_to_bank
1774807030892	640	PLAYER Starmie	EXP	Strength	0.4
1774807030892	640	PLAYER Starmie	SET_EXP	Strength	11520
1774807030892	640	PLAYER Starmie	EXP	Constitution	0.13333333333333333
1774807030892	640	PLAYER Starmie	SET_EXP	Constitution	15380
1774807030893	640	PLAYER SacredProf	EXP	Defence	3.6
1774807030893	640	PLAYER SacredProf	TOTAL_LEVEL_UP	9
1774807030893	640	PLAYER SacredProf	LEVEL_UP	Defence	9
1774807030894	640	PLAYER SacredProf	SET_EXP	Defence	9840
1774807030894	640	PLAYER SacredProf	EXP	Constitution	1.2
1774807030894	640	PLAYER SacredProf	SET_EXP	Constitution	14820
1774807030895	640	PLAYER YudonYuri	TELED	TILE 3205,3209,1
1774807031469	641	BOT Matoya	FAILED	go_to_bank	Stuck	0	BotWalkTo
1774807031469	641	BOT DeepDan	FAILED	go_to_bank	Stuck	0	BotWalkTo
1774807031469	641	BOT SkidMark	FAILED	go_to_varrock_south_east_mine	Stuck	0	BotWalkTo
1774807031469	641	BOT SpeedHack99	FAILED	go_to_varrock_south_east_mine	Stuck	0	BotWalkTo
1774807031469	641	BOT Skoll	START_ACTIVITY	go_to_bank
1774807031469	641	BOT Maikeru	START_ACTIVITY	go_to_lumbridge_swamp_east_tin_mine
1774807031474	641	PLAYER zedders	SAID	A
1774807032093	642	PLAYER Blueberry	EXP	Strength	9.2
1774807032093	642	PLAYER Blueberry	SET_EXP	Strength	13032
1774807032094	642	PLAYER Blueberry	EXP	Constitution	3.066666666666667
1774807032094	642	PLAYER Blueberry	TOTAL_LEVEL_UP	11
1774807032094	642	PLAYER Blueberry	LEVEL_UP	Constitution	120
1774807032094	642	PLAYER Blueberry	SET_EXP	Constitution	15884
1774807032094	642	PLAYER Cloud	EXP	Fishing	10.0
1774807032094	642	PLAYER Cloud	TOTAL_LEVEL_UP	11
1774807032094	642	PLAYER Cloud	LEVEL_UP	Fishing	12
1774807032094	642	PLAYER Cloud	SET_EXP	Fishing	16200
1774807032095	642	PLAYER Gunslinger	EXP	Mining	17.5
1774807032095	642	PLAYER Gunslinger	TOTAL_LEVEL_UP	13
1774807032095	642	PLAYER Gunslinger	LEVEL_UP	Mining	14
1774807032095	642	PLAYER Gunslinger	SET_EXP	Mining	22050
1774807032095	642	PLAYER PrairieP	TOOK	FLOOR_ITEM feather:5	TILE 3233,3297,0
1774807032096	642	PLAYER FullStackF	EXP	Fishing	10.0
1774807032096	642	PLAYER FullStackF	TOTAL_LEVEL_UP	6
1774807032096	642	PLAYER FullStackF	LEVEL_UP	Fishing	7
1774807032096	642	PLAYER FullStackF	SET_EXP	Fishing	6600
1774807032096	642	PLAYER AprilFool	EXP	Thieving	8.0
1774807032096	642	PLAYER AprilFool	TOTAL_LEVEL_UP	10
1774807032096	642	PLAYER AprilFool	TASK_COMPLETED	on_the_level_task
1774807032097	642	PLAYER AprilFool	LEVEL_UP	Thieving	6
1774807032097	642	PLAYER AprilFool	SET_EXP	Thieving	5280
1774807032670	643	BOT Hanbo Short	COMPLETED	go_to_bank
1774807032670	643	BOT Blueberry	FAILED	deposit_all_bank	Timeout	0	BotGoToNearest
1774807032670	643	BOT Matoya	START_ACTIVITY	go_to_bank
1774807032670	643	BOT DeepDan	START_ACTIVITY	go_to_bank
1774807032670	643	BOT SkidMark	START_ACTIVITY	go_to_varrock_south_east_mine
1774807032670	643	BOT SpeedHack99	START_ACTIVITY	go_to_varrock_south_east_mine
1774807032670	643	BOT ProPunch	FAILED	go_to_varrock_south_east_mine	Stuck	0	BotWalkTo
1774807032696	643	PLAYER Astra	TELED	TILE 3205,3209,0
1774807032696	643	PLAYER Ember	EXP	Mining	5.0
1774807032696	643	PLAYER Ember	SET_EXP	Mining	7800
1774807032697	643	PLAYER PrairieP	TOOK	FLOOR_ITEM bones:1	TILE 3233,3297,0
1774807032697	643	PLAYER Lash	EXP	Mining	17.5
1774807032697	643	PLAYER Lash	SET_EXP	Mining	12600
1774807032697	643	PLAYER HeadHunter	EXP	Attack	1.6
1774807032697	643	PLAYER HeadHunter	SET_EXP	Attack	9912
1774807032698	643	PLAYER HeadHunter	EXP	Constitution	0.5333333333333333
1774807032698	643	PLAYER HeadHunter	SET_EXP	Constitution	14844
1774807033271	644	BOT Blueberry	ASSIGNED	varrock_east_tin_mining
1774807033271	644	BOT Cloud	COMPLETED	lumbridge_net_fishing
1774807033271	644	BOT Skoll	FAILED	go_to_bank	Stuck	0	BotWalkTo
1774807033294	644	PLAYER Starmie	TOOK	FLOOR_ITEM feather:5	TILE 3232,3299,0
1774807033294	644	PLAYER SacredProf	EXP	Defence	4.0
1774807033294	644	PLAYER SacredProf	SET_EXP	Defence	10080
1774807033295	644	PLAYER SacredProf	EXP	Constitution	1.3333333333333333
1774807033295	644	PLAYER SacredProf	SET_EXP	Constitution	14900
1774807033295	644	PLAYER PrairieP	TOOK	FLOOR_ITEM raw_chicken:1	TILE 3233,3297,0
1774807033296	644	PLAYER Zapdos	EXP	Defence	0.8
1774807033296	644	PLAYER Zapdos	SET_EXP	Defence	8688
1774807033296	644	PLAYER Zapdos	EXP	Constitution	0.26666666666666666
1774807033296	644	PLAYER Zapdos	SET_EXP	Constitution	14436
1774807033296	644	PLAYER YudonYuri	TELED	TILE 3205,3209,0
1774807033871	645	BOT Blueberry	START_RESOLVER	deposit_all_bank	varrock_east_tin_mining
1774807033871	645	BOT DeepDan	FAILED	go_to_bank	Stuck	0	BotWalkTo
1774807033871	645	BOT Cloud	ASSIGNED	lumbridge_net_fishing
1774807033871	645	BOT ProPunch	START_ACTIVITY	go_to_varrock_south_east_mine
1774807033896	645	PLAYER Starmie	TOOK	FLOOR_ITEM bones:1	TILE 3232,3299,0
1774807033896	645	PLAYER PrairieP	EXP	Attack	3.2
1774807033896	645	PLAYER PrairieP	SET_EXP	Attack	8832
1774807033897	645	PLAYER PrairieP	EXP	Constitution	1.0666666666666667
1774807033897	645	PLAYER PrairieP	SET_EXP	Constitution	14484
1774807034471	646	BOT Blueberry	START_ACTIVITY	deposit_all_bank
1774807034471	646	BOT Matoya	FAILED	go_to_bank	Stuck	0	BotWalkTo
1774807034471	646	BOT SkidMark	FAILED	go_to_varrock_south_east_mine	Stuck	0	BotWalkTo
1774807034471	646	BOT SpeedHack99	FAILED	go_to_varrock_south_east_mine	Stuck	0	BotWalkTo
1774807034471	646	BOT Cloud	START_RESOLVER	withdraw_from_bank	lumbridge_net_fishing
1774807034472	646	BOT Skoll	START_ACTIVITY	go_to_bank
1774807034484	646	PLAYER Starmie	KILLED	NPC chicken:10309	TILE 3231,3295,0
1774807034484	646	NPC chicken:10309	DROPPED	ITEM feather:5	ITEM bones:1	ITEM raw_chicken:1
1774807034495	646	PLAYER AprilFool	EXP	Thieving	8.0
1774807034495	646	PLAYER AprilFool	SET_EXP	Thieving	5760
1774807035072	647	BOT DeepDan	START_ACTIVITY	go_to_bank
1774807035072	647	BOT Starmie	COMPLETED	kill_freds_chickens_strength
1774807035072	647	BOT Cloud	START_ACTIVITY	withdraw_from_bank
1774807035097	647	PLAYER SparrowS	EXP	Fishing	10.0
1774807035097	647	PLAYER SparrowS	SET_EXP	Fishing	15600
1774807035098	647	PLAYER Halp	EXP	Magic	9.3
1774807035098	647	PLAYER Halp	SET_EXP	Magic	4692
1774807035098	647	PLAYER Halp	EXP	Constitution	2.533333333333333
1774807035098	647	PLAYER Halp	SET_EXP	Constitution	12468
1774807035099	647	PLAYER HeadHunter	EXP	Attack	2.8
1774807035099	647	PLAYER HeadHunter	SET_EXP	Attack	10080
1774807035099	647	PLAYER HeadHunter	EXP	Constitution	0.9333333333333333
1774807035099	647	PLAYER HeadHunter	SET_EXP	Constitution	14900
1774807035100	647	PLAYER IceBerg	EXP	Fishing	10.0
1774807035100	647	PLAYER IceBerg	SET_EXP	Fishing	11400
1774807035100	647	PLAYER Tuga	EXP	Fishing	10.0
1774807035101	647	PLAYER Tuga	SET_EXP	Fishing	15000
1774807035673	648	BOT Matoya	START_ACTIVITY	go_to_bank
1774807035673	648	BOT SkidMark	START_ACTIVITY	go_to_varrock_south_east_mine
1774807035673	648	BOT Starmie	ASSIGNED	lumbridge_fletch_arrow_shafts
1774807035673	648	BOT SpeedHack99	START_ACTIVITY	go_to_varrock_south_east_mine
1774807035673	648	BOT ProPunch	FAILED	go_to_varrock_south_east_mine	Stuck	0	BotWalkTo
1774807035697	648	PLAYER Zapdos	EXP	Defence	2.8
1774807035697	648	PLAYER Zapdos	SET_EXP	Defence	8856
1774807035697	648	PLAYER Zapdos	EXP	Constitution	0.9333333333333333
1774807035697	648	PLAYER Zapdos	SET_EXP	Constitution	14492
1774807036273	649	BOT DeepDan	FAILED	go_to_bank	Stuck	0	BotWalkTo
1774807036273	649	BOT Starmie	START_RESOLVER	withdraw_from_bank	lumbridge_fletch_arrow_shafts
1774807036273	649	BOT Cloud	START_ACTIVITY	go_to_bank
1774807036273	649	BOT Skoll	FAILED	go_to_bank	Stuck	0	BotWalkTo
1774807036300	649	PLAYER SacredProf	TOOK	FLOOR_ITEM bones:1	TILE 3231,3300,0
1774807036300	649	PLAYER PrairieP	EXP	Attack	4.8
1774807036300	649	PLAYER PrairieP	SET_EXP	Attack	9120
1774807036300	649	PLAYER PrairieP	EXP	Constitution	1.6
1774807036300	649	PLAYER PrairieP	SET_EXP	Constitution	14580
1774807036874	650	BOT Starmie	START_ACTIVITY	withdraw_from_bank
1774807036874	650	BOT ProPunch	START_ACTIVITY	go_to_varrock_south_east_mine
1774807036885	650	PLAYER SacredProf	KILLED	NPC chicken:10311	TILE 3234,3299,0
1774807036885	650	NPC chicken:10311	DROPPED	ITEM feather:15	ITEM bones:1	ITEM raw_chicken:1
1774807036896	650	PLAYER SacredProf	TOOK	FLOOR_ITEM raw_chicken:1	TILE 3231,3300,0
1774807036896	650	PLAYER AprilFool	EXP	Thieving	8.0
1774807036896	650	PLAYER AprilFool	SET_EXP	Thieving	6240
1774807037475	651	BOT Matoya	FAILED	go_to_bank	Stuck	0	BotWalkTo
1774807037475	651	BOT DeepDan	START_ACTIVITY	go_to_bank
1774807037475	651	BOT SkidMark	FAILED	go_to_varrock_south_east_mine	Stuck	0	BotWalkTo
1774807037475	651	BOT SpeedHack99	FAILED	go_to_varrock_south_east_mine	Stuck	0	BotWalkTo
1774807037475	651	BOT Skoll	START_ACTIVITY	go_to_bank
1774807037501	651	PLAYER HeadHunter	TOOK	FLOOR_ITEM feather:5	TILE 3231,3300,0
1774807038076	652	BOT Starmie	START_ACTIVITY	go_to_bank
1774807038098	652	PLAYER Halp	EXP	Magic	6.5
1774807038098	652	PLAYER Halp	SET_EXP	Magic	5082
1774807038098	652	PLAYER Halp	EXP	Constitution	0.6666666666666666
1774807038098	652	PLAYER Halp	SET_EXP	Constitution	12508
1774807038099	652	PLAYER Lash	EXP	Mining	17.5
1774807038099	652	PLAYER Lash	TOTAL_LEVEL_UP	10
1774807038099	652	PLAYER Lash	TASK_COMPLETED	on_the_level_task
1774807038099	652	PLAYER Lash	LEVEL_UP	Mining	11
1774807038099	652	PLAYER Lash	SET_EXP	Mining	13650
1774807038100	652	PLAYER HeadHunter	TOOK	FLOOR_ITEM bones:1	TILE 3231,3300,0
1774807038100	652	PLAYER Tuga	EXP	Fishing	10.0
1774807038100	652	PLAYER Tuga	SET_EXP	Fishing	15600
1774807038676	653	BOT Matoya	START_ACTIVITY	go_to_bank
1774807038676	653	BOT DeepDan	FAILED	go_to_bank	Stuck	0	BotWalkTo
1774807038676	653	BOT SkidMark	START_ACTIVITY	go_to_varrock_south_east_mine
1774807038676	653	BOT SpeedHack99	START_ACTIVITY	go_to_varrock_south_east_mine
1774807038676	653	BOT ProPunch	FAILED	go_to_varrock_south_east_mine	Stuck	0	BotWalkTo
1774807038690	653	PLAYER HeadHunter	KILLED	NPC chicken_brown:10356	TILE 3226,3297,0
1774807038691	653	NPC chicken_brown:10356	DROPPED	ITEM feather:5	ITEM bones:1	ITEM raw_chicken:1
1774807038702	653	PLAYER PrairieP	EXP	Attack	3.6
1774807038702	653	PLAYER PrairieP	SET_EXP	Attack	9336
1774807038702	653	PLAYER PrairieP	EXP	Constitution	1.2
1774807038702	653	PLAYER PrairieP	SET_EXP	Constitution	14652
1774807038703	653	PLAYER HeadHunter	TOOK	FLOOR_ITEM raw_chicken:1	TILE 3231,3300,0
1774807039276	654	BOT Skoll	FAILED	go_to_bank	Stuck	0	BotWalkTo
1774807039299	654	PLAYER YutytyrannY	EXP	Fishing	10.0
1774807039299	654	PLAYER YutytyrannY	SET_EXP	Fishing	12600
1774807039300	654	PLAYER Blueberry	EXP	Strength	0.8
1774807039300	654	PLAYER Blueberry	SET_EXP	Strength	13080
1774807039300	654	PLAYER Blueberry	EXP	Constitution	0.26666666666666666
1774807039300	654	PLAYER Blueberry	SET_EXP	Constitution	15900
1774807039302	654	PLAYER AprilFool	EXP	Thieving	8.0
1774807039302	654	PLAYER AprilFool	TOTAL_LEVEL_UP	11
1774807039302	654	PLAYER AprilFool	LEVEL_UP	Thieving	7
1774807039302	654	PLAYER AprilFool	SET_EXP	Thieving	6720
1774807039878	655	BOT DeepDan	START_ACTIVITY	go_to_bank
1774807039878	655	BOT ProPunch	START_ACTIVITY	go_to_varrock_south_east_mine
1774807039904	655	PLAYER SacredProf	EXP	Defence	0.8
1774807039904	655	PLAYER SacredProf	SET_EXP	Defence	10128
1774807039904	655	PLAYER SacredProf	EXP	Constitution	0.26666666666666666
1774807039904	655	PLAYER SacredProf	SET_EXP	Constitution	14916
1774807039905	655	PLAYER HeadHunter	EXP	Attack	4.4
1774807039905	655	PLAYER HeadHunter	SET_EXP	Attack	10344
1774807039905	655	PLAYER HeadHunter	EXP	Constitution	1.4666666666666666
1774807039905	655	PLAYER HeadHunter	SET_EXP	Constitution	14988
1774807040478	656	BOT Matoya	FAILED	go_to_bank	Stuck	0	BotWalkTo
1774807040478	656	BOT ThreatPeace	COMPLETED	go_to_bank
1774807040478	656	BOT SkidMark	FAILED	go_to_varrock_south_east_mine	Stuck	0	BotWalkTo
1774807040478	656	BOT SpeedHack99	FAILED	go_to_varrock_south_east_mine	Stuck	0	BotWalkTo
1774807040478	656	BOT Skoll	START_ACTIVITY	go_to_bank
1774807040501	656	PLAYER CamelCarl	EXP	Mining	17.5
1774807040501	656	PLAYER CamelCarl	TOTAL_LEVEL_UP	19
1774807040501	656	PLAYER CamelCarl	LEVEL_UP	Mining	8
1774807040501	656	PLAYER CamelCarl	SET_EXP	Mining	8400
1774807040502	656	PLAYER Dwarf Mine	EXP	Mining	17.5
1774807040502	656	PLAYER Dwarf Mine	TASK_COMPLETED	hack_and_smash_task
1774807040502	656	PLAYER Dwarf Mine	TOTAL_LEVEL_UP	4
1774807040502	656	PLAYER Dwarf Mine	LEVEL_UP	Mining	5
1774807040502	656	PLAYER Dwarf Mine	SET_EXP	Mining	4200
1774807041078	657	BOT DeepDan	FAILED	go_to_bank	Stuck	0	BotWalkTo
1774807041079	657	BOT Farmer Plow	COMPLETED	go_to_lumbridge_swamp_east_tin_mine
1774807041105	657	PLAYER Tuga	EXP	Fishing	10.0
1774807041105	657	PLAYER Tuga	TOTAL_LEVEL_UP	11
1774807041105	657	PLAYER Tuga	LEVEL_UP	Fishing	12
1774807041105	657	PLAYER Tuga	SET_EXP	Fishing	16200
1774807041106	657	PLAYER PrairieP	EXP	Attack	0.4
1774807041106	657	PLAYER PrairieP	SET_EXP	Attack	9360
1774807041106	657	PLAYER PrairieP	EXP	Constitution	0.13333333333333333
1774807041106	657	PLAYER PrairieP	SET_EXP	Constitution	14660
1774807041679	658	BOT Matoya	START_ACTIVITY	go_to_bank
1774807041679	658	BOT SkidMark	START_ACTIVITY	go_to_varrock_south_east_mine
1774807041679	658	BOT SpeedHack99	START_ACTIVITY	go_to_varrock_south_east_mine
1774807041679	658	BOT ProPunch	FAILED	go_to_varrock_south_east_mine	Stuck	0	BotWalkTo
1774807041679	658	BOT FuturePast	COMPLETED	go_to_lumbridge_swamp_east_tin_mine
1774807041702	658	PLAYER AprilFool	EXP	Thieving	8.0
1774807041702	658	PLAYER AprilFool	SET_EXP	Thieving	7200
1774807041702	658	PLAYER Blueberry	EXP	Strength	2.0
1774807041702	658	PLAYER Blueberry	SET_EXP	Strength	13200
1774807041703	658	PLAYER Blueberry	EXP	Constitution	0.6666666666666666
1774807041703	658	PLAYER Blueberry	SET_EXP	Constitution	15940
1774807041704	658	PLAYER Waves	TELED	TILE 3205,3209,1
1774807042279	659	BOT Hanbo Short	COMPLETED	withdraw_from_bank
1774807042279	659	BOT Tuga	COMPLETED	lumbridge_net_fishing
1774807042279	659	BOT DeepDan	START_ACTIVITY	go_to_bank
1774807042279	659	BOT Skoll	FAILED	go_to_bank	Stuck	0	BotWalkTo
1774807042279	659	BOT Farmer Plow	COMPLETED	go_to_area
1774807042304	659	PLAYER HeadHunter	EXP	Attack	0.8
1774807042304	659	PLAYER HeadHunter	SET_EXP	Attack	10392
1774807042304	659	PLAYER HeadHunter	EXP	Constitution	0.26666666666666666
1774807042304	659	PLAYER HeadHunter	SET_EXP	Constitution	15004
1774807042305	659	PLAYER SacredProf	EXP	Defence	0.4
1774807042305	659	PLAYER SacredProf	SET_EXP	Defence	10152
1774807042306	659	PLAYER SacredProf	EXP	Constitution	0.13333333333333333
1774807042306	659	PLAYER SacredProf	SET_EXP	Constitution	14924
1774807042879	660	BOT Hanbo Short	START_ACTIVITY	buy_from_shop
1774807042880	660	BOT Tuga	ASSIGNED	lumbridge_net_fishing
1774807042880	660	BOT ProPunch	START_ACTIVITY	go_to_varrock_south_east_mine
1774807042880	660	BOT FuturePast	COMPLETED	go_to_area
1774807042880	660	BOT Farmer Plow	START_ACTIVITY	lumbridge_tin_mining
1774807042901	660	PLAYER Zapdos	EXP	Defence	5.6
1774807042901	660	PLAYER Zapdos	SET_EXP	Defence	9192
1774807042902	660	PLAYER Zapdos	EXP	Constitution	1.8666666666666667
1774807042902	660	PLAYER Zapdos	SET_EXP	Constitution	14604
1774807042903	660	PLAYER Gunslinger	EXP	Mining	17.5
1774807042903	660	PLAYER Gunslinger	SET_EXP	Mining	23100
1774807043481	661	BOT Tuga	START_RESOLVER	withdraw_from_bank	lumbridge_net_fishing
1774807043481	661	BOT Matoya	FAILED	go_to_bank	Stuck	0	BotWalkTo
1774807043481	661	BOT DeepDan	FAILED	go_to_bank	Stuck	0	BotWalkTo
1774807043481	661	BOT SkidMark	FAILED	go_to_varrock_south_east_mine	Stuck	0	BotWalkTo
1774807043481	661	BOT SpeedHack99	FAILED	go_to_varrock_south_east_mine	Stuck	0	BotWalkTo
1774807043481	661	BOT Skoll	START_ACTIVITY	go_to_bank
1774807043481	661	BOT FuturePast	START_ACTIVITY	lumbridge_tin_mining
1774807043481	661	BOT UnknownX	FAILED	varrock_east_tin_mining	Timeout	0	BotInteractObject
1774807043506	661	PLAYER Bob	EXP	Mining	17.5
1774807043506	661	PLAYER Bob	TOTAL_LEVEL_UP	9
1774807043506	661	PLAYER Bob	LEVEL_UP	Mining	10
1774807043506	661	PLAYER Bob	SET_EXP	Mining	11550
1774807044081	662	BOT Hanbo Short	START_ACTIVITY	go_to_bobs_axe_shop
1774807044081	662	BOT Tuga	START_ACTIVITY	withdraw_from_bank
1774807044082	662	BOT UnknownX	ASSIGNED	lumbridge_firemaking_logs
1774807044104	662	PLAYER AprilFool	EXP	Thieving	8.0
1774807044104	662	PLAYER AprilFool	SET_EXP	Thieving	7680
1774807044104	662	PLAYER Halp	EXP	Magic	8.9
1774807044104	662	PLAYER Halp	TOTAL_LEVEL_UP	8
1774807044104	662	PLAYER Halp	LEVEL_UP	Magic	6
1774807044105	662	PLAYER Halp	SET_EXP	Magic	5616
1774807044105	662	PLAYER Halp	EXP	Constitution	2.2666666666666666
1774807044105	662	PLAYER Halp	SET_EXP	Constitution	12644
1774807044106	662	PLAYER Waves	TELED	TILE 3205,3209,2
1774807044106	662	PLAYER FullStackF	EXP	Fishing	10.0
1774807044106	662	PLAYER FullStackF	SET_EXP	Fishing	7200
1774807044682	663	BOT Matoya	START_ACTIVITY	go_to_bank
1774807044682	663	BOT DeepDan	START_ACTIVITY	go_to_bank
1774807044682	663	BOT SkidMark	START_ACTIVITY	go_to_varrock_south_east_mine
1774807044682	663	BOT SpeedHack99	START_ACTIVITY	go_to_varrock_south_east_mine
1774807044682	663	BOT ProPunch	FAILED	go_to_varrock_south_east_mine	Stuck	0	BotWalkTo
1774807044682	663	BOT UnknownX	START_RESOLVER	withdraw_from_bank	lumbridge_firemaking_logs
1774807044698	663	PLAYER PrairieP	KILLED	NPC chicken_brown:10357	TILE 3230,3298,0
1774807044698	663	NPC chicken_brown:10357	DROPPED	ITEM feather:5	ITEM bones:1	ITEM raw_chicken:1
1774807044709	663	PLAYER HeadHunter	EXP	Attack	2.0
1774807044709	663	PLAYER HeadHunter	SET_EXP	Attack	10512
1774807044710	663	PLAYER HeadHunter	EXP	Constitution	0.6666666666666666
1774807044710	663	PLAYER HeadHunter	SET_EXP	Constitution	15044
1774807045282	664	BOT Tuga	START_ACTIVITY	go_to_bank
1774807045283	664	BOT Skoll	FAILED	go_to_bank	Stuck	0	BotWalkTo
1774807045283	664	BOT UnknownX	START_ACTIVITY	withdraw_from_bank
1774807045305	664	PLAYER Zapdos	EXP	Defence	1.2
1774807045305	664	PLAYER Zapdos	SET_EXP	Defence	9264
1774807045305	664	PLAYER Zapdos	EXP	Constitution	0.4
1774807045305	664	PLAYER Zapdos	SET_EXP	Constitution	14628
1774807045883	665	BOT DeepDan	FAILED	go_to_bank	Stuck	0	BotWalkTo
1774807045883	665	BOT ProPunch	START_ACTIVITY	go_to_varrock_south_east_mine
1774807045909	665	PLAYER PrairieP	EXP	Attack	3.2
1774807045909	665	PLAYER PrairieP	SET_EXP	Attack	9552
1774807045909	665	PLAYER PrairieP	EXP	Constitution	1.0666666666666667
1774807045909	665	PLAYER PrairieP	SET_EXP	Constitution	14724
1774807046483	666	BOT Matoya	FAILED	go_to_bank	Stuck	0	BotWalkTo
1774807046483	666	BOT SkidMark	FAILED	go_to_varrock_south_east_mine	Stuck	0	BotWalkTo
1774807046483	666	BOT SpeedHack99	FAILED	go_to_varrock_south_east_mine	Stuck	0	BotWalkTo
1774807046483	666	BOT Skoll	START_ACTIVITY	go_to_bank
1774807046507	666	PLAYER Dwarf Mine	EXP	Mining	17.5
1774807046507	666	PLAYER Dwarf Mine	TOTAL_LEVEL_UP	5
1774807046507	666	PLAYER Dwarf Mine	LEVEL_UP	Mining	6
1774807046507	666	PLAYER Dwarf Mine	SET_EXP	Mining	5250
1774807047084	667	BOT DeepDan	START_ACTIVITY	go_to_bank
1774807047110	667	PLAYER HeadHunter	EXP	Attack	2.4
1774807047110	667	PLAYER HeadHunter	SET_EXP	Attack	10656
1774807047110	667	PLAYER HeadHunter	EXP	Constitution	0.8
1774807047110	667	PLAYER HeadHunter	SET_EXP	Constitution	15092
1774807047110	667	PLAYER UnknownX	EXP	Mining	17.5
1774807047110	667	PLAYER UnknownX	SET_EXP	Mining	9450
1774807047111	667	PLAYER Halp	EXP	Magic	5.9
1774807047111	667	PLAYER Halp	SET_EXP	Magic	5970
1774807047111	667	PLAYER Halp	EXP	Constitution	0.26666666666666666
1774807047111	667	PLAYER Halp	SET_EXP	Constitution	12660
1774807047113	667	PLAYER IceBerg	EXP	Fishing	10.0
1774807047113	667	PLAYER IceBerg	TOTAL_LEVEL_UP	9
1774807047113	667	PLAYER IceBerg	LEVEL_UP	Fishing	10
1774807047113	667	PLAYER IceBerg	SET_EXP	Fishing	12000
1774807047113	667	PLAYER SacredProf	EXP	Defence	1.2
1774807047113	667	PLAYER SacredProf	SET_EXP	Defence	10224
1774807047114	667	PLAYER SacredProf	EXP	Constitution	0.4
1774807047114	667	PLAYER SacredProf	SET_EXP	Constitution	14948
1774807047114	667	PLAYER FullStackF	EXP	Fishing	10.0
1774807047114	667	PLAYER FullStackF	SET_EXP	Fishing	7800
1774807047685	668	BOT Matoya	START_ACTIVITY	go_to_bank
1774807047685	668	BOT SkidMark	START_ACTIVITY	go_to_varrock_south_east_mine
1774807047685	668	BOT SpeedHack99	START_ACTIVITY	go_to_varrock_south_east_mine
1774807047685	668	BOT ProPunch	FAILED	go_to_varrock_south_east_mine	Stuck	0	BotWalkTo
1774807047685	668	BOT Waves	COMPLETED	go_to_bank
1774807047707	668	PLAYER Zapdos	EXP	Defence	1.6
1774807047707	668	PLAYER Zapdos	SET_EXP	Defence	9360
1774807047708	668	PLAYER Zapdos	EXP	Constitution	0.5333333333333333
1774807047708	668	PLAYER Zapdos	SET_EXP	Constitution	14660
1774807048285	669	BOT DeepDan	FAILED	go_to_bank	Stuck	0	BotWalkTo
1774807048286	669	BOT Skoll	FAILED	go_to_bank	Stuck	0	BotWalkTo
1774807048286	669	BOT UnknownX	START_ACTIVITY	go_to_bank
1774807048312	669	PLAYER FireStarter	EXP	Mining	17.5
1774807048312	669	PLAYER FireStarter	SET_EXP	Mining	6300
1774807048886	670	BOT ThreatPeace	COMPLETED	withdraw_from_bank
1774807048886	670	BOT Starmie	FAILED	go_to_bank	Stuck	0	BotWalkTo
1774807048887	670	BOT ProPunch	START_ACTIVITY	go_to_varrock_south_east_mine
1774807048909	670	PLAYER Hanbo Short	TELED	TILE 3205,3209,1
1774807049487	671	BOT Matoya	FAILED	go_to_bank	Stuck	0	BotWalkTo
1774807049487	671	BOT DeepDan	START_ACTIVITY	go_to_bank
1774807049487	671	BOT ThreatPeace	START_RESOLVER	equip_items	kill_freds_chickens_strength
1774807049487	671	BOT SkidMark	FAILED	go_to_varrock_south_east_mine	Stuck	0	BotWalkTo
1774807049487	671	BOT SpeedHack99	FAILED	go_to_varrock_south_east_mine	Stuck	0	BotWalkTo
1774807049487	671	BOT Skoll	START_ACTIVITY	go_to_bank
1774807049512	671	PLAYER HeadHunter	EXP	Attack	2.4
1774807049512	671	PLAYER HeadHunter	SET_EXP	Attack	10800
1774807049512	671	PLAYER HeadHunter	EXP	Constitution	0.8
1774807049512	671	PLAYER HeadHunter	SET_EXP	Constitution	15140
1774807049514	671	PLAYER SacredProf	EXP	Defence	1.6
1774807049514	671	PLAYER SacredProf	SET_EXP	Defence	10320
1774807049514	671	PLAYER SacredProf	EXP	Constitution	0.5333333333333333
1774807049514	671	PLAYER SacredProf	SET_EXP	Constitution	14980
1774807050088	672	BOT ThreatPeace	START_ACTIVITY	equip_items
1774807050088	672	BOT Starmie	START_ACTIVITY	go_to_bank
1774807050110	672	PLAYER Halp	EXP	Magic	8.5
1774807050110	672	PLAYER Halp	SET_EXP	Magic	6480
1774807050110	672	PLAYER Halp	EXP	Constitution	2.0
1774807050110	672	PLAYER Halp	SET_EXP	Constitution	12780
1774807050689	673	BOT Matoya	START_ACTIVITY	go_to_bank
1774807050689	673	BOT DeepDan	FAILED	go_to_bank	Stuck	0	BotWalkTo
1774807050690	673	PLAYER ThreatPeace	TASK_COMPLETED	armed_and_dangerous_task
1774807050690	673	BOT SkidMark	START_ACTIVITY	go_to_varrock_south_east_mine
1774807050690	673	BOT SpeedHack99	START_ACTIVITY	go_to_varrock_south_east_mine
1774807050690	673	BOT ProPunch	FAILED	go_to_varrock_south_east_mine	Stuck	0	BotWalkTo
1774807050716	673	PLAYER Zapdos	EXP	Defence	2.8
1774807050716	673	PLAYER Zapdos	SET_EXP	Defence	9528
1774807050716	673	PLAYER Zapdos	EXP	Constitution	0.9333333333333333
1774807050716	673	PLAYER Zapdos	SET_EXP	Constitution	14716
1774807050717	673	PLAYER PrairieP	EXP	Attack	5.2
1774807050717	673	PLAYER PrairieP	TOTAL_LEVEL_UP	9
1774807050717	673	PLAYER PrairieP	LEVEL_UP	Attack	9
1774807050717	673	PLAYER PrairieP	SET_EXP	Attack	9864
1774807050718	673	PLAYER PrairieP	EXP	Constitution	1.7333333333333334
1774807050718	673	PLAYER PrairieP	SET_EXP	Constitution	14828
1774807051290	674	BOT ThreatPeace	COMPLETED	equip_items
1774807051290	674	BOT Starmie	FAILED	go_to_bank	Stuck	0	BotWalkTo
1774807051290	674	BOT Skoll	FAILED	go_to_bank	Stuck	0	BotWalkTo
1774807051302	674	PLAYER Zapdos	KILLED	NPC chicken_brown:10360	TILE 3236,3293,0
1774807051302	674	NPC chicken_brown:10360	DROPPED	ITEM feather:15	ITEM bones:1	ITEM raw_chicken:1
1774807051312	674	PLAYER Blueberry	EXP	Strength	4.0
1774807051312	674	PLAYER Blueberry	SET_EXP	Strength	13440
1774807051312	674	PLAYER Blueberry	EXP	Constitution	1.3333333333333333
1774807051312	674	PLAYER Blueberry	SET_EXP	Constitution	16020
1774807051313	674	PLAYER YutytyrannY	EXP	Fishing	10.0
1774807051313	674	PLAYER YutytyrannY	SET_EXP	Fishing	13200
1774807051313	674	PLAYER DownUp99	EXP	Mining	17.5
1774807051313	674	PLAYER DownUp99	SET_EXP	Mining	14700
1774807051314	674	PLAYER Hanbo Short	TELED	TILE 3205,3209,0
1774807051314	674	PLAYER zedders	EXP	Attack	4.8
1774807051314	674	PLAYER zedders	SET_EXP	Attack	2448
1774807051314	674	PLAYER zedders	EXP	Constitution	1.6
1774807051314	674	PLAYER zedders	SET_EXP	Constitution	12356
1774807051890	675	BOT DeepDan	START_ACTIVITY	go_to_bank
1774807051890	675	BOT ThreatPeace	START_RESOLVER	go_to_area	kill_freds_chickens_strength
1774807051890	675	BOT ProPunch	START_ACTIVITY	go_to_varrock_south_east_mine
1774807051915	675	PLAYER HeadHunter	EXP	Attack	3.6
1774807051915	675	PLAYER HeadHunter	SET_EXP	Attack	11016
1774807051915	675	PLAYER HeadHunter	EXP	Constitution	1.2
1774807051915	675	PLAYER HeadHunter	SET_EXP	Constitution	15212
1774807051917	675	PLAYER SacredProf	EXP	Defence	5.6
1774807051917	675	PLAYER SacredProf	SET_EXP	Defence	10656
1774807051917	675	PLAYER SacredProf	EXP	Constitution	1.8666666666666667
1774807051917	675	PLAYER SacredProf	SET_EXP	Constitution	15092
1774807052491	676	BOT Matoya	FAILED	go_to_bank	Stuck	0	BotWalkTo
1774807052491	676	BOT ThreatPeace	START_ACTIVITY	go_to_area
1774807052491	676	BOT SkidMark	FAILED	go_to_varrock_south_east_mine	Stuck	0	BotWalkTo
1774807052491	676	BOT Starmie	START_ACTIVITY	go_to_bank
1774807052491	676	BOT SpeedHack99	FAILED	go_to_varrock_south_east_mine	Stuck	0	BotWalkTo
1774807052491	676	BOT Skoll	START_ACTIVITY	go_to_bank
1774807052514	676	PLAYER ThinkBLUE45	TASK_COMPLETED	on_the_run_task
1774807052515	676	PLAYER StyracoS	TELED	TILE 3205,3209,1
1774807053092	677	BOT DeepDan	FAILED	go_to_bank	Stuck	0	BotWalkTo
1774807053106	677	PLAYER HeadHunter	KILLED	NPC chicken:10310	TILE 3227,3300,0
1774807053106	677	NPC chicken:10310	DROPPED	ITEM feather:15	ITEM bones:1	ITEM raw_chicken:1
1774807053118	677	PLAYER Halp	EXP	Magic	9.5
1774807053118	677	PLAYER Halp	TOTAL_LEVEL_UP	9
1774807053118	677	PLAYER Halp	LEVEL_UP	Magic	7
1774807053118	677	PLAYER Halp	SET_EXP	Magic	7050
1774807053118	677	PLAYER Halp	EXP	Constitution	2.6666666666666665
1774807053118	677	PLAYER Halp	SET_EXP	Constitution	12940
1774807053119	677	PLAYER SparrowS	EXP	Fishing	10.0
1774807053119	677	PLAYER SparrowS	TOTAL_LEVEL_UP	11
1774807053119	677	PLAYER SparrowS	LEVEL_UP	Fishing	12
1774807053119	677	PLAYER SparrowS	SET_EXP	Fishing	16200
1774807053119	677	PLAYER PrairieP	EXP	Attack	2.4
1774807053119	677	PLAYER PrairieP	SET_EXP	Attack	10008
1774807053120	677	PLAYER PrairieP	EXP	Constitution	0.8
1774807053120	677	PLAYER PrairieP	SET_EXP	Constitution	14876
1774807053120	677	PLAYER FullStackF	EXP	Fishing	10.0
1774807053120	677	PLAYER FullStackF	TOTAL_LEVEL_UP	7
1774807053120	677	PLAYER FullStackF	LEVEL_UP	Fishing	8
1774807053120	677	PLAYER FullStackF	SET_EXP	Fishing	8400
1774807053692	678	BOT Matoya	START_ACTIVITY	go_to_bank
1774807053692	678	BOT ThreatPeace	START_ACTIVITY	go_to_lumbridge_chicken_pen
1774807053692	678	BOT SkidMark	START_ACTIVITY	go_to_varrock_south_east_mine
1774807053692	678	BOT Starmie	FAILED	go_to_bank	Stuck	0	BotWalkTo
1774807053692	678	BOT SpeedHack99	START_ACTIVITY	go_to_varrock_south_east_mine
1774807053692	678	BOT ProPunch	FAILED	go_to_varrock_south_east_mine	Stuck	0	BotWalkTo
1774807053715	678	PLAYER AprilFool	EXP	Thieving	8.0
1774807053715	678	PLAYER AprilFool	TOTAL_LEVEL_UP	12
1774807053715	678	PLAYER AprilFool	LEVEL_UP	Thieving	8
1774807053715	678	PLAYER AprilFool	SET_EXP	Thieving	8160
1774807053716	678	PLAYER FireStarter	EXP	Mining	17.5
1774807053716	678	PLAYER FireStarter	TOTAL_LEVEL_UP	6
1774807053716	678	PLAYER FireStarter	LEVEL_UP	Mining	7
1774807053716	678	PLAYER FireStarter	SET_EXP	Mining	7350
1774807053717	678	PLAYER zedders	EXP	Attack	3.6
1774807053717	678	PLAYER zedders	SET_EXP	Attack	2664
1774807053717	678	PLAYER zedders	EXP	Constitution	1.2
1774807053717	678	PLAYER zedders	SET_EXP	Constitution	12428
1774807054293	679	BOT DeepDan	START_ACTIVITY	go_to_bank
1774807054293	679	BOT Skoll	FAILED	go_to_bank	Stuck	0	BotWalkTo
1774807054293	679	BOT Ril	FAILED	lumbridge_tin_mining	Timeout	0	BotInteractObject
1774807054293	679	BOT SparrowS	COMPLETED	lumbridge_net_fishing
1774807054318	679	PLAYER HeadHunter	EXP	Attack	0.8
1774807054318	679	PLAYER HeadHunter	SET_EXP	Attack	11064
1774807054319	679	PLAYER HeadHunter	EXP	Constitution	0.26666666666666666
1774807054319	679	PLAYER HeadHunter	SET_EXP	Constitution	15228
1774807054320	679	PLAYER SacredProf	EXP	Defence	2.4
1774807054320	679	PLAYER SacredProf	SET_EXP	Defence	10800
1774807054320	679	PLAYER SacredProf	EXP	Constitution	0.8
1774807054320	679	PLAYER SacredProf	SET_EXP	Constitution	15140
1774807054894	680	BOT Starmie	START_ACTIVITY	go_to_bank
1774807054894	680	BOT Ril	ASSIGNED	draynor_north_trees
1774807054894	680	BOT ProPunch	START_ACTIVITY	go_to_varrock_south_east_mine
1774807054894	680	BOT SparrowS	ASSIGNED	lumbridge_net_fishing
1774807054918	680	PLAYER StyracoS	TELED	TILE 3205,3209,2
1774807055495	681	BOT Matoya	FAILED	go_to_bank	Stuck	0	BotWalkTo
1774807055495	681	BOT DeepDan	FAILED	go_to_bank	Stuck	0	BotWalkTo
1774807055495	681	BOT SkidMark	FAILED	go_to_varrock_south_east_mine	Stuck	0	BotWalkTo
1774807055495	681	BOT SpeedHack99	FAILED	go_to_varrock_south_east_mine	Stuck	0	BotWalkTo
1774807055495	681	BOT Skoll	START_ACTIVITY	go_to_bank
1774807055495	681	BOT Ril	START_RESOLVER	withdraw_from_bank	draynor_north_trees
1774807055495	681	BOT SparrowS	START_RESOLVER	withdraw_from_bank	lumbridge_net_fishing
1774807055520	681	PLAYER BigOof	EXP	Fishing	10.0
1774807055520	681	PLAYER BigOof	TOTAL_LEVEL_UP	8
1774807055520	681	PLAYER BigOof	LEVEL_UP	Fishing	9
1774807055520	681	PLAYER BigOof	SET_EXP	Fishing	10200
1774807055520	681	PLAYER PrairieP	EXP	Attack	1.2
1774807055520	681	PLAYER PrairieP	SET_EXP	Attack	10080
1774807055521	681	PLAYER PrairieP	EXP	Constitution	0.4
1774807055521	681	PLAYER PrairieP	SET_EXP	Constitution	14900
1774807056096	682	BOT Starmie	FAILED	go_to_bank	Stuck	0	BotWalkTo
1774807056096	682	BOT Ril	START_ACTIVITY	withdraw_from_bank
1774807056096	682	BOT SparrowS	START_ACTIVITY	withdraw_from_bank
1774807056118	682	PLAYER Halp	EXP	Magic	7.3
1774807056118	682	PLAYER Halp	SET_EXP	Magic	7488
1774807056118	682	PLAYER Halp	EXP	Constitution	1.2
1774807056118	682	PLAYER Halp	SET_EXP	Constitution	13012
1774807056119	682	PLAYER IceBerg	EXP	Fishing	10.0
1774807056119	682	PLAYER IceBerg	SET_EXP	Fishing	12600
1774807056119	682	PLAYER zedders	EXP	Attack	4.8
1774807056120	682	PLAYER zedders	TOTAL_LEVEL_UP	3
1774807056120	682	PLAYER zedders	LEVEL_UP	Attack	4
1774807056120	682	PLAYER zedders	SET_EXP	Attack	2952
1774807056120	682	PLAYER zedders	EXP	Constitution	1.6
1774807056120	682	PLAYER zedders	SET_EXP	Constitution	12524
1774807056696	683	BOT Matoya	START_ACTIVITY	go_to_bank
1774807056696	683	BOT DeepDan	START_ACTIVITY	go_to_bank
1774807056696	683	BOT SkidMark	START_ACTIVITY	go_to_varrock_south_east_mine
1774807056696	683	BOT SpeedHack99	START_ACTIVITY	go_to_varrock_south_east_mine
1774807056696	683	BOT ProPunch	FAILED	go_to_varrock_south_east_mine	Stuck	0	BotWalkTo
1774807056721	683	PLAYER HeadHunter	EXP	Attack	0.4
1774807056721	683	PLAYER HeadHunter	SET_EXP	Attack	11088
1774807056722	683	PLAYER HeadHunter	EXP	Constitution	0.13333333333333333
1774807056722	683	PLAYER HeadHunter	SET_EXP	Constitution	15236
1774807056723	683	PLAYER DownUp99	EXP	Mining	17.5
1774807056723	683	PLAYER DownUp99	SET_EXP	Mining	15750
1774807057297	684	BOT Starmie	START_ACTIVITY	go_to_bank
1774807057297	684	BOT Skoll	FAILED	go_to_bank	Stuck	0	BotWalkTo
1774807057297	684	BOT SparrowS	START_ACTIVITY	go_to_bank
1774807057297	684	BOT Waves	COMPLETED	withdraw_from_bank
1774807057320	684	PLAYER Ember	EXP	Mining	5.0
1774807057320	684	PLAYER Ember	TOTAL_LEVEL_UP	7
1774807057320	684	PLAYER Ember	LEVEL_UP	Mining	8
1774807057320	684	PLAYER Ember	SET_EXP	Mining	8100
1774807057320	684	PLAYER YutytyrannY	EXP	Fishing	10.0
1774807057320	684	PLAYER YutytyrannY	TOTAL_LEVEL_UP	10
1774807057320	684	PLAYER YutytyrannY	TASK_COMPLETED	on_the_level_task
1774807057321	684	PLAYER YutytyrannY	LEVEL_UP	Fishing	11
1774807057321	684	PLAYER YutytyrannY	SET_EXP	Fishing	13800
1774807057321	684	PLAYER PrairieP	TOOK	FLOOR_ITEM feather:5	TILE 3230,3298,0
1774807057897	685	BOT DeepDan	FAILED	go_to_bank	Stuck	0	BotWalkTo
1774807057897	685	BOT ProPunch	START_ACTIVITY	go_to_varrock_south_east_mine
1774807057912	685	PLAYER SacredProf	KILLED	NPC chicken_brown:10358	TILE 3226,3301,0
1774807057912	685	NPC chicken_brown:10358	DROPPED	ITEM bones:1	ITEM raw_chicken:1
1774807057922	685	PLAYER Zapdos	EXP	Defence	2.0
1774807057922	685	PLAYER Zapdos	SET_EXP	Defence	9648
1774807057923	685	PLAYER Zapdos	EXP	Constitution	0.6666666666666666
1774807057923	685	PLAYER Zapdos	SET_EXP	Constitution	14756
1774807057924	685	PLAYER Farmer Plow	EXP	Mining	17.5
1774807057924	685	PLAYER Farmer Plow	TASK_COMPLETED	hack_and_smash_task
1774807057924	685	PLAYER Farmer Plow	TOTAL_LEVEL_UP	4
1774807057924	685	PLAYER Farmer Plow	LEVEL_UP	Mining	5
1774807057924	685	PLAYER Farmer Plow	SET_EXP	Mining	4200
1774807057925	685	PLAYER Farmer Plow	TASK_COMPLETED	heavy_metal_task
1774807057925	685	PLAYER PrairieP	TOOK	FLOOR_ITEM bones:1	TILE 3230,3298,0
1774807058498	686	BOT Matoya	FAILED	go_to_bank	Stuck	0	BotWalkTo
1774807058498	686	BOT SkidMark	FAILED	go_to_varrock_south_east_mine	Stuck	0	BotWalkTo
1774807058498	686	BOT Starmie	FAILED	go_to_bank	Stuck	0	BotWalkTo
1774807058498	686	BOT Ember	COMPLETED	varrock_clay_mining
1774807058498	686	BOT SpeedHack99	FAILED	go_to_varrock_south_east_mine	Stuck	0	BotWalkTo
1774807058498	686	BOT Skoll	START_ACTIVITY	go_to_bank
1774807058498	686	BOT Waves	FAILED	lumbridge_cook_chicken	Requirement(BotBankSetup(items=[BotItem(ids=[raw_chicken], min=1, max=null, usable=false, equippable=false)]))	0	BotItemOnObject
1774807058498	686	BOT StyracoS	COMPLETED	go_to_bank
1774807058520	686	PLAYER Blueberry	EXP	Strength	1.6
1774807058520	686	PLAYER Blueberry	SET_EXP	Strength	13536
1774807058520	686	PLAYER Blueberry	EXP	Constitution	0.5333333333333333
1774807058520	686	PLAYER Blueberry	SET_EXP	Constitution	16052
1774807058522	686	PLAYER PrairieP	TOOK	FLOOR_ITEM raw_chicken:1	TILE 3230,3298,0
1774807058522	686	PLAYER SacredProf	EXP	Defence	0.4
1774807058522	686	PLAYER SacredProf	SET_EXP	Defence	10824
1774807058522	686	PLAYER SacredProf	EXP	Constitution	0.13333333333333333
1774807058522	686	PLAYER SacredProf	SET_EXP	Constitution	15148
1774807058523	686	PLAYER zedders	EXP	Attack	3.6
1774807058523	686	PLAYER zedders	SET_EXP	Attack	3168
1774807058523	686	PLAYER zedders	EXP	Constitution	1.2
1774807058523	686	PLAYER zedders	SET_EXP	Constitution	12596
1774807059099	687	BOT DeepDan	START_ACTIVITY	go_to_bank
1774807059099	687	BOT Ember	ASSIGNED	varrock_clay_mining
1774807059099	687	BOT Waves	ASSIGNED	lumbridge_east_tree_cutting
1774807059114	687	PLAYER PrairieP	KILLED	NPC chicken:10308	TILE 3231,3300,0
1774807059114	687	NPC chicken:10308	DROPPED	ITEM feather:15	ITEM bones:1	ITEM raw_chicken:1
1774807059124	687	PLAYER Bob	EXP	Mining	17.5
1774807059124	687	PLAYER Bob	SET_EXP	Mining	12600
1774807059125	687	PLAYER HeadHunter	EXP	Attack	1.2
1774807059125	687	PLAYER HeadHunter	SET_EXP	Attack	11160
1774807059125	687	PLAYER HeadHunter	EXP	Constitution	0.4
1774807059125	687	PLAYER HeadHunter	SET_EXP	Constitution	15260
1774807059126	687	PLAYER Halp	EXP	Magic	7.5
1774807059126	687	PLAYER Halp	SET_EXP	Magic	7938
1774807059126	687	PLAYER Halp	EXP	Constitution	1.3333333333333333
1774807059126	687	PLAYER Halp	SET_EXP	Constitution	13092
1774807059700	688	BOT Matoya	START_ACTIVITY	go_to_bank
1774807059700	688	BOT SkidMark	START_ACTIVITY	go_to_varrock_south_east_mine
1774807059700	688	BOT Starmie	START_ACTIVITY	go_to_bank
1774807059700	688	BOT Ember	START_RESOLVER	withdraw_from_bank	varrock_clay_mining
1774807059700	688	BOT SpeedHack99	START_ACTIVITY	go_to_varrock_south_east_mine
1774807059700	688	BOT ProPunch	FAILED	go_to_varrock_south_east_mine	Stuck	0	BotWalkTo
1774807059700	688	BOT Waves	START_RESOLVER	withdraw_from_bank	lumbridge_east_tree_cutting
1774807059723	688	PLAYER FakeTruth	EXP	Mining	5.0
1774807059723	688	PLAYER FakeTruth	TOTAL_LEVEL_UP	5
1774807059723	688	PLAYER FakeTruth	LEVEL_UP	Mining	6
1774807059723	688	PLAYER FakeTruth	SET_EXP	Mining	5400
1774807060301	689	BOT DeepDan	FAILED	go_to_bank	Stuck	0	BotWalkTo
1774807060301	689	BOT Ember	START_ACTIVITY	withdraw_from_bank
1774807060301	689	BOT Skoll	FAILED	go_to_bank	Stuck	0	BotWalkTo
1774807060301	689	BOT Waves	START_ACTIVITY	withdraw_from_bank
1774807060326	689	PLAYER Zapdos	EXP	Defence	5.2
1774807060326	689	PLAYER Zapdos	TOTAL_LEVEL_UP	9
1774807060326	689	PLAYER Zapdos	LEVEL_UP	Defence	9
1774807060326	689	PLAYER Zapdos	SET_EXP	Defence	9960
1774807060326	689	PLAYER Zapdos	EXP	Constitution	1.7333333333333334
1774807060326	689	PLAYER Zapdos	SET_EXP	Constitution	14860
1774807060327	689	PLAYER Ice	TELED	TILE 3205,3209,1
1774807060328	689	PLAYER PrairieP	EXP	Attack	3.6
1774807060328	689	PLAYER PrairieP	SET_EXP	Attack	10296
1774807060328	689	PLAYER PrairieP	EXP	Constitution	1.2
1774807060328	689	PLAYER PrairieP	SET_EXP	Constitution	14972
1774807060901	690	BOT Starmie	FAILED	go_to_bank	Stuck	0	BotWalkTo
1774807060901	690	BOT ProPunch	START_ACTIVITY	go_to_varrock_south_east_mine
1774807060901	690	BOT RhoRanger	COMPLETED	go_to_lumbridge_swamp_east_copper_mine
1774807060923	690	PLAYER Blueberry	EXP	Strength	8.4
1774807060923	690	PLAYER Blueberry	TOTAL_LEVEL_UP	12
1774807060923	690	PLAYER Blueberry	LEVEL_UP	Strength	11
1774807060923	690	PLAYER Blueberry	SET_EXP	Strength	14040
1774807060924	690	PLAYER Blueberry	EXP	Constitution	2.8
1774807060924	690	PLAYER Blueberry	SET_EXP	Constitution	16220
1774807060924	690	PLAYER ThinkBLUE45	EXP	Attack	0.8
1774807060924	690	PLAYER ThinkBLUE45	SET_EXP	Attack	48
1774807060925	690	PLAYER ThinkBLUE45	EXP	Constitution	0.26666666666666666
1774807060925	690	PLAYER ThinkBLUE45	SET_EXP	Constitution	11556
1774807060926	690	PLAYER SacredProf	EXP	Defence	4.0
1774807060926	690	PLAYER SacredProf	SET_EXP	Defence	11064
1774807060926	690	PLAYER SacredProf	EXP	Constitution	1.3333333333333333
1774807060926	690	PLAYER SacredProf	SET_EXP	Constitution	15228
1774807060927	690	PLAYER zedders	EXP	Attack	3.2
1774807060927	690	PLAYER zedders	SET_EXP	Attack	3360
1774807060927	690	PLAYER zedders	EXP	Constitution	1.0666666666666667
1774807060927	690	PLAYER zedders	SET_EXP	Constitution	12660
1774807061502	691	BOT Matoya	FAILED	go_to_bank	Stuck	0	BotWalkTo
1774807061502	691	BOT DeepDan	START_ACTIVITY	go_to_bank
1774807061502	691	BOT SkidMark	FAILED	go_to_varrock_south_east_mine	Stuck	0	BotWalkTo
1774807061502	691	BOT Ember	START_ACTIVITY	go_to_bank
1774807061502	691	BOT SpeedHack99	FAILED	go_to_varrock_south_east_mine	Stuck	0	BotWalkTo
1774807061502	691	BOT Skoll	START_ACTIVITY	go_to_bank
1774807061527	691	PLAYER HeadHunter	EXP	Attack	2.0
1774807061527	691	PLAYER HeadHunter	SET_EXP	Attack	11280
1774807061527	691	PLAYER HeadHunter	EXP	Constitution	0.6666666666666666
1774807061527	691	PLAYER HeadHunter	SET_EXP	Constitution	15300
1774807061528	691	PLAYER BigOof	EXP	Fishing	10.0
1774807061528	691	PLAYER BigOof	SET_EXP	Fishing	10800
1774807062103	692	BOT Starmie	START_ACTIVITY	go_to_bank
1774807062124	692	PLAYER SilentScrem	EXP	Mining	17.5
1774807062124	692	PLAYER SilentScrem	TOTAL_LEVEL_UP	15
1774807062124	692	PLAYER SilentScrem	LEVEL_UP	Mining	10
1774807062124	692	PLAYER SilentScrem	SET_EXP	Mining	11550
1774807062125	692	PLAYER IceBerg	EXP	Fishing	10.0
1774807062125	692	PLAYER IceBerg	SET_EXP	Fishing	13200
1774807062703	693	BOT Matoya	START_ACTIVITY	go_to_bank
1774807062703	693	BOT DeepDan	FAILED	go_to_bank	Stuck	0	BotWalkTo
1774807062703	693	BOT SkidMark	START_ACTIVITY	go_to_varrock_south_east_mine
1774807062703	693	BOT SpeedHack99	START_ACTIVITY	go_to_varrock_south_east_mine
1774807062703	693	BOT ProPunch	FAILED	go_to_varrock_south_east_mine	Stuck	0	BotWalkTo
1774807062703	693	BOT RhoRanger	COMPLETED	go_to_area
1774807062728	693	PLAYER Zapdos	EXP	Defence	1.6
1774807062728	693	PLAYER Zapdos	SET_EXP	Defence	10056
1774807062728	693	PLAYER Zapdos	EXP	Constitution	0.5333333333333333
1774807062728	693	PLAYER Zapdos	SET_EXP	Constitution	14892
1774807062729	693	PLAYER Ice	TELED	TILE 3205,3209,2
1774807062730	693	PLAYER PrairieP	EXP	Attack	5.6
1774807062730	693	PLAYER PrairieP	SET_EXP	Attack	10632
1774807062730	693	PLAYER PrairieP	EXP	Constitution	1.8666666666666667
1774807062730	693	PLAYER PrairieP	SET_EXP	Constitution	15084
1774807063304	694	BOT Starmie	FAILED	go_to_bank	Stuck	0	BotWalkTo
1774807063304	694	BOT Skoll	FAILED	go_to_bank	Stuck	0	BotWalkTo
1774807063304	694	BOT RhoRanger	START_ACTIVITY	lumbridge_copper_mining
1774807063326	694	PLAYER LazyLuke	TELED	TILE 3205,3209,1
1774807063327	694	PLAYER AprilFool	EXP	Thieving	8.0
1774807063327	694	PLAYER AprilFool	SET_EXP	Thieving	8640
1774807063328	694	PLAYER ThinkBLUE45	EXP	Attack	0.8
1774807063328	694	PLAYER ThinkBLUE45	SET_EXP	Attack	96
1774807063328	694	PLAYER ThinkBLUE45	EXP	Constitution	0.26666666666666666
1774807063328	694	PLAYER ThinkBLUE45	SET_EXP	Constitution	11572
1774807063328	694	PLAYER Ril	EXP	Mining	17.5
1774807063328	694	PLAYER Ril	TOTAL_LEVEL_UP	15
1774807063328	694	PLAYER Ril	LEVEL_UP	Mining	4
1774807063328	694	PLAYER Ril	SET_EXP	Mining	3150
1774807063329	694	PLAYER SacredProf	EXP	Defence	4.0
1774807063329	694	PLAYER SacredProf	SET_EXP	Defence	11304
1774807063329	694	PLAYER SacredProf	EXP	Constitution	1.3333333333333333
1774807063329	694	PLAYER SacredProf	SET_EXP	Constitution	15308
1774807063905	695	BOT DeepDan	START_ACTIVITY	go_to_bank
1774807063905	695	BOT ProPunch	START_ACTIVITY	go_to_varrock_south_east_mine
1774807063929	695	PLAYER HeadHunter	EXP	Attack	1.2
1774807063930	695	PLAYER HeadHunter	SET_EXP	Attack	11352
1774807063930	695	PLAYER HeadHunter	EXP	Constitution	0.4
1774807063930	695	PLAYER HeadHunter	SET_EXP	Constitution	15324
1774807063931	695	PLAYER LaunchDay	EXP	Fishing	10.0
1774807063931	695	PLAYER LaunchDay	TOTAL_LEVEL_UP	3
1774807063931	695	PLAYER LaunchDay	LEVEL_UP	Fishing	4
1774807063931	695	PLAYER LaunchDay	SET_EXP	Fishing	3000
1774807064506	696	BOT Matoya	FAILED	go_to_bank	Stuck	0	BotWalkTo
1774807064506	696	BOT SkidMark	FAILED	go_to_varrock_south_east_mine	Stuck	0	BotWalkTo
1774807064506	696	BOT Starmie	START_ACTIVITY	go_to_bank
1774807064506	696	BOT SpeedHack99	FAILED	go_to_varrock_south_east_mine	Stuck	0	BotWalkTo
1774807064506	696	BOT Skoll	START_ACTIVITY	go_to_bank
1774807064506	696	BOT Ril	START_ACTIVITY	go_to_bank
1774807064518	696	PLAYER zedders	KILLED	NPC goblin_light_brown_bald:10244	TILE 3257,3225,0
1774807064518	696	NPC goblin_light_brown_bald:10244	DROPPED	ITEM hammer:1	ITEM bones:1
1774807064529	696	PLAYER BigOof	EXP	Fishing	10.0
1774807064529	696	PLAYER BigOof	SET_EXP	Fishing	11400
1774807065107	697	BOT DeepDan	FAILED	go_to_bank	Stuck	0	BotWalkTo
1774807065131	697	PLAYER Zapdos	EXP	Defence	0.4
1774807065131	697	PLAYER Zapdos	SET_EXP	Defence	10080
1774807065132	697	PLAYER Zapdos	EXP	Constitution	0.13333333333333333
1774807065132	697	PLAYER Zapdos	SET_EXP	Constitution	14900
1774807065132	697	PLAYER Bob	EXP	Mining	17.5
1774807065132	697	PLAYER Bob	TOTAL_LEVEL_UP	10
1774807065132	697	PLAYER Bob	TASK_COMPLETED	on_the_level_task
1774807065132	697	PLAYER Bob	LEVEL_UP	Mining	11
1774807065133	697	PLAYER Bob	SET_EXP	Mining	13650
1774807065133	697	PLAYER AlosaurAce	EXP	Mining	17.5
1774807065133	697	PLAYER AlosaurAce	TOTAL_LEVEL_UP	9
1774807065133	697	PLAYER AlosaurAce	LEVEL_UP	Mining	10
1774807065133	697	PLAYER AlosaurAce	SET_EXP	Mining	11550
1774807065134	697	PLAYER Halp	EXP	Magic	7.3
1774807065134	697	PLAYER Halp	TOTAL_LEVEL_UP	10
1774807065134	697	PLAYER Halp	TASK_COMPLETED	on_the_level_task
1774807065134	697	PLAYER Halp	LEVEL_UP	Magic	8
1774807065134	697	PLAYER Halp	SET_EXP	Magic	8376
1774807065134	697	PLAYER Halp	EXP	Constitution	1.2
1774807065134	697	PLAYER Halp	SET_EXP	Constitution	13164
1774807065135	697	PLAYER PrairieP	EXP	Attack	2.8
1774807065135	697	PLAYER PrairieP	SET_EXP	Attack	10800
1774807065135	697	PLAYER PrairieP	EXP	Constitution	0.9333333333333333
1774807065135	697	PLAYER PrairieP	SET_EXP	Constitution	15140
1774807065707	698	BOT Matoya	START_ACTIVITY	go_to_bank
1774807065707	698	BOT SkidMark	START_ACTIVITY	go_to_varrock_south_east_mine
1774807065707	698	BOT Starmie	FAILED	go_to_bank	Stuck	0	BotWalkTo
1774807065707	698	BOT SpeedHack99	START_ACTIVITY	go_to_varrock_south_east_mine
1774807065707	698	BOT ProPunch	FAILED	go_to_varrock_south_east_mine	Stuck	0	BotWalkTo
1774807065710	698	PLAYER ThinkBLUE45	TASK_COMPLETED	armed_and_dangerous_task
1774807065730	698	PLAYER LazyLuke	TELED	TILE 3205,3209,2
1774807065731	698	PLAYER CamelCarl	EXP	Mining	17.5
1774807065731	698	PLAYER CamelCarl	SET_EXP	Mining	9450
1774807065732	698	PLAYER SacredProf	EXP	Defence	2.0
1774807065732	698	PLAYER SacredProf	SET_EXP	Defence	11424
1774807065732	698	PLAYER SacredProf	EXP	Constitution	0.6666666666666666
1774807065732	698	PLAYER SacredProf	SET_EXP	Constitution	15348
1774807066308	699	BOT DeepDan	START_ACTIVITY	go_to_bank
1774807066308	699	BOT Skoll	FAILED	go_to_bank	Stuck	0	BotWalkTo
1774807066308	699	BOT Ice	COMPLETED	go_to_bank
1774807066333	699	PLAYER HeadHunter	EXP	Attack	2.8
1774807066333	699	PLAYER HeadHunter	SET_EXP	Attack	11520
1774807066333	699	PLAYER HeadHunter	EXP	Constitution	0.9333333333333333
1774807066333	699	PLAYER HeadHunter	SET_EXP	Constitution	15380
1774807066909	700	BOT Starmie	START_ACTIVITY	go_to_bank
1774807066909	700	BOT ProPunch	START_ACTIVITY	go_to_varrock_south_east_mine
1774807066909	700	BOT Waves	COMPLETED	withdraw_from_bank
1774807066909	700	BOT StyracoS	COMPLETED	withdraw_from_bank
1774807066931	700	PLAYER LaunchDay	EXP	Fishing	10.0
1774807066931	700	PLAYER LaunchDay	SET_EXP	Fishing	3600
1774807067510	701	BOT Matoya	FAILED	go_to_bank	Stuck	0	BotWalkTo
1774807067510	701	BOT DeepDan	FAILED	go_to_bank	Stuck	0	BotWalkTo
1774807067510	701	BOT SkidMark	FAILED	go_to_varrock_south_east_mine	Stuck	0	BotWalkTo
1774807067510	701	BOT SpeedHack99	FAILED	go_to_varrock_south_east_mine	Stuck	0	BotWalkTo
1774807067510	701	BOT Skoll	START_ACTIVITY	go_to_bank
1774807067510	701	BOT Waves	START_RESOLVER	go_to_area	lumbridge_east_tree_cutting
1774807067510	701	BOT StyracoS	START_RESOLVER	go_to_area	lumbridge_north_tree_cutting
1774807068111	702	BOT Starmie	FAILED	go_to_bank	Stuck	0	BotWalkTo
1774807068111	702	BOT YudonYuri	COMPLETED	go_to_lumbridge_swamp_east_copper_mine
1774807068111	702	BOT Waves	START_ACTIVITY	go_to_area
1774807068111	702	BOT StyracoS	START_ACTIVITY	go_to_area
1774807068133	702	PLAYER Blueberry	EXP	Strength	5.2
1774807068133	702	PLAYER Blueberry	SET_EXP	Strength	14352
1774807068133	702	PLAYER Blueberry	EXP	Constitution	1.7333333333333334
1774807068133	702	PLAYER Blueberry	SET_EXP	Constitution	16324
1774807068134	702	PLAYER Halp	EXP	Magic	7.1
1774807068134	702	PLAYER Halp	SET_EXP	Magic	8802
1774807068134	702	PLAYER Halp	EXP	Constitution	1.0666666666666667
1774807068134	702	PLAYER Halp	SET_EXP	Constitution	13228
1774807068135	702	PLAYER SacredProf	EXP	Defence	0.4
1774807068135	702	PLAYER SacredProf	SET_EXP	Defence	11448
1774807068135	702	PLAYER SacredProf	EXP	Constitution	0.13333333333333333
1774807068135	702	PLAYER SacredProf	SET_EXP	Constitution	15356
1774807068711	703	BOT SundayFun	COMPLETED	go_to_lumbridge_combat_tutors
1774807068711	703	BOT Matoya	START_ACTIVITY	go_to_bank
1774807068711	703	BOT DeepDan	START_ACTIVITY	go_to_bank
1774807068711	703	BOT SkidMark	START_ACTIVITY	go_to_varrock_south_east_mine
1774807068711	703	BOT SpeedHack99	START_ACTIVITY	go_to_varrock_south_east_mine
1774807068711	703	BOT ProPunch	FAILED	go_to_varrock_south_east_mine	Stuck	0	BotWalkTo
1774807068726	703	PLAYER PrairieP	KILLED	NPC chicken:10311	TILE 3237,3299,0
1774807068726	703	NPC chicken:10311	DROPPED	ITEM feather:5	ITEM bones:1	ITEM raw_chicken:1
1774807068726	703	PLAYER Zapdos	KILLED	NPC chicken_brown:10359	TILE 3227,3297,0
1774807068726	703	NPC chicken_brown:10359	DROPPED	ITEM feather:5	ITEM bones:1	ITEM raw_chicken:1
1774807068736	703	PLAYER HeadHunter	EXP	Attack	2.8
1774807068736	703	PLAYER HeadHunter	TOTAL_LEVEL_UP	10
1774807068736	703	PLAYER HeadHunter	TASK_COMPLETED	on_the_level_task
1774807068737	703	PLAYER HeadHunter	LEVEL_UP	Attack	10
1774807068737	703	PLAYER HeadHunter	SET_EXP	Attack	11688
1774807068737	703	PLAYER HeadHunter	EXP	Constitution	0.9333333333333333
1774807068737	703	PLAYER HeadHunter	SET_EXP	Constitution	15436
1774807068739	703	PLAYER PrairieP	TOOK	FLOOR_ITEM feather:15	TILE 3231,3300,0
1774807069311	704	BOT Hanbo Short	COMPLETED	go_to_bobs_axe_shop
1774807069311	704	BOT LazyLuke	COMPLETED	go_to_bank
1774807069311	704	BOT Starmie	START_ACTIVITY	go_to_bank
1774807069311	704	BOT Skoll	FAILED	go_to_bank	Stuck	0	BotWalkTo
1774807069311	704	BOT Waves	START_ACTIVITY	go_to_lumbridge_east_trees
1774807069311	704	BOT StyracoS	START_ACTIVITY	go_to_lumbridge_north_trees
1774807069334	704	PLAYER PrairieP	TOOK	FLOOR_ITEM bones:1	TILE 3231,3300,0
1774807069912	705	BOT SundayFun	COMPLETED	go_to_area
1774807069912	705	BOT DeepDan	FAILED	go_to_bank	Stuck	0	BotWalkTo
1774807069912	705	BOT ProPunch	START_ACTIVITY	go_to_varrock_south_east_mine
1774807069912	705	BOT YudonYuri	COMPLETED	go_to_area
1774807069927	705	PLAYER HeadHunter	KILLED	NPC chicken:10309	TILE 3234,3296,0
1774807069927	705	NPC chicken:10309	DROPPED	ITEM feather:5	ITEM bones:1	ITEM raw_chicken:1
1774807070513	706	BOT SundayFun	START_ACTIVITY	harlan_sword
1774807070513	706	BOT Matoya	FAILED	go_to_bank	Stuck	0	BotWalkTo
1774807070513	706	BOT PrairieP	COMPLETED	kill_freds_chickens_attack
1774807070513	706	BOT SkidMark	FAILED	go_to_varrock_south_east_mine	Stuck	0	BotWalkTo
1774807070513	706	BOT Starmie	FAILED	go_to_bank	Stuck	0	BotWalkTo
1774807070513	706	BOT SpeedHack99	FAILED	go_to_varrock_south_east_mine	Stuck	0	BotWalkTo
1774807070513	706	BOT Skoll	START_ACTIVITY	go_to_bank
1774807070513	706	BOT YudonYuri	START_ACTIVITY	lumbridge_copper_mining
1774807070535	706	PLAYER AlosaurAce	EXP	Mining	17.5
1774807070536	706	PLAYER AlosaurAce	SET_EXP	Mining	12600
1774807070536	706	PLAYER Blueberry	EXP	Strength	5.6
1774807070536	706	PLAYER Blueberry	SET_EXP	Strength	14688
1774807070536	706	PLAYER Blueberry	EXP	Constitution	1.8666666666666667
1774807070536	706	PLAYER Blueberry	SET_EXP	Constitution	16436
1774807070537	706	PLAYER SacredProf	EXP	Defence	1.2
1774807070537	706	PLAYER SacredProf	SET_EXP	Defence	11520
1774807070538	706	PLAYER SacredProf	EXP	Constitution	0.4
1774807070538	706	PLAYER SacredProf	SET_EXP	Constitution	15380
1774807071114	707	BOT DeepDan	START_ACTIVITY	go_to_bank
1774807071114	707	BOT PrairieP	ASSIGNED	varrock_east_tin_mining
1774807071139	707	PLAYER HeadHunter	EXP	Attack	3.6
1774807071139	707	PLAYER HeadHunter	SET_EXP	Attack	11904
1774807071140	707	PLAYER HeadHunter	EXP	Constitution	1.2
1774807071140	707	PLAYER HeadHunter	SET_EXP	Constitution	15508
1774807071141	707	PLAYER Halp	EXP	Magic	7.9
1774807071141	707	PLAYER Halp	SET_EXP	Magic	9276
1774807071141	707	PLAYER Halp	EXP	Constitution	1.6
1774807071141	707	PLAYER Halp	SET_EXP	Constitution	13324
1774807071714	708	BOT Matoya	START_ACTIVITY	go_to_bank
1774807071714	708	BOT PrairieP	START_RESOLVER	withdraw_from_bank	varrock_east_tin_mining
1774807071714	708	BOT SkidMark	START_ACTIVITY	go_to_varrock_south_east_mine
1774807071714	708	BOT Starmie	START_ACTIVITY	go_to_bank
1774807071714	708	BOT SpeedHack99	START_ACTIVITY	go_to_varrock_south_east_mine
1774807071715	708	BOT ProPunch	FAILED	go_to_varrock_south_east_mine	Stuck	0	BotWalkTo
1774807071736	708	PLAYER GuppyGary	TELED	TILE 3205,3209,1
1774807071737	708	PLAYER Dwarf Mine	EXP	Mining	17.5
1774807071737	708	PLAYER Dwarf Mine	SET_EXP	Mining	6300
1774807072315	709	BOT DeepDan	FAILED	go_to_bank	Stuck	0	BotWalkTo
1774807072315	709	BOT PrairieP	START_ACTIVITY	withdraw_from_bank
1774807072315	709	BOT Skoll	FAILED	go_to_bank	Stuck	0	BotWalkTo
1774807072315	709	BOT Halp	COMPLETED	magic_tutor
1774807072341	709	PLAYER Lash	EXP	Mining	17.5
1774807072341	709	PLAYER Lash	SET_EXP	Mining	14700
1774807072916	710	BOT Starmie	FAILED	go_to_bank	Stuck	0	BotWalkTo
1774807072916	710	BOT ProPunch	START_ACTIVITY	go_to_varrock_south_east_mine
1774807072917	710	BOT Halp	ASSIGNED	lumbridge_copper_mining
1774807072938	710	PLAYER AprilFool	EXP	Thieving	8.0
1774807072938	710	PLAYER AprilFool	SET_EXP	Thieving	9120
1774807072939	710	PLAYER LaunchDay	EXP	Fishing	10.0
1774807072939	710	PLAYER LaunchDay	TOTAL_LEVEL_UP	4
1774807072939	710	PLAYER LaunchDay	LEVEL_UP	Fishing	5
1774807072939	710	PLAYER LaunchDay	SET_EXP	Fishing	4200
1774807072940	710	PLAYER SacredProf	EXP	Defence	4.4
1774807072940	710	PLAYER SacredProf	TOTAL_LEVEL_UP	10
1774807072940	710	PLAYER SacredProf	TASK_COMPLETED	on_the_level_task
1774807072940	710	PLAYER SacredProf	LEVEL_UP	Defence	10
1774807072940	710	PLAYER SacredProf	SET_EXP	Defence	11784
1774807072940	710	PLAYER SacredProf	EXP	Constitution	1.4666666666666666
1774807072940	710	PLAYER SacredProf	SET_EXP	Constitution	15468
1774807073518	711	PLAYER Hanbo Short	BOUGHT	ITEM steel_hatchet:1	bobs_brilliant_axes	200
1774807073518	711	BOT Matoya	FAILED	go_to_bank	Stuck	0	BotWalkTo
1774807073518	711	BOT DeepDan	START_ACTIVITY	go_to_bank
1774807073518	711	BOT PrairieP	START_ACTIVITY	go_to_bank
1774807073518	711	BOT SkidMark	FAILED	go_to_varrock_south_east_mine	Stuck	0	BotWalkTo
1774807073518	711	BOT SpeedHack99	FAILED	go_to_varrock_south_east_mine	Stuck	0	BotWalkTo
1774807073518	711	BOT Skoll	START_ACTIVITY	go_to_bank
1774807073519	711	BOT Halp	START_RESOLVER	withdraw_from_bank	lumbridge_copper_mining
1774807073543	711	PLAYER Zapdos	EXP	Defence	0.8
1774807073543	711	PLAYER Zapdos	SET_EXP	Defence	10128
1774807073543	711	PLAYER Zapdos	EXP	Constitution	0.26666666666666666
1774807073543	711	PLAYER Zapdos	SET_EXP	Constitution	14916
1774807073544	711	PLAYER HeadHunter	EXP	Attack	2.4
1774807073544	711	PLAYER HeadHunter	SET_EXP	Attack	12048
1774807073544	711	PLAYER HeadHunter	EXP	Constitution	0.8
1774807073544	711	PLAYER HeadHunter	SET_EXP	Constitution	15556
1774807074118	712	BOT Starmie	START_ACTIVITY	go_to_bank
1774807074118	712	BOT Halp	START_ACTIVITY	withdraw_from_bank
1774807074130	712	PLAYER SacredProf	KILLED	NPC chicken_brown:10356	TILE 3231,3293,0
1774807074130	712	NPC chicken_brown:10356	DROPPED	ITEM feather:5	ITEM bones:1	ITEM raw_chicken:1
1774807074141	712	PLAYER GuppyGary	TELED	TILE 3205,3209,2
1774807074141	712	PLAYER StyracoS	TELED	TILE 3205,3209,1
1774807074141	712	PLAYER Waves	TELED	TILE 3205,3209,1
1774807074718	713	BOT Matoya	START_ACTIVITY	go_to_bank
1774807074718	713	BOT DeepDan	FAILED	go_to_bank	Stuck	0	BotWalkTo
1774807074718	713	BOT SkidMark	START_ACTIVITY	go_to_varrock_south_east_mine
1774807074718	713	BOT SpeedHack99	START_ACTIVITY	go_to_varrock_south_east_mine
1774807074718	713	BOT ProPunch	FAILED	go_to_varrock_south_east_mine	Stuck	0	BotWalkTo
1774807075319	714	BOT Starmie	FAILED	go_to_bank	Stuck	0	BotWalkTo
1774807075319	714	BOT Skoll	FAILED	go_to_bank	Stuck	0	BotWalkTo
1774807075319	714	BOT Halp	START_ACTIVITY	go_to_bank
1774807075341	714	PLAYER AprilFool	EXP	Thieving	8.0
1774807075341	714	PLAYER AprilFool	SET_EXP	Thieving	9600
1774807075341	714	PLAYER Blueberry	EXP	Strength	8.4
1774807075341	714	PLAYER Blueberry	SET_EXP	Strength	15192
1774807075342	714	PLAYER Blueberry	EXP	Constitution	2.8
1774807075342	714	PLAYER Blueberry	SET_EXP	Constitution	16604
1774807075342	714	PLAYER SacredProf	EXP	Defence	5.6
1774807075342	714	PLAYER SacredProf	SET_EXP	Defence	12120
1774807075343	714	PLAYER SacredProf	EXP	Constitution	1.8666666666666667
1774807075343	714	PLAYER SacredProf	SET_EXP	Constitution	15580
1774807075919	715	BOT Hanbo Short	COMPLETED	buy_from_shop
1774807075919	715	BOT DeepDan	START_ACTIVITY	go_to_bank
1774807075919	715	BOT ProPunch	START_ACTIVITY	go_to_varrock_south_east_mine
1774807075943	715	PLAYER Zapdos	EXP	Defence	2.0
1774807075943	715	PLAYER Zapdos	SET_EXP	Defence	10248
1774807075943	715	PLAYER Zapdos	EXP	Constitution	0.6666666666666666
1774807075943	715	PLAYER Zapdos	SET_EXP	Constitution	14956
1774807075944	715	PLAYER HeadHunter	EXP	Attack	0.8
1774807075944	715	PLAYER HeadHunter	SET_EXP	Attack	12096
1774807075944	715	PLAYER HeadHunter	EXP	Constitution	0.26666666666666666
1774807075944	715	PLAYER HeadHunter	SET_EXP	Constitution	15572
1774807075944	715	PLAYER AlosaurAce	EXP	Mining	17.5
1774807075944	715	PLAYER AlosaurAce	TOTAL_LEVEL_UP	10
1774807075944	715	PLAYER AlosaurAce	TASK_COMPLETED	on_the_level_task
1774807075945	715	PLAYER AlosaurAce	LEVEL_UP	Mining	11
1774807075945	715	PLAYER AlosaurAce	SET_EXP	Mining	13650
1774807076519	716	BOT Hanbo Short	START_RESOLVER	go_to_area	draynor_east_oak_trees
1774807076519	716	BOT Matoya	FAILED	go_to_bank	Stuck	0	BotWalkTo
1774807076519	716	BOT SkidMark	FAILED	go_to_varrock_south_east_mine	Stuck	0	BotWalkTo
1774807076519	716	BOT Starmie	START_ACTIVITY	go_to_bank
1774807076519	716	BOT SpeedHack99	FAILED	go_to_varrock_south_east_mine	Stuck	0	BotWalkTo
1774807076519	716	BOT Skoll	START_ACTIVITY	go_to_bank
1774807076542	716	PLAYER StyracoS	TELED	TILE 3205,3209,0
1774807076542	716	PLAYER DownUp99	EXP	Mining	17.5
1774807076542	716	PLAYER DownUp99	TOTAL_LEVEL_UP	11
1774807076542	716	PLAYER DownUp99	LEVEL_UP	Mining	12
1774807076542	716	PLAYER DownUp99	SET_EXP	Mining	16800
1774807076543	716	PLAYER Waves	TELED	TILE 3205,3209,0
1774807077120	717	BOT Hanbo Short	START_ACTIVITY	go_to_area
1774807077121	717	BOT DeepDan	FAILED	go_to_bank	Stuck	0	BotWalkTo
1774807077145	717	PLAYER ThinkBLUE45	EXP	Attack	4.0
1774807077145	717	PLAYER ThinkBLUE45	SET_EXP	Attack	336
1774807077146	717	PLAYER ThinkBLUE45	EXP	Constitution	1.3333333333333333
1774807077146	717	PLAYER ThinkBLUE45	SET_EXP	Constitution	11652
1774807077721	718	BOT Matoya	START_ACTIVITY	go_to_bank
1774807077721	718	BOT LazyLuke	COMPLETED	withdraw_from_bank
1774807077721	718	BOT SkidMark	START_ACTIVITY	go_to_varrock_south_east_mine
1774807077721	718	BOT Starmie	FAILED	go_to_bank	Stuck	0	BotWalkTo
1774807077721	718	BOT SpeedHack99	START_ACTIVITY	go_to_varrock_south_east_mine
1774807077721	718	BOT ProPunch	FAILED	go_to_varrock_south_east_mine	Stuck	0	BotWalkTo
1774807077721	718	BOT GuppyGary	FAILED	go_to_bank	Timeout	11	BotWalkTo
1774807077721	718	BOT Ice	COMPLETED	withdraw_from_bank
1774807077743	718	PLAYER AprilFool	EXP	Thieving	8.0
1774807077743	718	PLAYER AprilFool	TOTAL_LEVEL_UP	13
1774807077743	718	PLAYER AprilFool	LEVEL_UP	Thieving	9
1774807077743	718	PLAYER AprilFool	SET_EXP	Thieving	10080
1774807077744	718	PLAYER SacredProf	EXP	Defence	0.8
1774807077744	718	PLAYER SacredProf	SET_EXP	Defence	12168
1774807077745	718	PLAYER SacredProf	EXP	Constitution	0.26666666666666666
1774807077745	718	PLAYER SacredProf	SET_EXP	Constitution	15596
1774807078322	719	BOT Hanbo Short	START_ACTIVITY	go_to_draynor_oak_trees
1774807078322	719	BOT DeepDan	START_ACTIVITY	go_to_bank
1774807078322	719	BOT LazyLuke	START_RESOLVER	go_to_area	lumbridge_net_fishing
1774807078322	719	BOT Skoll	FAILED	go_to_bank	Stuck	0	BotWalkTo
1774807078322	719	BOT GuppyGary	ASSIGNED	varrock_east_tin_mining
1774807078322	719	BOT Ice	START_RESOLVER	go_to_area	lumbridge_firemaking_logs
1774807078346	719	PLAYER Zapdos	EXP	Defence	0.8
1774807078347	719	PLAYER Zapdos	SET_EXP	Defence	10296
1774807078347	719	PLAYER Zapdos	EXP	Constitution	0.26666666666666666
1774807078347	719	PLAYER Zapdos	SET_EXP	Constitution	14972
1774807078348	719	PLAYER HeadHunter	EXP	Attack	2.4
1774807078348	719	PLAYER HeadHunter	SET_EXP	Attack	12240
1774807078348	719	PLAYER HeadHunter	EXP	Constitution	0.8
1774807078348	719	PLAYER HeadHunter	SET_EXP	Constitution	15620
1774807078349	719	PLAYER Tuga	TELED	TILE 3205,3209,1
1774807078922	720	BOT LazyLuke	START_ACTIVITY	go_to_area
1774807078922	720	BOT Starmie	START_ACTIVITY	go_to_bank
1774807078922	720	BOT ProPunch	START_ACTIVITY	go_to_varrock_south_east_mine
1774807078923	720	BOT GuppyGary	START_RESOLVER	withdraw_from_bank	varrock_east_tin_mining
1774807078923	720	BOT Ice	START_ACTIVITY	go_to_area
1774807079523	721	BOT Matoya	FAILED	go_to_bank	Stuck	0	BotWalkTo
1774807079523	721	BOT DeepDan	FAILED	go_to_bank	Stuck	0	BotWalkTo
1774807079523	721	BOT SkidMark	FAILED	go_to_varrock_south_east_mine	Stuck	0	BotWalkTo
1774807079523	721	BOT SpeedHack99	FAILED	go_to_varrock_south_east_mine	Stuck	0	BotWalkTo
1774807079523	721	BOT Skoll	START_ACTIVITY	go_to_bank
1774807079523	721	BOT GuppyGary	START_ACTIVITY	withdraw_from_bank
1774807079548	721	PLAYER FuturePast	EXP	Mining	17.5
1774807079548	721	PLAYER FuturePast	TASK_COMPLETED	hack_and_smash_task
1774807079548	721	PLAYER FuturePast	TOTAL_LEVEL_UP	4
1774807079548	721	PLAYER FuturePast	LEVEL_UP	Mining	5
1774807079549	721	PLAYER FuturePast	SET_EXP	Mining	4200
1774807079549	721	PLAYER FuturePast	TASK_COMPLETED	heavy_metal_task
1774807079549	721	PLAYER Farmer Plow	EXP	Mining	17.5
1774807079549	721	PLAYER Farmer Plow	TOTAL_LEVEL_UP	5
1774807079549	721	PLAYER Farmer Plow	LEVEL_UP	Mining	6
1774807079549	721	PLAYER Farmer Plow	SET_EXP	Mining	5250
1774807080124	722	BOT LazyLuke	START_ACTIVITY	go_to_lumbridge_swamp_fishing_area
1774807080124	722	BOT Starmie	FAILED	go_to_bank	Stuck	0	BotWalkTo
1774807080124	722	BOT Ice	START_ACTIVITY	go_to_lumbridge_firemaking_spot
1774807080146	722	PLAYER AprilFool	EXP	Thieving	8.0
1774807080146	722	PLAYER AprilFool	SET_EXP	Thieving	10560
1774807080147	722	PLAYER IceBerg	EXP	Fishing	10.0
1774807080147	722	PLAYER IceBerg	TOTAL_LEVEL_UP	10
1774807080147	722	PLAYER IceBerg	TASK_COMPLETED	on_the_level_task
1774807080147	722	PLAYER IceBerg	LEVEL_UP	Fishing	11
1774807080147	722	PLAYER IceBerg	SET_EXP	Fishing	13800
1774807080148	722	PLAYER SacredProf	EXP	Defence	1.2
1774807080148	722	PLAYER SacredProf	SET_EXP	Defence	12240
1774807080148	722	PLAYER SacredProf	EXP	Constitution	0.4
1774807080148	722	PLAYER SacredProf	SET_EXP	Constitution	15620
1774807080148	722	PLAYER FullStackF	EXP	Fishing	10.0
1774807080148	722	PLAYER FullStackF	SET_EXP	Fishing	9000
1774807080726	723	BOT Matoya	START_ACTIVITY	go_to_bank
1774807080726	723	BOT DeepDan	START_ACTIVITY	go_to_bank
1774807080726	723	BOT SkidMark	START_ACTIVITY	go_to_varrock_south_east_mine
1774807080726	723	BOT SpeedHack99	START_ACTIVITY	go_to_varrock_south_east_mine
1774807080726	723	BOT ProPunch	FAILED	go_to_varrock_south_east_mine	Stuck	0	BotWalkTo
1774807080753	723	PLAYER Zapdos	EXP	Defence	1.2
1774807080753	723	PLAYER Zapdos	SET_EXP	Defence	10368
1774807080753	723	PLAYER Zapdos	EXP	Constitution	0.4
1774807080753	723	PLAYER Zapdos	SET_EXP	Constitution	14996
1774807080754	723	PLAYER Bob	EXP	Mining	17.5
1774807080754	723	PLAYER Bob	SET_EXP	Mining	14700
1774807080754	723	PLAYER HeadHunter	EXP	Attack	5.6
1774807080754	723	PLAYER HeadHunter	SET_EXP	Attack	12576
1774807080755	723	PLAYER HeadHunter	EXP	Constitution	1.8666666666666667
1774807080755	723	PLAYER HeadHunter	SET_EXP	Constitution	15732
1774807080756	723	PLAYER Tuga	TELED	TILE 3205,3209,2
1774807081326	724	BOT Starmie	START_ACTIVITY	go_to_bank
1774807081326	724	BOT Skoll	FAILED	go_to_bank	Stuck	0	BotWalkTo
1774807081348	724	PLAYER AlosaurAce	EXP	Mining	17.5
1774807081348	724	PLAYER AlosaurAce	SET_EXP	Mining	14700
1774807081349	724	PLAYER YutytyrannY	EXP	Fishing	10.0
1774807081349	724	PLAYER YutytyrannY	SET_EXP	Fishing	14400
1774807081926	725	BOT SundayFun	COMPLETED	harlan_sword
1774807081926	725	BOT DeepDan	FAILED	go_to_bank	Stuck	0	BotWalkTo
1774807081926	725	BOT ProPunch	START_ACTIVITY	go_to_varrock_south_east_mine
1774807081940	725	PLAYER HeadHunter	KILLED	NPC chicken_brown:10360	TILE 3233,3300,0
1774807081940	725	NPC chicken_brown:10360	DROPPED	ITEM feather:5	ITEM bones:1	ITEM raw_chicken:1
1774807081950	725	PLAYER SilentScrem	EXP	Mining	17.5
1774807081950	725	PLAYER SilentScrem	SET_EXP	Mining	12600
1774807081951	725	PLAYER LaunchDay	EXP	Fishing	10.0
1774807081951	725	PLAYER LaunchDay	SET_EXP	Fishing	4800
1774807081952	725	PLAYER Gunslinger	EXP	Mining	17.5
1774807081952	725	PLAYER Gunslinger	TOTAL_LEVEL_UP	14
1774807081952	725	PLAYER Gunslinger	LEVEL_UP	Mining	15
1774807081952	725	PLAYER Gunslinger	SET_EXP	Mining	24150
1774807082527	726	BOT SundayFun	START_RESOLVER	equip_items	melee_tutor_attack
1774807082527	726	BOT Matoya	FAILED	go_to_bank	Stuck	0	BotWalkTo
1774807082527	726	BOT SkidMark	FAILED	go_to_varrock_south_east_mine	Stuck	0	BotWalkTo
1774807082527	726	BOT Starmie	FAILED	go_to_bank	Stuck	0	BotWalkTo
1774807082527	726	BOT SpeedHack99	FAILED	go_to_varrock_south_east_mine	Stuck	0	BotWalkTo
1774807082527	726	BOT Skoll	START_ACTIVITY	go_to_bank
1774807082527	726	BOT UnknownX	COMPLETED	go_to_bank
1774807082549	726	PLAYER AprilFool	EXP	Thieving	8.0
1774807082549	726	PLAYER AprilFool	SET_EXP	Thieving	11040
1774807082550	726	PLAYER Blueberry	EXP	Strength	1.2
1774807082550	726	PLAYER Blueberry	SET_EXP	Strength	15264
1774807082550	726	PLAYER Blueberry	EXP	Constitution	0.4
1774807082550	726	PLAYER Blueberry	SET_EXP	Constitution	16628
1774807082551	726	PLAYER BigOof	EXP	Fishing	10.0
1774807082551	726	PLAYER BigOof	TOTAL_LEVEL_UP	9
1774807082551	726	PLAYER BigOof	LEVEL_UP	Fishing	10
1774807082551	726	PLAYER BigOof	SET_EXP	Fishing	12000
1774807082552	726	PLAYER SacredProf	EXP	Defence	4.8
1774807082552	726	PLAYER SacredProf	SET_EXP	Defence	12528
1774807082552	726	PLAYER SacredProf	EXP	Constitution	1.6
1774807082552	726	PLAYER SacredProf	SET_EXP	Constitution	15716
1774807083128	727	BOT SundayFun	START_ACTIVITY	equip_items
1774807083128	727	BOT DeepDan	START_ACTIVITY	go_to_bank
1774807083153	727	PLAYER Zapdos	EXP	Defence	1.2
1774807083153	727	PLAYER Zapdos	SET_EXP	Defence	10440
1774807083153	727	PLAYER Zapdos	EXP	Constitution	0.4
1774807083153	727	PLAYER Zapdos	SET_EXP	Constitution	15020
1774807083154	727	PLAYER HeadHunter	EXP	Attack	4.8
1774807083154	727	PLAYER HeadHunter	SET_EXP	Attack	12864
1774807083155	727	PLAYER HeadHunter	EXP	Constitution	1.6
1774807083155	727	PLAYER HeadHunter	SET_EXP	Constitution	15828
1774807083156	727	PLAYER FireStarter	EXP	Mining	17.5
1774807083156	727	PLAYER FireStarter	TOTAL_LEVEL_UP	7
1774807083156	727	PLAYER FireStarter	LEVEL_UP	Mining	8
1774807083156	727	PLAYER FireStarter	SET_EXP	Mining	8400
1774807083728	728	PLAYER SundayFun	TASK_COMPLETED	armed_and_dangerous_task
1774807083729	728	BOT Matoya	START_ACTIVITY	go_to_bank
1774807083729	728	BOT SkidMark	START_ACTIVITY	go_to_varrock_south_east_mine
1774807083729	728	BOT Starmie	START_ACTIVITY	go_to_bank
1774807083729	728	BOT SpeedHack99	START_ACTIVITY	go_to_varrock_south_east_mine
1774807083729	728	BOT ProPunch	FAILED	go_to_varrock_south_east_mine	Stuck	0	BotWalkTo
1774807083740	728	PLAYER SacredProf	KILLED	NPC chicken:10310	TILE 3226,3295,0
1774807083741	728	NPC chicken:10310	DROPPED	ITEM feather:5	ITEM bones:1	ITEM raw_chicken:1
1774807084328	729	BOT Tuga	COMPLETED	go_to_bank
1774807084328	729	BOT DeepDan	FAILED	go_to_bank	Stuck	0	BotWalkTo
1774807084328	729	BOT Skoll	FAILED	go_to_bank	Stuck	0	BotWalkTo
1774807084354	729	PLAYER ThinkBLUE45	EXP	Attack	5.6
1774807084354	729	PLAYER ThinkBLUE45	SET_EXP	Attack	672
1774807084354	729	PLAYER ThinkBLUE45	EXP	Constitution	1.8666666666666667
1774807084354	729	PLAYER ThinkBLUE45	SET_EXP	Constitution	11764
1774807084929	730	BOT MegalodonM	COMPLETED	go_to_bobs_axe_shop
1774807084929	730	BOT PrairieP	FAILED	go_to_bank	Stuck	0	BotWalkTo
1774807084929	730	BOT Starmie	FAILED	go_to_bank	Stuck	0	BotWalkTo
1774807084929	730	BOT ProPunch	START_ACTIVITY	go_to_varrock_south_east_mine
1774807084951	730	PLAYER LazyLuke	TELED	TILE 3205,3209,1
1774807084952	730	PLAYER Ice	TELED	TILE 3205,3209,1
1774807084952	730	PLAYER LaunchDay	EXP	Fishing	10.0
1774807084952	730	PLAYER LaunchDay	TOTAL_LEVEL_UP	5
1774807084952	730	PLAYER LaunchDay	LEVEL_UP	Fishing	6
1774807084952	730	PLAYER LaunchDay	SET_EXP	Fishing	5400
1774807085529	731	BOT SundayFun	COMPLETED	equip_items
1774807085530	731	BOT Matoya	FAILED	go_to_bank	Stuck	0	BotWalkTo
1774807085530	731	BOT DeepDan	START_ACTIVITY	go_to_bank
1774807085530	731	BOT SkidMark	FAILED	go_to_varrock_south_east_mine	Stuck	0	BotWalkTo
1774807085530	731	BOT SpeedHack99	FAILED	go_to_varrock_south_east_mine	Stuck	0	BotWalkTo
1774807085530	731	BOT Skoll	START_ACTIVITY	go_to_bank
1774807085554	731	PLAYER Zapdos	EXP	Defence	0.4
1774807085554	731	PLAYER Zapdos	SET_EXP	Defence	10464
1774807085555	731	PLAYER Zapdos	EXP	Constitution	0.13333333333333333
1774807085555	731	PLAYER Zapdos	SET_EXP	Constitution	15028
1774807085556	731	PLAYER HeadHunter	EXP	Attack	0.8
1774807085556	731	PLAYER HeadHunter	SET_EXP	Attack	12912
1774807085556	731	PLAYER HeadHunter	EXP	Constitution	0.26666666666666666
1774807085556	731	PLAYER HeadHunter	TOTAL_LEVEL_UP	11
1774807085556	731	PLAYER HeadHunter	LEVEL_UP	Constitution	120
1774807085556	731	PLAYER HeadHunter	SET_EXP	Constitution	15844
1774807085557	731	PLAYER FuturePast	EXP	Mining	17.5
1774807085557	731	PLAYER FuturePast	TOTAL_LEVEL_UP	5
1774807085557	731	PLAYER FuturePast	LEVEL_UP	Mining	6
1774807085557	731	PLAYER FuturePast	SET_EXP	Mining	5250
1774807086131	732	BOT SundayFun	START_RESOLVER	go_to_area	melee_tutor_attack
1774807086131	732	BOT PrairieP	START_ACTIVITY	go_to_bank
1774807086131	732	BOT Starmie	START_ACTIVITY	go_to_bank
1774807086154	732	PLAYER CamelCarl	EXP	Mining	17.5
1774807086154	732	PLAYER CamelCarl	TOTAL_LEVEL_UP	20
1774807086154	732	PLAYER CamelCarl	LEVEL_UP	Mining	9
1774807086154	732	PLAYER CamelCarl	SET_EXP	Mining	10500
1774807086155	732	PLAYER IceBerg	EXP	Fishing	10.0
1774807086155	732	PLAYER IceBerg	SET_EXP	Fishing	14400
1774807086731	733	BOT SundayFun	START_ACTIVITY	go_to_area
1774807086731	733	BOT Matoya	START_ACTIVITY	go_to_bank
1774807086731	733	BOT DeepDan	FAILED	go_to_bank	Stuck	0	BotWalkTo
1774807086731	733	BOT SkidMark	START_ACTIVITY	go_to_varrock_south_east_mine
1774807086731	733	BOT SpeedHack99	START_ACTIVITY	go_to_varrock_south_east_mine
1774807086731	733	BOT ProPunch	FAILED	go_to_varrock_south_east_mine	Stuck	0	BotWalkTo
1774807086731	733	BOT GuppyGary	COMPLETED	withdraw_from_bank
1774807086756	733	PLAYER ThinkBLUE45	EXP	Attack	2.8
1774807086756	733	PLAYER ThinkBLUE45	TOTAL_LEVEL_UP	1
1774807086756	733	PLAYER ThinkBLUE45	LEVEL_UP	Attack	2
1774807086756	733	PLAYER ThinkBLUE45	SET_EXP	Attack	840
1774807086756	733	PLAYER ThinkBLUE45	EXP	Constitution	0.9333333333333333
1774807086756	733	PLAYER ThinkBLUE45	SET_EXP	Constitution	11820
1774807086757	733	PLAYER DownUp99	EXP	Mining	17.5
1774807086757	733	PLAYER DownUp99	SET_EXP	Mining	17850
1774807087331	734	BOT PrairieP	FAILED	go_to_bank	Stuck	0	BotWalkTo
1774807087331	734	BOT Starmie	FAILED	go_to_bank	Stuck	0	BotWalkTo
1774807087331	734	BOT Skoll	FAILED	go_to_bank	Stuck	0	BotWalkTo
1774807087331	734	BOT GuppyGary	START_RESOLVER	go_to_area	varrock_east_tin_mining
1774807087355	734	PLAYER LazyLuke	TELED	TILE 3205,3209,0
1774807087355	734	PLAYER Ice	TELED	TILE 3205,3209,0
1774807087932	735	BOT SundayFun	START_ACTIVITY	go_to_lumbridge_combat_tutors
1774807087932	735	BOT DeepDan	START_ACTIVITY	go_to_bank
1774807087932	735	BOT ProPunch	START_ACTIVITY	go_to_varrock_south_east_mine
1774807087932	735	BOT GuppyGary	START_ACTIVITY	go_to_area
1774807087956	735	PLAYER Zapdos	EXP	Defence	4.4
1774807087956	735	PLAYER Zapdos	SET_EXP	Defence	10728
1774807087956	735	PLAYER Zapdos	EXP	Constitution	1.4666666666666666
1774807087956	735	PLAYER Zapdos	SET_EXP	Constitution	15116
1774807087957	735	PLAYER HeadHunter	EXP	Attack	0.8
1774807087957	735	PLAYER HeadHunter	SET_EXP	Attack	12960
1774807087957	735	PLAYER HeadHunter	EXP	Constitution	0.26666666666666666
1774807087957	735	PLAYER HeadHunter	SET_EXP	Constitution	15860
1774807088533	736	BOT Matoya	FAILED	go_to_bank	Stuck	0	BotWalkTo
1774807088533	736	BOT PrairieP	START_ACTIVITY	go_to_bank
1774807088533	736	BOT SkidMark	FAILED	go_to_varrock_south_east_mine	Stuck	0	BotWalkTo
1774807088533	736	BOT Starmie	START_ACTIVITY	go_to_bank
1774807088533	736	BOT SpeedHack99	FAILED	go_to_varrock_south_east_mine	Stuck	0	BotWalkTo
1774807088533	736	BOT Skoll	START_ACTIVITY	go_to_bank
1774807088555	736	PLAYER BigOof	EXP	Fishing	10.0
1774807088555	736	PLAYER BigOof	SET_EXP	Fishing	12600
1774807088556	736	PLAYER FireStarter	EXP	Mining	17.5
1774807088556	736	PLAYER FireStarter	SET_EXP	Mining	9450
1774807089136	737	BOT SundayFun	COMPLETED	go_to_lumbridge_combat_tutors
1774807089136	737	PLAYER MegalodonM	BOUGHT	ITEM steel_hatchet:1	bobs_brilliant_axes	200
1774807089136	737	BOT DeepDan	FAILED	go_to_bank	Stuck	0	BotWalkTo
1774807089136	737	BOT GuppyGary	START_ACTIVITY	go_to_varrock_south_west_mine
1774807089735	738	BOT Matoya	START_ACTIVITY	go_to_bank
1774807089735	738	BOT PrairieP	FAILED	go_to_bank	Stuck	0	BotWalkTo
1774807089735	738	BOT SkidMark	START_ACTIVITY	go_to_varrock_south_east_mine
1774807089735	738	BOT Starmie	FAILED	go_to_bank	Stuck	0	BotWalkTo
1774807089735	738	BOT SpeedHack99	START_ACTIVITY	go_to_varrock_south_east_mine
1774807089735	738	BOT ProPunch	FAILED	go_to_varrock_south_east_mine	Stuck	0	BotWalkTo
1774807089735	738	BOT BrokenWheel	FAILED	go_to_varrock_south_east_mine	Timeout	19	BotWalkTo
1774807089756	738	PLAYER Blueberry	EXP	Strength	4.0
1774807089756	738	PLAYER Blueberry	SET_EXP	Strength	15504
1774807089756	738	PLAYER Blueberry	EXP	Constitution	1.3333333333333333
1774807089756	738	PLAYER Blueberry	SET_EXP	Constitution	16708
1774807089757	738	PLAYER ThinkBLUE45	EXP	Attack	2.0
1774807089757	738	PLAYER ThinkBLUE45	SET_EXP	Attack	960
1774807089757	738	PLAYER ThinkBLUE45	EXP	Constitution	0.6666666666666666
1774807089757	738	PLAYER ThinkBLUE45	SET_EXP	Constitution	11860
1774807089758	738	PLAYER SacredProf	EXP	Defence	0.4
1774807089758	738	PLAYER SacredProf	SET_EXP	Defence	12552
1774807089758	738	PLAYER SacredProf	EXP	Constitution	0.13333333333333333
1774807089758	738	PLAYER SacredProf	SET_EXP	Constitution	15724
1774807090335	739	BOT SundayFun	COMPLETED	go_to_area
1774807090336	739	BOT DeepDan	START_ACTIVITY	go_to_bank
1774807090336	739	BOT Skoll	FAILED	go_to_bank	Stuck	0	BotWalkTo
1774807090336	739	BOT BrokenWheel	ASSIGNED	varrock_tin_mining
1774807090360	739	PLAYER Zapdos	EXP	Defence	1.2
1774807090360	739	PLAYER Zapdos	SET_EXP	Defence	10800
1774807090360	739	PLAYER Zapdos	EXP	Constitution	0.4
1774807090360	739	PLAYER Zapdos	SET_EXP	Constitution	15140
1774807090361	739	PLAYER HeadHunter	TOOK	FLOOR_ITEM feather:5	TILE 3233,3300,0
1774807090361	739	PLAYER YutytyrannY	EXP	Fishing	10.0
1774807090361	739	PLAYER YutytyrannY	SET_EXP	Fishing	15000
1774807090936	740	BOT SundayFun	START_ACTIVITY	melee_tutor_attack
1774807090936	740	BOT PrairieP	START_ACTIVITY	go_to_bank
1774807090936	740	BOT Starmie	START_ACTIVITY	go_to_bank
1774807090936	740	BOT ProPunch	START_ACTIVITY	go_to_varrock_south_east_mine
1774807090936	740	BOT BrokenWheel	START_RESOLVER	go_to_area	varrock_tin_mining
1774807090958	740	PLAYER HeadHunter	TOOK	FLOOR_ITEM bones:1	TILE 3233,3300,0
1774807091537	741	BOT MegalodonM	COMPLETED	buy_from_shop
1774807091537	741	BOT Matoya	FAILED	go_to_bank	Stuck	0	BotWalkTo
1774807091537	741	BOT DeepDan	FAILED	go_to_bank	Stuck	0	BotWalkTo
1774807091537	741	BOT SkidMark	FAILED	go_to_varrock_south_east_mine	Stuck	0	BotWalkTo
1774807091537	741	BOT SpeedHack99	FAILED	go_to_varrock_south_east_mine	Stuck	0	BotWalkTo
1774807091537	741	BOT Skoll	START_ACTIVITY	go_to_bank
1774807091537	741	BOT BrokenWheel	START_ACTIVITY	go_to_area
1774807091552	741	PLAYER HeadHunter	KILLED	NPC chicken:10308	TILE 3231,3301,0
1774807091552	741	NPC chicken:10308	DROPPED	ITEM bones:1	ITEM raw_chicken:1
1774807091562	741	PLAYER HeadHunter	TOOK	FLOOR_ITEM raw_chicken:1	TILE 3233,3300,0
1774807091562	741	PLAYER BigOof	EXP	Fishing	10.0
1774807091562	741	PLAYER BigOof	SET_EXP	Fishing	13200
1774807092138	742	BOT MegalodonM	START_RESOLVER	go_to_area	lumbridge_oak_tree_cutting
1774807092138	742	BOT PrairieP	FAILED	go_to_bank	Stuck	0	BotWalkTo
1774807092138	742	BOT Starmie	FAILED	go_to_bank	Stuck	0	BotWalkTo
1774807092160	742	PLAYER IceBerg	EXP	Fishing	10.0
1774807092160	742	PLAYER IceBerg	SET_EXP	Fishing	15000
1774807092161	742	PLAYER SacredProf	EXP	Defence	1.2
1774807092161	742	PLAYER SacredProf	SET_EXP	Defence	12624
1774807092161	742	PLAYER SacredProf	EXP	Constitution	0.4
1774807092161	742	PLAYER SacredProf	SET_EXP	Constitution	15748
1774807092739	743	BOT Tuga	COMPLETED	withdraw_from_bank
1774807092739	743	BOT MegalodonM	START_ACTIVITY	go_to_area
1774807092739	743	BOT Matoya	START_ACTIVITY	go_to_bank
1774807092739	743	BOT DeepDan	START_ACTIVITY	go_to_bank
1774807092739	743	BOT SkidMark	START_ACTIVITY	go_to_varrock_south_east_mine
1774807092739	743	BOT SpeedHack99	START_ACTIVITY	go_to_varrock_south_east_mine
1774807092739	743	BOT ProPunch	FAILED	go_to_varrock_south_east_mine	Stuck	0	BotWalkTo
1774807092739	743	BOT BrokenWheel	START_ACTIVITY	go_to_varrock_south_east_mine
1774807092763	743	PLAYER HeadHunter	EXP	Attack	4.8
1774807092763	743	PLAYER HeadHunter	SET_EXP	Attack	13248
1774807092764	743	PLAYER HeadHunter	EXP	Constitution	1.6
1774807092764	743	PLAYER HeadHunter	SET_EXP	Constitution	15956
1774807092765	743	PLAYER Gunslinger	EXP	Mining	17.5
1774807092765	743	PLAYER Gunslinger	SET_EXP	Mining	25200
1774807092766	743	PLAYER zedders	EXP	Attack	0.4
1774807092766	743	PLAYER zedders	SET_EXP	Attack	3384
1774807092766	743	PLAYER zedders	EXP	Constitution	0.13333333333333333
1774807092766	743	PLAYER zedders	SET_EXP	Constitution	12668
1774807093339	744	BOT Tuga	START_RESOLVER	go_to_area	lumbridge_net_fishing
1774807093340	744	BOT PrairieP	START_ACTIVITY	go_to_bank
1774807093340	744	BOT AprilFool	COMPLETED	lumbridge_pickpocketing
1774807093340	744	BOT Starmie	START_ACTIVITY	go_to_bank
1774807093340	744	BOT Skoll	FAILED	go_to_bank	Stuck	0	BotWalkTo
1774807093941	745	BOT Tuga	START_ACTIVITY	go_to_area
1774807093941	745	BOT MegalodonM	START_ACTIVITY	go_to_lumbridge_north_trees
1774807093941	745	BOT DeepDan	FAILED	go_to_bank	Stuck	0	BotWalkTo
1774807093941	745	BOT AprilFool	ASSIGNED	magic_tutor
1774807093941	745	BOT Ember	COMPLETED	go_to_bank
1774807093941	745	BOT ProPunch	START_ACTIVITY	go_to_varrock_south_east_mine
1774807093941	745	BOT UnknownX	COMPLETED	withdraw_from_bank
1774807093955	745	PLAYER Zapdos	KILLED	NPC chicken_brown:10357	TILE 3230,3295,0
1774807093956	745	NPC chicken_brown:10357	DROPPED	ITEM bones:1	ITEM raw_chicken:1
1774807093966	745	PLAYER Zapdos	EXP	Defence	2.4
1774807093966	745	PLAYER Zapdos	SET_EXP	Defence	10944
1774807093966	745	PLAYER Zapdos	EXP	Constitution	0.8
1774807093966	745	PLAYER Zapdos	SET_EXP	Constitution	15188
1774807093967	745	PLAYER GuppyGary	TELED	TILE 3205,3209,1
1774807093968	745	PLAYER LaunchDay	EXP	Fishing	10.0
1774807093968	745	PLAYER LaunchDay	SET_EXP	Fishing	6000
1774807094541	746	BOT Matoya	FAILED	go_to_bank	Stuck	0	BotWalkTo
1774807094541	746	BOT PrairieP	FAILED	go_to_bank	Stuck	0	BotWalkTo
1774807094541	746	BOT AprilFool	START_RESOLVER	withdraw_from_bank	magic_tutor
1774807094541	746	BOT SkidMark	FAILED	go_to_varrock_south_east_mine	Stuck	0	BotWalkTo
1774807094541	746	BOT Starmie	FAILED	go_to_bank	Stuck	0	BotWalkTo
1774807094541	746	BOT SpeedHack99	FAILED	go_to_varrock_south_east_mine	Stuck	0	BotWalkTo
1774807094541	746	BOT Skoll	START_ACTIVITY	go_to_bank
1774807094541	746	BOT UnknownX	START_RESOLVER	go_to_area	lumbridge_firemaking_logs
1774807094564	746	PLAYER Blueberry	EXP	Strength	10.8
1774807094564	746	PLAYER Blueberry	TOTAL_LEVEL_UP	13
1774807094564	746	PLAYER Blueberry	LEVEL_UP	Strength	12
1774807094564	746	PLAYER Blueberry	SET_EXP	Strength	16152
1774807094565	746	PLAYER Blueberry	EXP	Constitution	3.6
1774807094565	746	PLAYER Blueberry	SET_EXP	Constitution	16924
1774807094565	746	PLAYER SundayFun	EXP	Attack	2.0
1774807094566	746	PLAYER SundayFun	SET_EXP	Attack	120
1774807094566	746	PLAYER SundayFun	EXP	Constitution	0.6666666666666666
1774807094566	746	PLAYER SundayFun	SET_EXP	Constitution	11580
1774807094566	746	PLAYER BigOof	EXP	Fishing	10.0
1774807094566	746	PLAYER BigOof	TOTAL_LEVEL_UP	10
1774807094566	746	PLAYER BigOof	TASK_COMPLETED	on_the_level_task
1774807094566	746	PLAYER BigOof	LEVEL_UP	Fishing	11
1774807094567	746	PLAYER BigOof	SET_EXP	Fishing	13800
1774807094567	746	PLAYER SacredProf	EXP	Defence	3.2
1774807094567	746	PLAYER SacredProf	SET_EXP	Defence	12816
1774807094568	746	PLAYER SacredProf	EXP	Constitution	1.0666666666666667
1774807094568	746	PLAYER SacredProf	SET_EXP	Constitution	15812
1774807095142	747	BOT Tuga	START_ACTIVITY	go_to_lumbridge_swamp_fishing_area
1774807095142	747	BOT DeepDan	START_ACTIVITY	go_to_bank
1774807095142	747	BOT AprilFool	START_ACTIVITY	withdraw_from_bank
1774807095142	747	BOT UnknownX	START_ACTIVITY	go_to_area
1774807095168	747	PLAYER HeadHunter	EXP	Attack	0.8
1774807095168	747	PLAYER HeadHunter	SET_EXP	Attack	13296
1774807095168	747	PLAYER HeadHunter	EXP	Constitution	0.26666666666666666
1774807095168	747	PLAYER HeadHunter	SET_EXP	Constitution	15972
1774807095169	747	PLAYER zedders	EXP	Attack	4.4
1774807095169	747	PLAYER zedders	SET_EXP	Attack	3648
1774807095169	747	PLAYER zedders	EXP	Constitution	1.4666666666666666
1774807095169	747	PLAYER zedders	SET_EXP	Constitution	12756
1774807095743	748	BOT Blueberry	FAILED	deposit_all_bank	Timeout	0	BotGoToNearest
1774807095743	748	BOT Matoya	START_ACTIVITY	go_to_bank
1774807095743	748	BOT PrairieP	START_ACTIVITY	go_to_bank
1774807095743	748	BOT SkidMark	START_ACTIVITY	go_to_varrock_south_east_mine
1774807095743	748	BOT Starmie	START_ACTIVITY	go_to_bank
1774807095743	748	BOT SpeedHack99	START_ACTIVITY	go_to_varrock_south_east_mine
1774807095743	748	BOT ProPunch	FAILED	go_to_varrock_south_east_mine	Stuck	0	BotWalkTo
1774807095765	748	PLAYER Cloud	TELED	TILE 3205,3209,1
1774807096344	749	BOT Blueberry	ASSIGNED	varrock_east_tin_mining
1774807096344	749	BOT DeepDan	FAILED	go_to_bank	Stuck	0	BotWalkTo
1774807096344	749	BOT AprilFool	START_ACTIVITY	go_to_bank
1774807096344	749	BOT Skoll	FAILED	go_to_bank	Stuck	0	BotWalkTo
1774807096344	749	BOT UnknownX	START_ACTIVITY	teleport_lumbridge
1774807096369	749	PLAYER Zapdos	EXP	Defence	2.4
1774807096369	749	PLAYER Zapdos	SET_EXP	Defence	11088
1774807096369	749	PLAYER Zapdos	EXP	Constitution	0.8
1774807096369	749	PLAYER Zapdos	SET_EXP	Constitution	15236
1774807096370	749	PLAYER GuppyGary	TELED	TILE 3205,3209,0
1774807096370	749	PLAYER FuturePast	EXP	Mining	17.5
1774807096371	749	PLAYER FuturePast	SET_EXP	Mining	6300
1774807096945	750	BOT Blueberry	START_RESOLVER	deposit_all_bank	varrock_east_tin_mining
1774807096945	750	BOT PrairieP	FAILED	go_to_bank	Stuck	0	BotWalkTo
1774807096945	750	BOT Starmie	FAILED	go_to_bank	Stuck	0	BotWalkTo
1774807096945	750	BOT ProPunch	START_ACTIVITY	go_to_varrock_south_east_mine
1774807096968	750	PLAYER Blueberry	EXP	Strength	0.8
1774807096968	750	PLAYER Blueberry	SET_EXP	Strength	16200
1774807096969	750	PLAYER Blueberry	EXP	Constitution	0.26666666666666666
1774807096969	750	PLAYER Blueberry	SET_EXP	Constitution	16940
1774807096969	750	PLAYER ThinkBLUE45	EXP	Attack	5.6
1774807096969	750	PLAYER ThinkBLUE45	SET_EXP	Attack	1296
1774807096970	750	PLAYER ThinkBLUE45	EXP	Constitution	1.8666666666666667
1774807096970	750	PLAYER ThinkBLUE45	SET_EXP	Constitution	11972
1774807097545	751	BOT Blueberry	START_ACTIVITY	deposit_all_bank
1774807097545	751	BOT Matoya	FAILED	go_to_bank	Stuck	0	BotWalkTo
1774807097545	751	BOT DeepDan	START_ACTIVITY	go_to_bank
1774807097545	751	BOT SkidMark	FAILED	go_to_varrock_south_east_mine	Stuck	0	BotWalkTo
1774807097545	751	BOT SpeedHack99	FAILED	go_to_varrock_south_east_mine	Stuck	0	BotWalkTo
1774807097546	751	BOT Skoll	START_ACTIVITY	go_to_bank
1774807097546	751	BOT StyracoS	COMPLETED	go_to_lumbridge_north_trees
1774807097572	751	PLAYER HeadHunter	EXP	Attack	1.2
1774807097572	751	PLAYER HeadHunter	SET_EXP	Attack	13368
1774807097572	751	PLAYER HeadHunter	EXP	Constitution	0.4
1774807097572	751	PLAYER HeadHunter	SET_EXP	Constitution	15996
1774807097574	751	PLAYER zedders	EXP	Attack	1.2
1774807097574	751	PLAYER zedders	SET_EXP	Attack	3720
1774807097574	751	PLAYER zedders	EXP	Constitution	0.4
1774807097574	751	PLAYER zedders	SET_EXP	Constitution	12780
1774807098146	752	BOT PrairieP	START_ACTIVITY	go_to_bank
1774807098146	752	BOT Starmie	START_ACTIVITY	go_to_bank
1774807098169	752	PLAYER Cloud	TELED	TILE 3205,3209,2
1774807098747	753	BOT Matoya	START_ACTIVITY	go_to_bank
1774807098747	753	BOT DeepDan	FAILED	go_to_bank	Stuck	0	BotWalkTo
1774807098747	753	BOT SkidMark	START_ACTIVITY	go_to_varrock_south_east_mine
1774807098748	753	BOT SpeedHack99	START_ACTIVITY	go_to_varrock_south_east_mine
1774807098748	753	BOT ProPunch	FAILED	go_to_varrock_south_east_mine	Stuck	0	BotWalkTo
1774807098748	753	BOT Astra	FAILED	go_to_varrock_south_east_mine	Timeout	20	BotWalkTo
1774807098748	753	BOT StyracoS	COMPLETED	go_to_area
1774807098772	753	PLAYER Zapdos	EXP	Defence	2.8
1774807098772	753	PLAYER Zapdos	SET_EXP	Defence	11256
1774807098773	753	PLAYER Zapdos	EXP	Constitution	0.9333333333333333
1774807098773	753	PLAYER Zapdos	SET_EXP	Constitution	15292
1774807098774	753	PLAYER Gunslinger	EXP	Mining	17.5
1774807098774	753	PLAYER Gunslinger	SET_EXP	Mining	26250
1774807099348	754	BOT PrairieP	FAILED	go_to_bank	Stuck	0	BotWalkTo
1774807099348	754	BOT Starmie	FAILED	go_to_bank	Stuck	0	BotWalkTo
1774807099348	754	BOT Skoll	FAILED	go_to_bank	Stuck	0	BotWalkTo
1774807099348	754	BOT Waves	COMPLETED	go_to_lumbridge_east_trees
1774807099348	754	BOT Astra	ASSIGNED	varrock_tin_mining
1774807099348	754	BOT StyracoS	START_ACTIVITY	lumbridge_north_tree_cutting
1774807099371	754	PLAYER SundayFun	EXP	Attack	3.2
1774807099371	754	PLAYER SundayFun	SET_EXP	Attack	312
1774807099371	754	PLAYER SundayFun	EXP	Constitution	1.0666666666666667
1774807099371	754	PLAYER SundayFun	SET_EXP	Constitution	11644
1774807099372	754	PLAYER Farmer Plow	EXP	Mining	17.5
1774807099372	754	PLAYER Farmer Plow	SET_EXP	Mining	6300
1774807099949	755	BOT DeepDan	START_ACTIVITY	go_to_bank
1774807099949	755	BOT ProPunch	START_ACTIVITY	go_to_varrock_south_east_mine
1774807099950	755	BOT Astra	START_RESOLVER	go_to_area	varrock_tin_mining
1774807099974	755	PLAYER HeadHunter	EXP	Attack	5.2
1774807099974	755	PLAYER HeadHunter	TOTAL_LEVEL_UP	12
1774807099974	755	PLAYER HeadHunter	LEVEL_UP	Attack	11
1774807099974	755	PLAYER HeadHunter	SET_EXP	Attack	13680
1774807099974	755	PLAYER HeadHunter	EXP	Constitution	1.7333333333333334
1774807099974	755	PLAYER HeadHunter	SET_EXP	Constitution	16100
1774807099976	755	PLAYER LaunchDay	EXP	Fishing	10.0
1774807099976	755	PLAYER LaunchDay	TOTAL_LEVEL_UP	6
1774807099976	755	PLAYER LaunchDay	LEVEL_UP	Fishing	7
1774807099976	755	PLAYER LaunchDay	SET_EXP	Fishing	6600
1774807099976	755	PLAYER Tuga	TELED	TILE 3205,3209,1
1774807100550	756	BOT Matoya	FAILED	go_to_bank	Stuck	0	BotWalkTo
1774807100550	756	BOT PrairieP	START_ACTIVITY	go_to_bank
1774807100550	756	BOT SkidMark	FAILED	go_to_varrock_south_east_mine	Stuck	0	BotWalkTo
1774807100550	756	BOT Starmie	START_ACTIVITY	go_to_bank
1774807100550	756	BOT SpeedHack99	FAILED	go_to_varrock_south_east_mine	Stuck	0	BotWalkTo
1774807100550	756	BOT Skoll	START_ACTIVITY	go_to_bank
1774807100550	756	BOT Waves	COMPLETED	go_to_area
1774807100550	756	BOT Astra	START_ACTIVITY	go_to_area
1774807100562	756	PLAYER ThinkBLUE45	KILLED	NPC goblin_light_grey_helmet:10264	TILE 3258,3223,0
1774807100562	756	NPC goblin_light_grey_helmet:10264	DROPPED	ITEM coins:5	ITEM bones:1
1774807101150	757	BOT DeepDan	FAILED	go_to_bank	Stuck	0	BotWalkTo
1774807101151	757	BOT Waves	START_ACTIVITY	lumbridge_east_tree_cutting
1774807101174	757	PLAYER Zapdos	EXP	Defence	2.8
1774807101175	757	PLAYER Zapdos	SET_EXP	Defence	11424
1774807101175	757	PLAYER Zapdos	EXP	Constitution	0.9333333333333333
1774807101175	757	PLAYER Zapdos	SET_EXP	Constitution	15348
1774807101176	757	PLAYER FullStackF	EXP	Fishing	10.0
1774807101176	757	PLAYER FullStackF	SET_EXP	Fishing	9600
1774807101751	758	BOT Matoya	START_ACTIVITY	go_to_bank
1774807101751	758	BOT PrairieP	FAILED	go_to_bank	Stuck	0	BotWalkTo
1774807101751	758	BOT SkidMark	START_ACTIVITY	go_to_varrock_south_east_mine
1774807101751	758	BOT Starmie	FAILED	go_to_bank	Stuck	0	BotWalkTo
1774807101751	758	BOT SpeedHack99	START_ACTIVITY	go_to_varrock_south_east_mine
1774807101751	758	BOT Cloud	COMPLETED	go_to_bank
1774807101751	758	BOT ProPunch	FAILED	go_to_varrock_south_east_mine	Stuck	0	BotWalkTo
1774807101751	758	BOT Astra	START_ACTIVITY	go_to_varrock_south_east_mine
1774807101773	758	PLAYER CamelCarl	EXP	Mining	17.5
1774807101773	758	PLAYER CamelCarl	TOTAL_LEVEL_UP	21
1774807101773	758	PLAYER CamelCarl	LEVEL_UP	Mining	10
1774807101773	758	PLAYER CamelCarl	SET_EXP	Mining	11550
1774807101774	758	PLAYER DownUp99	EXP	Mining	17.5
1774807101774	758	PLAYER DownUp99	TOTAL_LEVEL_UP	12
1774807101774	758	PLAYER DownUp99	LEVEL_UP	Mining	13
1774807101774	758	PLAYER DownUp99	SET_EXP	Mining	18900
1774807101775	758	PLAYER SacredProf	EXP	Defence	2.0
1774807101775	758	PLAYER SacredProf	SET_EXP	Defence	12936
1774807101775	758	PLAYER SacredProf	EXP	Constitution	0.6666666666666666
1774807101775	758	PLAYER SacredProf	TOTAL_LEVEL_UP	11
1774807101775	758	PLAYER SacredProf	LEVEL_UP	Constitution	120
1774807101775	758	PLAYER SacredProf	SET_EXP	Constitution	15852
1774807102352	759	BOT DeepDan	START_ACTIVITY	go_to_bank
1774807102352	759	BOT Ember	COMPLETED	withdraw_from_bank
1774807102352	759	BOT Skoll	FAILED	go_to_bank	Stuck	0	BotWalkTo
1774807102377	759	PLAYER SilentScrem	EXP	Mining	17.5
1774807102377	759	PLAYER SilentScrem	TOTAL_LEVEL_UP	16
1774807102377	759	PLAYER SilentScrem	LEVEL_UP	Mining	11
1774807102377	759	PLAYER SilentScrem	SET_EXP	Mining	13650
1774807102377	759	PLAYER HeadHunter	EXP	Attack	3.6
1774807102377	759	PLAYER HeadHunter	SET_EXP	Attack	13896
1774807102378	759	PLAYER HeadHunter	EXP	Constitution	1.2
1774807102378	759	PLAYER HeadHunter	SET_EXP	Constitution	16172
1774807102379	759	PLAYER Tuga	TELED	TILE 3205,3209,0
1774807102952	760	BOT PrairieP	START_ACTIVITY	go_to_bank
1774807102952	760	BOT Starmie	START_ACTIVITY	go_to_bank
1774807102952	760	BOT Ember	START_RESOLVER	go_to_area	varrock_clay_mining
1774807102953	760	BOT ProPunch	START_ACTIVITY	go_to_varrock_south_east_mine
1774807103553	761	BOT Matoya	FAILED	go_to_bank	Stuck	0	BotWalkTo
1774807103553	761	BOT DeepDan	FAILED	go_to_bank	Stuck	0	BotWalkTo
1774807103553	761	BOT SkidMark	FAILED	go_to_varrock_south_east_mine	Stuck	0	BotWalkTo
1774807103553	761	BOT Ember	START_ACTIVITY	go_to_area
1774807103553	761	BOT SpeedHack99	FAILED	go_to_varrock_south_east_mine	Stuck	0	BotWalkTo
1774807103553	761	BOT Skoll	START_ACTIVITY	go_to_bank
1774807103567	761	PLAYER HeadHunter	KILLED	NPC chicken_brown:10359	TILE 3231,3297,0
1774807103567	761	NPC chicken_brown:10359	DROPPED	ITEM bones:1	ITEM raw_chicken:1
1774807103577	761	PLAYER BigOof	EXP	Fishing	10.0
1774807103577	761	PLAYER BigOof	SET_EXP	Fishing	14400
1774807103578	761	PLAYER Zapdos	EXP	Defence	1.2
1774807103578	761	PLAYER Zapdos	SET_EXP	Defence	11496
1774807103578	761	PLAYER Zapdos	EXP	Constitution	0.4
1774807103578	761	PLAYER Zapdos	SET_EXP	Constitution	15372
1774807103579	761	PLAYER FakeTruth	EXP	Mining	5.0
1774807103579	761	PLAYER FakeTruth	SET_EXP	Mining	5700
1774807104153	762	BOT PrairieP	FAILED	go_to_bank	Stuck	0	BotWalkTo
1774807104153	762	BOT Starmie	FAILED	go_to_bank	Stuck	0	BotWalkTo
1774807104175	762	PLAYER Blueberry	EXP	Strength	7.2
1774807104175	762	PLAYER Blueberry	SET_EXP	Strength	16632
1774807104175	762	PLAYER Blueberry	EXP	Constitution	2.4
1774807104175	762	PLAYER Blueberry	SET_EXP	Constitution	17084
1774807104176	762	PLAYER SacredProf	EXP	Defence	0.4
1774807104176	762	PLAYER SacredProf	SET_EXP	Defence	12960
1774807104176	762	PLAYER SacredProf	EXP	Constitution	0.13333333333333333
1774807104176	762	PLAYER SacredProf	SET_EXP	Constitution	15860
1774807104177	762	PLAYER FullStackF	EXP	Fishing	10.0
1774807104177	762	PLAYER FullStackF	TOTAL_LEVEL_UP	8
1774807104177	762	PLAYER FullStackF	LEVEL_UP	Fishing	9
1774807104177	762	PLAYER FullStackF	SET_EXP	Fishing	10200
1774807104178	762	PLAYER Gunslinger	EXP	Mining	17.5
1774807104178	762	PLAYER Gunslinger	SET_EXP	Mining	27300
1774807104754	763	BOT Matoya	START_ACTIVITY	go_to_bank
1774807104754	763	BOT DeepDan	START_ACTIVITY	go_to_bank
1774807104754	763	BOT SkidMark	START_ACTIVITY	go_to_varrock_south_east_mine
1774807104754	763	BOT Ember	START_ACTIVITY	go_to_varrock_south_west_mine
1774807104754	763	BOT SpeedHack99	START_ACTIVITY	go_to_varrock_south_east_mine
1774807104754	763	BOT ProPunch	FAILED	go_to_varrock_south_east_mine	Stuck	0	BotWalkTo
1774807104779	763	PLAYER HeadHunter	EXP	Attack	5.2
1774807104779	763	PLAYER HeadHunter	SET_EXP	Attack	14208
1774807104779	763	PLAYER HeadHunter	EXP	Constitution	1.7333333333333334
1774807104779	763	PLAYER HeadHunter	SET_EXP	Constitution	16276
1774807105355	764	BOT PrairieP	START_ACTIVITY	go_to_bank
1774807105355	764	BOT Starmie	START_ACTIVITY	go_to_bank
1774807105355	764	BOT Skoll	FAILED	go_to_bank	Stuck	0	BotWalkTo
1774807105377	764	PLAYER YutytyrannY	EXP	Fishing	10.0
1774807105377	764	PLAYER YutytyrannY	SET_EXP	Fishing	15600
1774807105956	765	BOT DeepDan	FAILED	go_to_bank	Stuck	0	BotWalkTo
1774807105956	765	BOT ProPunch	START_ACTIVITY	go_to_varrock_south_east_mine
1774807105981	765	PLAYER Bob	EXP	Mining	17.5
1774807105981	765	PLAYER Bob	SET_EXP	Mining	15750
1774807105982	765	PLAYER Zapdos	EXP	Defence	0.4
1774807105982	765	PLAYER Zapdos	SET_EXP	Defence	11520
1774807105982	765	PLAYER Zapdos	EXP	Constitution	0.13333333333333333
1774807105982	765	PLAYER Zapdos	SET_EXP	Constitution	15380
1774807105982	765	PLAYER AlosaurAce	EXP	Mining	17.5
1774807105982	765	PLAYER AlosaurAce	SET_EXP	Mining	15750
1774807106556	766	BOT Matoya	FAILED	go_to_bank	Stuck	0	BotWalkTo
1774807106556	766	BOT PrairieP	FAILED	go_to_bank	Stuck	0	BotWalkTo
1774807106556	766	BOT SkidMark	FAILED	go_to_varrock_south_east_mine	Stuck	0	BotWalkTo
1774807106557	766	BOT Starmie	FAILED	go_to_bank	Stuck	0	BotWalkTo
1774807106557	766	BOT SpeedHack99	FAILED	go_to_varrock_south_east_mine	Stuck	0	BotWalkTo
1774807106557	766	BOT Skoll	START_ACTIVITY	go_to_bank
1774807106557	766	BOT BrokenWheel	COMPLETED	go_to_varrock_south_east_mine
1774807106580	766	PLAYER Lash	EXP	Mining	17.5
1774807106580	766	PLAYER Lash	SET_EXP	Mining	15750
1774807107157	767	BOT DeepDan	START_ACTIVITY	go_to_bank
1774807107158	767	BOT Maikeru	FAILED	go_to_lumbridge_swamp_east_tin_mine	Timeout	24	BotWalkTo
1774807107182	767	PLAYER FuturePast	EXP	Mining	17.5
1774807107182	767	PLAYER FuturePast	TOTAL_LEVEL_UP	6
1774807107182	767	PLAYER FuturePast	LEVEL_UP	Mining	7
1774807107182	767	PLAYER FuturePast	SET_EXP	Mining	7350
1774807107183	767	PLAYER FullStackF	EXP	Fishing	10.0
1774807107183	767	PLAYER FullStackF	SET_EXP	Fishing	10800
1774807107183	767	PLAYER DownUp99	EXP	Mining	17.5
1774807107183	767	PLAYER DownUp99	SET_EXP	Mining	19950
1774807107758	768	BOT Matoya	START_ACTIVITY	go_to_bank
1774807107758	768	BOT PrairieP	START_ACTIVITY	go_to_bank
1774807107758	768	BOT SkidMark	START_ACTIVITY	go_to_varrock_south_east_mine
1774807107758	768	BOT Starmie	START_ACTIVITY	go_to_bank
1774807107758	768	BOT SpeedHack99	START_ACTIVITY	go_to_varrock_south_east_mine
1774807107758	768	BOT Maikeru	ASSIGNED	lumbridge_tin_mining
1774807107758	768	BOT ProPunch	FAILED	go_to_varrock_south_east_mine	Stuck	0	BotWalkTo
1774807107770	768	PLAYER SacredProf	KILLED	NPC chicken_brown:10358	TILE 3227,3299,0
1774807107770	768	NPC chicken_brown:10358	DROPPED	ITEM bones:1	ITEM raw_chicken:1
1774807107780	768	PLAYER UnknownX	TELED	TILE 3221,3220,0
1774807107781	768	PLAYER UnknownX	TASK_COMPLETED	click_your_heels_three_times_task
1774807108359	769	BOT MegalodonM	COMPLETED	go_to_lumbridge_north_trees
1774807108359	769	BOT DeepDan	FAILED	go_to_bank	Stuck	0	BotWalkTo
1774807108359	769	BOT Skoll	FAILED	go_to_bank	Stuck	0	BotWalkTo
1774807108359	769	BOT Maikeru	START_ACTIVITY	lumbridge_tin_mining
1774807108359	769	BOT BrokenWheel	COMPLETED	go_to_area
1774807108384	769	PLAYER Zapdos	EXP	Defence	5.6
1774807108385	769	PLAYER Zapdos	TOTAL_LEVEL_UP	10
1774807108385	769	PLAYER Zapdos	TASK_COMPLETED	on_the_level_task
1774807108385	769	PLAYER Zapdos	LEVEL_UP	Defence	10
1774807108385	769	PLAYER Zapdos	SET_EXP	Defence	11856
1774807108385	769	PLAYER Zapdos	EXP	Constitution	1.8666666666666667
1774807108385	769	PLAYER Zapdos	SET_EXP	Constitution	15492
1774807108960	770	BOT Starmie	FAILED	go_to_bank	Stuck	0	BotWalkTo
1774807108960	770	BOT ProPunch	START_ACTIVITY	go_to_varrock_south_east_mine
1774807108960	770	BOT BrokenWheel	START_ACTIVITY	varrock_tin_mining
1774807108983	770	PLAYER SacredProf	EXP	Defence	4.4
1774807108983	770	PLAYER SacredProf	SET_EXP	Defence	13224
1774807108983	770	PLAYER SacredProf	EXP	Constitution	1.4666666666666666
1774807108983	770	PLAYER SacredProf	SET_EXP	Constitution	15948
1774807108984	770	PLAYER LaunchDay	EXP	Fishing	10.0
1774807108984	770	PLAYER LaunchDay	SET_EXP	Fishing	7200
1774807109560	771	BOT Matoya	FAILED	go_to_bank	Stuck	0	BotWalkTo
1774807109560	771	BOT DeepDan	START_ACTIVITY	go_to_bank
1774807109560	771	BOT SkidMark	FAILED	go_to_varrock_south_east_mine	Stuck	0	BotWalkTo
1774807109560	771	BOT SpeedHack99	FAILED	go_to_varrock_south_east_mine	Stuck	0	BotWalkTo
1774807109560	771	BOT Skoll	START_ACTIVITY	go_to_bank
1774807109574	771	PLAYER Zapdos	KILLED	NPC chicken_brown:10356	TILE 3228,3298,0
1774807109574	771	NPC chicken_brown:10356	DROPPED	ITEM feather:5	ITEM bones:1	ITEM raw_chicken:1
1774807109585	771	PLAYER Farmer Plow	EXP	Mining	17.5
1774807109585	771	PLAYER Farmer Plow	TOTAL_LEVEL_UP	6
1774807109585	771	PLAYER Farmer Plow	LEVEL_UP	Mining	7
1774807109585	771	PLAYER Farmer Plow	SET_EXP	Mining	7350
1774807109586	771	PLAYER zedders	EXP	Attack	2.4
1774807109586	771	PLAYER zedders	SET_EXP	Attack	3864
1774807109586	771	PLAYER zedders	EXP	Constitution	0.8
1774807109586	771	PLAYER zedders	SET_EXP	Constitution	12828
1774807109587	771	PLAYER HeadHunter	EXP	Attack	3.2
1774807109587	771	PLAYER HeadHunter	SET_EXP	Attack	14400
1774807109587	771	PLAYER HeadHunter	EXP	Constitution	1.0666666666666667
1774807109587	771	PLAYER HeadHunter	SET_EXP	Constitution	16340
1774807110160	772	BOT MegalodonM	COMPLETED	go_to_area
1774807110161	772	BOT ThreatPeace	COMPLETED	go_to_lumbridge_chicken_pen
1774807110161	772	BOT Starmie	START_ACTIVITY	go_to_bank
1774807110161	772	BOT Cloud	COMPLETED	withdraw_from_bank
1774807110762	773	BOT MegalodonM	START_ACTIVITY	lumbridge_oak_tree_cutting
1774807110762	773	BOT Matoya	START_ACTIVITY	go_to_bank
1774807110762	773	BOT DeepDan	FAILED	go_to_bank	Stuck	0	BotWalkTo
1774807110762	773	BOT SkidMark	START_ACTIVITY	go_to_varrock_south_east_mine
1774807110762	773	BOT SpeedHack99	START_ACTIVITY	go_to_varrock_south_east_mine
1774807110762	773	BOT Cloud	START_RESOLVER	go_to_area	lumbridge_net_fishing
1774807110762	773	BOT ProPunch	FAILED	go_to_varrock_south_east_mine	Stuck	0	BotWalkTo
1774807111362	774	BOT ThreatPeace	COMPLETED	go_to_area
1774807111362	774	BOT Cloud	START_ACTIVITY	go_to_area
1774807111362	774	BOT Skoll	FAILED	go_to_bank	Stuck	0	BotWalkTo
1774807111385	774	PLAYER Blueberry	EXP	Strength	2.8
1774807111385	774	PLAYER Blueberry	SET_EXP	Strength	16800
1774807111385	774	PLAYER Blueberry	EXP	Constitution	0.9333333333333333
1774807111385	774	PLAYER Blueberry	SET_EXP	Constitution	17140
1774807111387	774	PLAYER HeadHunter	TOOK	FLOOR_ITEM bones:1	TILE 3231,3301,0
1774807111387	774	PLAYER Waves	EXP	Woodcutting	25.0
1774807111387	774	PLAYER Waves	TOTAL_LEVEL_UP	10
1774807111387	774	PLAYER Waves	TASK_COMPLETED	on_the_level_task
1774807111387	774	PLAYER Waves	LEVEL_UP	Woodcutting	2
1774807111387	774	PLAYER Waves	SET_EXP	Woodcutting	1500
1774807111387	774	PLAYER Waves	TASK_COMPLETED	adventurers_log_task
1774807111963	775	BOT DeepDan	START_ACTIVITY	go_to_bank
1774807111963	775	BOT ThreatPeace	START_ACTIVITY	kill_freds_chickens_strength
1774807111963	775	BOT ProPunch	START_ACTIVITY	go_to_varrock_south_east_mine
1774807111963	775	BOT Astra	COMPLETED	go_to_varrock_south_east_mine
1774807111987	775	PLAYER Lash	EXP	Mining	17.5
1774807111987	775	PLAYER Lash	TOTAL_LEVEL_UP	11
1774807111987	775	PLAYER Lash	LEVEL_UP	Mining	12
1774807111987	775	PLAYER Lash	SET_EXP	Mining	16800
1774807111988	775	PLAYER zedders	EXP	Attack	2.4
1774807111988	775	PLAYER zedders	TOTAL_LEVEL_UP	4
1774807111988	775	PLAYER zedders	LEVEL_UP	Attack	5
1774807111988	775	PLAYER zedders	SET_EXP	Attack	4008
1774807111988	775	PLAYER zedders	EXP	Constitution	0.8
1774807111988	775	PLAYER zedders	SET_EXP	Constitution	12876
1774807111989	775	PLAYER HeadHunter	TOOK	FLOOR_ITEM raw_chicken:1	TILE 3231,3301,0
1774807112563	776	BOT Matoya	FAILED	go_to_bank	Stuck	0	BotWalkTo
1774807112563	776	BOT SkidMark	FAILED	go_to_varrock_south_east_mine	Stuck	0	BotWalkTo
1774807112563	776	BOT SpeedHack99	FAILED	go_to_varrock_south_east_mine	Stuck	0	BotWalkTo
1774807112564	776	BOT Cloud	START_ACTIVITY	go_to_lumbridge_swamp_fishing_area
1774807112564	776	BOT Skoll	START_ACTIVITY	go_to_bank
1774807112564	776	BOT Ice	COMPLETED	go_to_lumbridge_firemaking_spot
1774807112586	776	PLAYER DownUp99	EXP	Mining	17.5
1774807112586	776	PLAYER DownUp99	SET_EXP	Mining	21000
1774807113164	777	BOT DeepDan	FAILED	go_to_bank	Stuck	0	BotWalkTo
1774807113165	777	BOT Astra	COMPLETED	go_to_area
1774807113179	777	PLAYER HeadHunter	KILLED	NPC chicken:10309	TILE 3229,3299,0
1774807113179	777	NPC chicken:10309	DROPPED	ITEM feather:15	ITEM bones:1	ITEM raw_chicken:1
1774807113192	777	PLAYER SilentScrem	EXP	Mining	17.5
1774807113193	777	PLAYER SilentScrem	SET_EXP	Mining	14700
1774807113194	777	PLAYER FireStarter	EXP	Mining	17.5
1774807113194	777	PLAYER FireStarter	TOTAL_LEVEL_UP	8
1774807113194	777	PLAYER FireStarter	LEVEL_UP	Mining	9
1774807113194	777	PLAYER FireStarter	SET_EXP	Mining	10500
1774807113195	777	PLAYER Zapdos	EXP	Defence	1.2
1774807113195	777	PLAYER Zapdos	SET_EXP	Defence	11928
1774807113195	777	PLAYER Zapdos	EXP	Constitution	0.4
1774807113195	777	PLAYER Zapdos	SET_EXP	Constitution	15516
1774807113765	778	BOT Matoya	START_ACTIVITY	go_to_bank
1774807113765	778	BOT SkidMark	START_ACTIVITY	go_to_varrock_south_east_mine
1774807113765	778	BOT SpeedHack99	START_ACTIVITY	go_to_varrock_south_east_mine
1774807113765	778	BOT ProPunch	FAILED	go_to_varrock_south_east_mine	Stuck	0	BotWalkTo
1774807113765	778	BOT Ice	COMPLETED	go_to_area
1774807113765	778	BOT UnknownX	COMPLETED	teleport_lumbridge
1774807113765	778	BOT Astra	START_ACTIVITY	varrock_tin_mining
1774807113786	778	PLAYER Blueberry	EXP	Strength	10.0
1774807113786	778	PLAYER Blueberry	SET_EXP	Strength	17400
1774807113787	778	PLAYER Blueberry	EXP	Constitution	3.3333333333333335
1774807113787	778	PLAYER Blueberry	SET_EXP	Constitution	17340
1774807114365	779	BOT DeepDan	START_ACTIVITY	go_to_bank
1774807114365	779	BOT Skoll	FAILED	go_to_bank	Stuck	0	BotWalkTo
1774807114366	779	BOT Ice	START_ACTIVITY	lumbridge_firemaking_logs
1774807114366	779	BOT UnknownX	START_ACTIVITY	go_to_lumbridge_firemaking_spot
1774807114392	779	PLAYER zedders	EXP	Attack	3.2
1774807114392	779	PLAYER zedders	SET_EXP	Attack	4200
1774807114392	779	PLAYER zedders	EXP	Constitution	1.0666666666666667
1774807114392	779	PLAYER zedders	SET_EXP	Constitution	12940
1774807114393	779	PLAYER ThinkBLUE45	EXP	Woodcutting	25.0
1774807114393	779	PLAYER ThinkBLUE45	TOTAL_LEVEL_UP	2
1774807114393	779	PLAYER ThinkBLUE45	LEVEL_UP	Woodcutting	2
1774807114393	779	PLAYER ThinkBLUE45	SET_EXP	Woodcutting	1500
1774807114393	779	PLAYER ThinkBLUE45	TASK_COMPLETED	adventurers_log_task
1774807114966	780	BOT ProPunch	START_ACTIVITY	go_to_varrock_south_east_mine
1774807114989	780	PLAYER ThreatPeace	EXP	Strength	6.0
1774807114989	780	PLAYER ThreatPeace	SET_EXP	Strength	360
1774807114990	780	PLAYER ThreatPeace	EXP	Constitution	2.0
1774807114990	780	PLAYER ThreatPeace	SET_EXP	Constitution	11660
1774807114990	780	PLAYER MegalodonM	EXP	Woodcutting	37.5
1774807114990	780	PLAYER MegalodonM	SET_EXP	Woodcutting	42750
1774807115566	781	BOT Matoya	FAILED	go_to_bank	Stuck	0	BotWalkTo
1774807115566	781	BOT DeepDan	FAILED	go_to_bank	Stuck	0	BotWalkTo
1774807115566	781	BOT SkidMark	FAILED	go_to_varrock_south_east_mine	Stuck	0	BotWalkTo
1774807115566	781	BOT SpeedHack99	FAILED	go_to_varrock_south_east_mine	Stuck	0	BotWalkTo
1774807115566	781	BOT Skoll	START_ACTIVITY	go_to_bank
1774807115591	781	PLAYER Zapdos	EXP	Defence	4.8
1774807115591	781	PLAYER Zapdos	SET_EXP	Defence	12216
1774807115591	781	PLAYER Zapdos	EXP	Constitution	1.6
1774807115591	781	PLAYER Zapdos	SET_EXP	Constitution	15612
1774807116190	782	PLAYER Blueberry	EXP	Strength	4.8
1774807116190	782	PLAYER Blueberry	SET_EXP	Strength	17688
1774807116190	782	PLAYER Blueberry	EXP	Constitution	1.6
1774807116190	782	PLAYER Blueberry	SET_EXP	Constitution	17436
1774807116191	782	PLAYER AprilFool	TELED	TILE 3205,3209,1
1774807116191	782	PLAYER SacredProf	EXP	Defence	5.6
1774807116191	782	PLAYER SacredProf	SET_EXP	Defence	13560
1774807116191	782	PLAYER SacredProf	EXP	Constitution	1.8666666666666667
1774807116191	782	PLAYER SacredProf	SET_EXP	Constitution	16060
1774807116191	782	PLAYER FullStackF	EXP	Fishing	10.0
1774807116192	782	PLAYER FullStackF	SET_EXP	Fishing	11400
1774807116192	782	PLAYER HeadHunter	EXP	Attack	4.8
1774807116192	782	PLAYER HeadHunter	SET_EXP	Attack	14688
1774807116192	782	PLAYER HeadHunter	EXP	Constitution	1.6
1774807116192	782	PLAYER HeadHunter	SET_EXP	Constitution	16436
1774807116193	782	PLAYER SundayFun	EXP	Attack	4.4
1774807116193	782	PLAYER SundayFun	SET_EXP	Attack	576
1774807116193	782	PLAYER SundayFun	EXP	Constitution	1.4666666666666666
1774807116193	782	PLAYER SundayFun	SET_EXP	Constitution	11732
1774807116768	783	BOT Matoya	START_ACTIVITY	go_to_bank
1774807116768	783	BOT DeepDan	START_ACTIVITY	go_to_bank
1774807116768	783	BOT SkidMark	START_ACTIVITY	go_to_varrock_south_east_mine
1774807116768	783	BOT SpeedHack99	START_ACTIVITY	go_to_varrock_south_east_mine
1774807116768	783	BOT ProPunch	FAILED	go_to_varrock_south_east_mine	Stuck	0	BotWalkTo
1774807116792	783	PLAYER zedders	EXP	Attack	3.2
1774807116793	783	PLAYER zedders	SET_EXP	Attack	4392
1774807116793	783	PLAYER zedders	EXP	Constitution	1.0666666666666667
1774807116793	783	PLAYER zedders	SET_EXP	Constitution	13004
1774807116794	783	PLAYER StyracoS	EXP	Woodcutting	25.0
1774807116794	783	PLAYER StyracoS	TOTAL_LEVEL_UP	18
1774807116794	783	PLAYER StyracoS	LEVEL_UP	Woodcutting	2
1774807116794	783	PLAYER StyracoS	SET_EXP	Woodcutting	1500
1774807116794	783	PLAYER StyracoS	TASK_COMPLETED	adventurers_log_task
1774807116795	783	PLAYER SparrowS	TELED	TILE 3205,3209,1
1774807117368	784	BOT Skoll	FAILED	go_to_bank	Stuck	0	BotWalkTo
1774807117391	784	PLAYER Cloud	TELED	TILE 3205,3209,1
1774807117391	784	PLAYER ThreatPeace	EXP	Strength	1.6
1774807117391	784	PLAYER ThreatPeace	SET_EXP	Strength	456
1774807117392	784	PLAYER ThreatPeace	EXP	Constitution	0.5333333333333333
1774807117392	784	PLAYER ThreatPeace	SET_EXP	Constitution	11692
1774807117393	784	PLAYER MegalodonM	EXP	Woodcutting	37.5
1774807117393	784	PLAYER MegalodonM	TOTAL_LEVEL_UP	19
1774807117393	784	PLAYER MegalodonM	LEVEL_UP	Woodcutting	20
1774807117393	784	PLAYER MegalodonM	SET_EXP	Woodcutting	45000
1774807117969	785	BOT DeepDan	FAILED	go_to_bank	Stuck	0	BotWalkTo
1774807117969	785	BOT ProPunch	START_ACTIVITY	go_to_varrock_south_east_mine
1774807117993	785	PLAYER FuturePast	EXP	Mining	17.5
1774807117993	785	PLAYER FuturePast	TOTAL_LEVEL_UP	7
1774807117993	785	PLAYER FuturePast	LEVEL_UP	Mining	8
1774807117993	785	PLAYER FuturePast	SET_EXP	Mining	8400
1774807117994	785	PLAYER Zapdos	EXP	Defence	0.4
1774807117994	785	PLAYER Zapdos	SET_EXP	Defence	12240
1774807117994	785	PLAYER Zapdos	EXP	Constitution	0.13333333333333333
1774807117994	785	PLAYER Zapdos	SET_EXP	Constitution	15620
1774807118570	786	BOT Matoya	FAILED	go_to_bank	Stuck	0	BotWalkTo
1774807118570	786	BOT SkidMark	FAILED	go_to_varrock_south_east_mine	Stuck	0	BotWalkTo
1774807118570	786	BOT SpeedHack99	FAILED	go_to_varrock_south_east_mine	Stuck	0	BotWalkTo
1774807118570	786	BOT Skoll	START_ACTIVITY	go_to_bank
1774807118592	786	PLAYER SilentScrem	EXP	Mining	17.5
1774807118592	786	PLAYER SilentScrem	SET_EXP	Mining	15750
1774807118593	786	PLAYER BigOof	EXP	Fishing	10.0
1774807118593	786	PLAYER BigOof	SET_EXP	Fishing	15000
1774807118593	786	PLAYER AprilFool	TELED	TILE 3205,3209,2
1774807118593	786	PLAYER SacredProf	EXP	Defence	2.0
1774807118593	786	PLAYER SacredProf	TOTAL_LEVEL_UP	12
1774807118593	786	PLAYER SacredProf	LEVEL_UP	Defence	11
1774807118593	786	PLAYER SacredProf	SET_EXP	Defence	13680
1774807118593	786	PLAYER SacredProf	EXP	Constitution	0.6666666666666666
1774807118593	786	PLAYER SacredProf	SET_EXP	Constitution	16100
1774807118594	786	PLAYER HeadHunter	EXP	Attack	3.2
1774807118594	786	PLAYER HeadHunter	SET_EXP	Attack	14880
1774807118594	786	PLAYER HeadHunter	EXP	Constitution	1.0666666666666667
1774807118594	786	PLAYER HeadHunter	SET_EXP	Constitution	16500
1774807118595	786	PLAYER SundayFun	EXP	Attack	0.4
1774807118595	786	PLAYER SundayFun	SET_EXP	Attack	600
1774807118595	786	PLAYER SundayFun	EXP	Constitution	0.13333333333333333
1774807118595	786	PLAYER SundayFun	SET_EXP	Constitution	11740
1774807119170	787	BOT DeepDan	START_ACTIVITY	go_to_bank
1774807119170	787	BOT LazyLuke	COMPLETED	go_to_lumbridge_swamp_fishing_area
1774807119195	787	PLAYER zedders	EXP	Attack	2.8
1774807119195	787	PLAYER zedders	SET_EXP	Attack	4560
1774807119196	787	PLAYER zedders	EXP	Constitution	0.9333333333333333
1774807119196	787	PLAYER zedders	SET_EXP	Constitution	13060
1774807119197	787	PLAYER SparrowS	TELED	TILE 3205,3209,2
1774807119771	788	BOT Matoya	START_ACTIVITY	go_to_bank
1774807119771	788	BOT SkidMark	START_ACTIVITY	go_to_varrock_south_east_mine
1774807119771	788	BOT SpeedHack99	START_ACTIVITY	go_to_varrock_south_east_mine
1774807119771	788	BOT ProPunch	FAILED	go_to_varrock_south_east_mine	Stuck	0	BotWalkTo
1774807119793	788	PLAYER Farmer Plow	EXP	Mining	17.5
1774807119793	788	PLAYER Farmer Plow	TOTAL_LEVEL_UP	7
1774807119793	788	PLAYER Farmer Plow	LEVEL_UP	Mining	8
1774807119793	788	PLAYER Farmer Plow	SET_EXP	Mining	8400
1774807119794	788	PLAYER Cloud	TELED	TILE 3205,3209,0
1774807119795	788	PLAYER ThreatPeace	EXP	Strength	4.4
1774807119795	788	PLAYER ThreatPeace	SET_EXP	Strength	720
1774807119795	788	PLAYER ThreatPeace	EXP	Constitution	1.4666666666666666
1774807119795	788	PLAYER ThreatPeace	SET_EXP	Constitution	11780
1774807120372	789	BOT DeepDan	FAILED	go_to_bank	Stuck	0	BotWalkTo
1774807120372	789	BOT Skoll	FAILED	go_to_bank	Stuck	0	BotWalkTo
1774807120398	789	PLAYER Zapdos	EXP	Defence	2.8
1774807120398	789	PLAYER Zapdos	SET_EXP	Defence	12408
1774807120398	789	PLAYER Zapdos	EXP	Constitution	0.9333333333333333
1774807120398	789	PLAYER Zapdos	SET_EXP	Constitution	15676
1774807120973	790	BOT LazyLuke	COMPLETED	go_to_area
1774807120974	790	BOT ProPunch	START_ACTIVITY	go_to_varrock_south_east_mine
1774807120996	790	PLAYER HeadHunter	EXP	Attack	4.0
1774807120996	790	PLAYER HeadHunter	SET_EXP	Attack	15120
1774807120997	790	PLAYER HeadHunter	EXP	Constitution	1.3333333333333333
1774807120997	790	PLAYER HeadHunter	SET_EXP	Constitution	16580
1774807120997	790	PLAYER SundayFun	EXP	Attack	5.2
1774807120997	790	PLAYER SundayFun	TOTAL_LEVEL_UP	19
1774807120997	790	PLAYER SundayFun	LEVEL_UP	Attack	2
1774807120998	790	PLAYER SundayFun	SET_EXP	Attack	912
1774807120998	790	PLAYER SundayFun	EXP	Constitution	1.7333333333333334
1774807120998	790	PLAYER SundayFun	SET_EXP	Constitution	11844
1774807121574	791	BOT Matoya	FAILED	go_to_bank	Stuck	0	BotWalkTo
1774807121574	791	BOT DeepDan	START_ACTIVITY	go_to_bank
1774807121574	791	BOT LazyLuke	START_ACTIVITY	lumbridge_net_fishing
1774807121574	791	BOT SkidMark	FAILED	go_to_varrock_south_east_mine	Stuck	0	BotWalkTo
1774807121574	791	BOT SpeedHack99	FAILED	go_to_varrock_south_east_mine	Stuck	0	BotWalkTo
1774807121574	791	BOT Skoll	START_ACTIVITY	go_to_bank
1774807121589	791	PLAYER Zapdos	KILLED	NPC chicken_brown:10360	TILE 3231,3300,0
1774807121589	791	NPC chicken_brown:10360	DROPPED	ITEM feather:5	ITEM bones:1	ITEM raw_chicken:1
1774807121605	791	PLAYER Bob	EXP	Mining	17.5
1774807121605	791	PLAYER Bob	TOTAL_LEVEL_UP	11
1774807121605	791	PLAYER Bob	LEVEL_UP	Mining	12
1774807121605	791	PLAYER Bob	SET_EXP	Mining	16800
1774807122176	792	BOT AprilFool	COMPLETED	go_to_bank
1774807122187	792	PLAYER SacredProf	KILLED	NPC chicken:10310	TILE 3231,3301,0
1774807122188	792	NPC chicken:10310	DROPPED	ITEM bones:1	ITEM raw_chicken:1
1774807122198	792	PLAYER MegalodonM	EXP	Woodcutting	37.5
1774807122198	792	PLAYER MegalodonM	SET_EXP	Woodcutting	47250
1774807122776	793	BOT Matoya	START_ACTIVITY	go_to_bank
1774807122776	793	BOT DeepDan	FAILED	go_to_bank	Stuck	0	BotWalkTo
1774807122776	793	BOT SkidMark	START_ACTIVITY	go_to_varrock_south_east_mine
1774807122776	793	BOT SpeedHack99	START_ACTIVITY	go_to_varrock_south_east_mine
1774807122776	793	BOT ProPunch	FAILED	go_to_varrock_south_east_mine	Stuck	0	BotWalkTo
1774807122776	793	BOT SparrowS	COMPLETED	go_to_bank
1774807122791	793	PLAYER zedders	KILLED	NPC goblin_light_grey_helmet:10261	TILE 3256,3229,0
1774807122791	793	NPC goblin_light_grey_helmet:10261	DROPPED	ITEM body_rune:7	ITEM bones:1
1774807122802	793	PLAYER SacredProf	TOOK	FLOOR_ITEM bones:1	TILE 3227,3299,0
1774807122802	793	PLAYER Zapdos	EXP	Defence	4.4
1774807122802	793	PLAYER Zapdos	SET_EXP	Defence	12672
1774807122803	793	PLAYER Zapdos	EXP	Constitution	1.4666666666666666
1774807122803	793	PLAYER Zapdos	SET_EXP	Constitution	15764
1774807123377	794	BOT Skoll	FAILED	go_to_bank	Stuck	0	BotWalkTo
1774807123389	794	PLAYER ThreatPeace	KILLED	NPC chicken:10308	TILE 3239,3297,0
1774807123389	794	NPC chicken:10308	DROPPED	ITEM feather:15	ITEM bones:1	ITEM raw_chicken:1
1774807123400	794	PLAYER Blueberry	EXP	Strength	4.4
1774807123400	794	PLAYER Blueberry	SET_EXP	Strength	17952
1774807123400	794	PLAYER Blueberry	EXP	Constitution	1.4666666666666666
1774807123400	794	PLAYER Blueberry	SET_EXP	Constitution	17524
1774807123401	794	PLAYER SacredProf	TOOK	FLOOR_ITEM raw_chicken:1	TILE 3227,3299,0
1774807123402	794	PLAYER HeadHunter	TOOK	FLOOR_ITEM bones:1	TILE 3231,3297,0
1774807123402	794	PLAYER SundayFun	EXP	Attack	4.4
1774807123402	794	PLAYER SundayFun	SET_EXP	Attack	1176
1774807123402	794	PLAYER SundayFun	EXP	Constitution	1.4666666666666666
1774807123402	794	PLAYER SundayFun	SET_EXP	Constitution	11932
1774807123978	795	BOT DeepDan	START_ACTIVITY	go_to_bank
1774807123978	795	BOT ProPunch	START_ACTIVITY	go_to_varrock_south_east_mine
1774807124002	795	PLAYER SacredProf	EXP	Defence	4.4
1774807124002	795	PLAYER SacredProf	SET_EXP	Defence	13944
1774807124003	795	PLAYER SacredProf	EXP	Constitution	1.4666666666666666
1774807124003	795	PLAYER SacredProf	SET_EXP	Constitution	16188
1774807124578	796	BOT Matoya	FAILED	go_to_bank	Stuck	0	BotWalkTo
1774807124578	796	BOT SkidMark	FAILED	go_to_varrock_south_east_mine	Stuck	0	BotWalkTo
1774807124578	796	BOT SpeedHack99	FAILED	go_to_varrock_south_east_mine	Stuck	0	BotWalkTo
1774807124578	796	BOT Skoll	START_ACTIVITY	go_to_bank
1774807124578	796	BOT HeadHunter	COMPLETED	kill_freds_chickens_attack
1774807124578	796	BOT RhoRanger	FAILED	lumbridge_copper_mining	Timeout	0	BotInteractObject
1774807124590	796	PLAYER HeadHunter	KILLED	NPC chicken:10311	TILE 3233,3300,0
1774807124590	796	NPC chicken:10311	DROPPED	ITEM feather:15	ITEM bones:1	ITEM raw_chicken:1
1774807124600	796	PLAYER FireStarter	EXP	Mining	17.5
1774807124600	796	PLAYER FireStarter	TOTAL_LEVEL_UP	9
1774807124600	796	PLAYER FireStarter	LEVEL_UP	Mining	10
1774807124601	796	PLAYER FireStarter	SET_EXP	Mining	11550
1774807125179	797	BOT DeepDan	FAILED	go_to_bank	Stuck	0	BotWalkTo
1774807125179	797	BOT HeadHunter	ASSIGNED	lumbridge_tin_mining
1774807125180	797	BOT RhoRanger	ASSIGNED	draynor_east_trees
1774807125205	797	PLAYER Zapdos	EXP	Defence	4.8
1774807125205	797	PLAYER Zapdos	SET_EXP	Defence	12960
1774807125206	797	PLAYER Zapdos	EXP	Constitution	1.6
1774807125206	797	PLAYER Zapdos	TOTAL_LEVEL_UP	11
1774807125206	797	PLAYER Zapdos	LEVEL_UP	Constitution	120
1774807125206	797	PLAYER Zapdos	SET_EXP	Constitution	15860
1774807125206	797	PLAYER ThreatPeace	TOOK	FLOOR_ITEM feather:15	TILE 3239,3297,0
1774807125780	798	BOT Matoya	START_ACTIVITY	go_to_bank
1774807125780	798	BOT SkidMark	START_ACTIVITY	go_to_varrock_south_east_mine
1774807125780	798	BOT SpeedHack99	START_ACTIVITY	go_to_varrock_south_east_mine
1774807125780	798	BOT ProPunch	FAILED	go_to_varrock_south_east_mine	Stuck	0	BotWalkTo
1774807125780	798	BOT HeadHunter	START_RESOLVER	withdraw_from_bank	lumbridge_tin_mining
1774807125781	798	BOT RhoRanger	START_RESOLVER	withdraw_from_bank	draynor_east_trees
1774807125813	798	PLAYER SundayFun	EXP	Attack	2.8
1774807125813	798	PLAYER SundayFun	SET_EXP	Attack	1344
1774807125813	798	PLAYER SundayFun	EXP	Constitution	0.9333333333333333
1774807125813	798	PLAYER SundayFun	SET_EXP	Constitution	11988
1774807125814	798	PLAYER ThreatPeace	TOOK	FLOOR_ITEM bones:1	TILE 3239,3297,0
1774807126381	799	BOT DeepDan	START_ACTIVITY	go_to_bank
1774807126381	799	BOT Skoll	FAILED	go_to_bank	Stuck	0	BotWalkTo
1774807126381	799	BOT HeadHunter	START_ACTIVITY	withdraw_from_bank
1774807126381	799	BOT RhoRanger	START_ACTIVITY	withdraw_from_bank
1774807126405	799	PLAYER Halp	TELED	TILE 3205,3209,1
1774807126406	799	PLAYER SacredProf	EXP	Defence	0.4
1774807126406	799	PLAYER SacredProf	SET_EXP	Defence	13968
1774807126406	799	PLAYER SacredProf	EXP	Constitution	0.13333333333333333
1774807126406	799	PLAYER SacredProf	SET_EXP	Constitution	16196
1774807126407	799	PLAYER ThreatPeace	TOOK	FLOOR_ITEM raw_chicken:1	TILE 3239,3297,0
1774807126982	800	BOT ProPunch	START_ACTIVITY	go_to_varrock_south_east_mine
1774807127005	800	PLAYER Zapdos	TOOK	FLOOR_ITEM feather:5	TILE 3231,3300,0
1774807127006	800	PLAYER Ril	TELED	TILE 3205,3209,1
1774807127582	801	BOT Matoya	FAILED	go_to_bank	Stuck	0	BotWalkTo
1774807127582	801	BOT DeepDan	FAILED	go_to_bank	Stuck	0	BotWalkTo
1774807127583	801	BOT SkidMark	FAILED	go_to_varrock_south_east_mine	Stuck	0	BotWalkTo
1774807127583	801	BOT SpeedHack99	FAILED	go_to_varrock_south_east_mine	Stuck	0	BotWalkTo
1774807127583	801	BOT Skoll	START_ACTIVITY	go_to_bank
1774807127583	801	BOT HeadHunter	START_ACTIVITY	go_to_bank
1774807127583	801	BOT RhoRanger	START_ACTIVITY	go_to_bank
1774807127610	801	PLAYER Zapdos	TOOK	FLOOR_ITEM bones:1	TILE 3231,3300,0
1774807128204	802	PLAYER Blueberry	EXP	Strength	3.6
1774807128204	802	PLAYER Blueberry	SET_EXP	Strength	18168
1774807128205	802	PLAYER Blueberry	EXP	Constitution	1.2
1774807128205	802	PLAYER Blueberry	SET_EXP	Constitution	17596
1774807128206	802	PLAYER Zapdos	TOOK	FLOOR_ITEM raw_chicken:1	TILE 3231,3300,0
1774807128206	802	PLAYER IceBerg	EXP	Fishing	10.0
1774807128206	802	PLAYER IceBerg	SET_EXP	Fishing	15600
1774807128783	803	BOT Matoya	START_ACTIVITY	go_to_bank
1774807128783	803	BOT DeepDan	START_ACTIVITY	go_to_bank
1774807128783	803	BOT SkidMark	START_ACTIVITY	go_to_varrock_south_east_mine
1774807128783	803	BOT SpeedHack99	START_ACTIVITY	go_to_varrock_south_east_mine
1774807128783	803	BOT ProPunch	FAILED	go_to_varrock_south_east_mine	Stuck	0	BotWalkTo
1774807128797	803	PLAYER Zapdos	KILLED	NPC chicken_brown:10359	TILE 3231,3297,0
1774807128797	803	NPC chicken_brown:10359	DROPPED	ITEM bones:1	ITEM raw_chicken:1
1774807128807	803	PLAYER Halp	TELED	TILE 3205,3209,2
1774807128807	803	PLAYER SilentScrem	EXP	Mining	17.5
1774807128807	803	PLAYER SilentScrem	TOTAL_LEVEL_UP	17
1774807128807	803	PLAYER SilentScrem	LEVEL_UP	Mining	12
1774807128808	803	PLAYER SilentScrem	SET_EXP	Mining	16800
1774807128808	803	PLAYER LazyLuke	EXP	Fishing	10.0
1774807128808	803	PLAYER LazyLuke	SET_EXP	Fishing	16800
1774807128809	803	PLAYER FuturePast	EXP	Mining	17.5
1774807128809	803	PLAYER FuturePast	SET_EXP	Mining	9450
1774807128809	803	PLAYER SacredProf	EXP	Defence	1.2
1774807128809	803	PLAYER SacredProf	SET_EXP	Defence	14040
1774807128809	803	PLAYER SacredProf	EXP	Constitution	0.4
1774807128809	803	PLAYER SacredProf	SET_EXP	Constitution	16220
1774807128810	803	PLAYER Zapdos	TOOK	FLOOR_ITEM raw_chicken:1	TILE 3231,3300,0
1774807129384	804	BOT Skoll	FAILED	go_to_bank	Stuck	0	BotWalkTo
1774807129406	804	PLAYER YutytyrannY	EXP	Fishing	10.0
1774807129406	804	PLAYER YutytyrannY	TOTAL_LEVEL_UP	11
1774807129406	804	PLAYER YutytyrannY	LEVEL_UP	Fishing	12
1774807129406	804	PLAYER YutytyrannY	SET_EXP	Fishing	16200
1774807129407	804	PLAYER Ril	TELED	TILE 3205,3209,2
1774807129985	805	BOT DeepDan	FAILED	go_to_bank	Stuck	0	BotWalkTo
1774807129985	805	BOT ProPunch	START_ACTIVITY	go_to_varrock_south_east_mine
1774807130010	805	PLAYER FireStarter	EXP	Mining	17.5
1774807130010	805	PLAYER FireStarter	SET_EXP	Mining	12600
1774807130010	805	PLAYER Astra	EXP	Mining	17.5
1774807130010	805	PLAYER Astra	TOTAL_LEVEL_UP	5
1774807130010	805	PLAYER Astra	LEVEL_UP	Mining	4
1774807130010	805	PLAYER Astra	SET_EXP	Mining	3150
1774807130586	806	BOT Matoya	FAILED	go_to_bank	Stuck	0	BotWalkTo
1774807130586	806	BOT SkidMark	FAILED	go_to_varrock_south_east_mine	Stuck	0	BotWalkTo
1774807130586	806	BOT SpeedHack99	FAILED	go_to_varrock_south_east_mine	Stuck	0	BotWalkTo
1774807130586	806	BOT Skoll	START_ACTIVITY	go_to_bank
1774807130586	806	BOT YutytyrannY	COMPLETED	lumbridge_crayfish
1774807130608	806	PLAYER BigOof	EXP	Fishing	10.0
1774807130608	806	PLAYER BigOof	SET_EXP	Fishing	15600
1774807130609	806	PLAYER Zapdos	TOOK	FLOOR_ITEM feather:5	TILE 3228,3298,0
1774807131187	807	BOT DeepDan	START_ACTIVITY	go_to_bank
1774807131187	807	BOT YutytyrannY	ASSIGNED	magic_tutor
1774807131187	807	BOT SparrowS	COMPLETED	withdraw_from_bank
1774807131187	807	BOT UnknownX	COMPLETED	go_to_lumbridge_firemaking_spot
1774807131211	807	PLAYER SacredProf	EXP	Defence	4.8
1774807131211	807	PLAYER SacredProf	SET_EXP	Defence	14328
1774807131211	807	PLAYER SacredProf	EXP	Constitution	1.6
1774807131211	807	PLAYER SacredProf	SET_EXP	Constitution	16316
1774807131212	807	PLAYER Zapdos	TOOK	FLOOR_ITEM bones:1	TILE 3228,3298,0
1774807131213	807	PLAYER AlosaurAce	EXP	Mining	17.5
1774807131213	807	PLAYER AlosaurAce	TOTAL_LEVEL_UP	11
1774807131213	807	PLAYER AlosaurAce	LEVEL_UP	Mining	12
1774807131213	807	PLAYER AlosaurAce	SET_EXP	Mining	16800
1774807131788	808	BOT Matoya	START_ACTIVITY	go_to_bank
1774807131788	808	BOT SkidMark	START_ACTIVITY	go_to_varrock_south_east_mine
1774807131788	808	BOT SpeedHack99	START_ACTIVITY	go_to_varrock_south_east_mine
1774807131788	808	BOT ProPunch	FAILED	go_to_varrock_south_east_mine	Stuck	0	BotWalkTo
1774807131788	808	BOT YutytyrannY	START_RESOLVER	withdraw_from_bank	magic_tutor
1774807131788	808	BOT YudonYuri	FAILED	lumbridge_copper_mining	Timeout	0	BotInteractObject
1774807131788	808	BOT SparrowS	START_RESOLVER	go_to_area	lumbridge_net_fishing
1774807131809	808	PLAYER Lash	EXP	Mining	17.5
1774807131809	808	PLAYER Lash	SET_EXP	Mining	17850
1774807131810	808	PLAYER Zapdos	TOOK	FLOOR_ITEM raw_chicken:1	TILE 3228,3298,0
1774807132388	809	BOT Hanbo Short	COMPLETED	go_to_draynor_oak_trees
1774807132388	809	BOT DeepDan	FAILED	go_to_bank	Stuck	0	BotWalkTo
1774807132388	809	BOT Skoll	FAILED	go_to_bank	Stuck	0	BotWalkTo
1774807132388	809	BOT Ril	FAILED	go_to_bank	Timeout	11	BotWalkTo
1774807132388	809	BOT Halp	COMPLETED	go_to_bank
1774807132388	809	BOT YutytyrannY	START_ACTIVITY	withdraw_from_bank
1774807132388	809	BOT YudonYuri	ASSIGNED	kill_freds_chickens_strength
1774807132389	809	BOT SparrowS	START_ACTIVITY	go_to_area
1774807132389	809	BOT UnknownX	COMPLETED	go_to_area
1774807132989	810	BOT Zapdos	COMPLETED	kill_freds_chickens_defence
1774807132989	810	BOT Ril	ASSIGNED	draynor_north_trees
1774807132989	810	BOT ProPunch	START_ACTIVITY	go_to_varrock_south_east_mine
1774807132989	810	BOT YudonYuri	START_RESOLVER	withdraw_from_bank	kill_freds_chickens_strength
1774807132989	810	BOT Dwarf Mine	FAILED	lumbridge_tin_mining	Timeout	0	BotInteractObject
1774807132989	810	BOT UnknownX	START_ACTIVITY	lumbridge_firemaking_logs
1774807133011	810	PLAYER SundayFun	EXP	Attack	2.4
1774807133011	810	PLAYER SundayFun	SET_EXP	Attack	1488
1774807133011	810	PLAYER SundayFun	EXP	Constitution	0.8
1774807133011	810	PLAYER SundayFun	SET_EXP	Constitution	12036
1774807133589	811	BOT Matoya	FAILED	go_to_bank	Stuck	0	BotWalkTo
1774807133589	811	BOT DeepDan	START_ACTIVITY	go_to_bank
1774807133589	811	BOT SkidMark	FAILED	go_to_varrock_south_east_mine	Stuck	0	BotWalkTo
1774807133589	811	BOT Zapdos	ASSIGNED	varrock_east_tin_mining
1774807133589	811	BOT SpeedHack99	FAILED	go_to_varrock_south_east_mine	Stuck	0	BotWalkTo
1774807133590	811	BOT Skoll	START_ACTIVITY	go_to_bank
1774807133590	811	BOT Ril	START_RESOLVER	withdraw_from_bank	draynor_north_trees
1774807133590	811	BOT YutytyrannY	START_ACTIVITY	go_to_bank
1774807133590	811	BOT YudonYuri	START_ACTIVITY	withdraw_from_bank
1774807133590	811	BOT SparrowS	START_ACTIVITY	go_to_lumbridge_swamp_fishing_area
1774807133590	811	BOT Dwarf Mine	ASSIGNED	ranged_tutor
1774807133615	811	PLAYER BigOof	EXP	Fishing	10.0
1774807133615	811	PLAYER BigOof	TOTAL_LEVEL_UP	11
1774807133615	811	PLAYER BigOof	LEVEL_UP	Fishing	12
1774807133615	811	PLAYER BigOof	SET_EXP	Fishing	16200
1774807134190	812	BOT Zapdos	START_RESOLVER	withdraw_from_bank	varrock_east_tin_mining
1774807134190	812	BOT Ril	START_ACTIVITY	withdraw_from_bank
1774807134190	812	BOT Dwarf Mine	START_RESOLVER	nemarti_bow	ranged_tutor
1774807134212	812	PLAYER Waves	EXP	Woodcutting	25.0
1774807134212	812	PLAYER Waves	TOTAL_LEVEL_UP	12
1774807134212	812	PLAYER Waves	LEVEL_UP	Woodcutting	4
1774807134212	812	PLAYER Waves	SET_EXP	Woodcutting	3000
1774807134790	813	BOT Tuga	COMPLETED	go_to_lumbridge_swamp_fishing_area
1774807134790	813	BOT Matoya	START_ACTIVITY	go_to_bank
1774807134790	813	BOT DeepDan	FAILED	go_to_bank	Stuck	0	BotWalkTo
1774807134790	813	BOT AprilFool	COMPLETED	withdraw_from_bank
1774807134790	813	BOT SkidMark	START_ACTIVITY	go_to_varrock_south_east_mine
1774807134790	813	BOT Zapdos	START_ACTIVITY	withdraw_from_bank
1774807134790	813	BOT SpeedHack99	START_ACTIVITY	go_to_varrock_south_east_mine
1774807134790	813	BOT ProPunch	FAILED	go_to_varrock_south_east_mine	Stuck	0	BotWalkTo
1774807134790	813	BOT BigOof	COMPLETED	lumbridge_crayfish
1774807134790	813	BOT Dwarf Mine	START_RESOLVER	go_to_area	nemarti_bow
1774807134815	813	PLAYER FuturePast	EXP	Mining	17.5
1774807134815	813	PLAYER FuturePast	TOTAL_LEVEL_UP	8
1774807134815	813	PLAYER FuturePast	LEVEL_UP	Mining	9
1774807134815	813	PLAYER FuturePast	SET_EXP	Mining	10500
1774807134816	813	PLAYER ThreatPeace	EXP	Strength	2.8
1774807134816	813	PLAYER ThreatPeace	TOTAL_LEVEL_UP	2
1774807134816	813	PLAYER ThreatPeace	LEVEL_UP	Strength	2
1774807134816	813	PLAYER ThreatPeace	SET_EXP	Strength	888
1774807134817	813	PLAYER ThreatPeace	EXP	Constitution	0.9333333333333333
1774807134817	813	PLAYER ThreatPeace	SET_EXP	Constitution	11836
1774807135391	814	BOT AprilFool	START_RESOLVER	go_to_area	magic_tutor
1774807135391	814	BOT Skoll	FAILED	go_to_bank	Stuck	0	BotWalkTo
1774807135391	814	BOT BigOof	ASSIGNED	lumbridge_fletch_arrow_shafts
1774807135391	814	BOT Dwarf Mine	START_ACTIVITY	go_to_area
1774807135413	814	PLAYER Blueberry	EXP	Strength	4.0
1774807135413	814	PLAYER Blueberry	TOTAL_LEVEL_UP	14
1774807135413	814	PLAYER Blueberry	LEVEL_UP	Strength	13
1774807135413	814	PLAYER Blueberry	SET_EXP	Strength	18408
1774807135413	814	PLAYER Blueberry	EXP	Constitution	1.3333333333333333
1774807135413	814	PLAYER Blueberry	SET_EXP	Constitution	17676
1774807135415	814	PLAYER SundayFun	EXP	Attack	4.0
1774807135415	814	PLAYER SundayFun	SET_EXP	Attack	1728
1774807135415	814	PLAYER SundayFun	EXP	Constitution	1.3333333333333333
1774807135415	814	PLAYER SundayFun	SET_EXP	Constitution	12116
1774807135991	815	BOT Hanbo Short	COMPLETED	go_to_area
1774807135991	815	BOT DeepDan	START_ACTIVITY	go_to_bank
1774807135991	815	BOT AprilFool	START_ACTIVITY	go_to_area
1774807135991	815	BOT Zapdos	START_ACTIVITY	go_to_bank
1774807135991	815	BOT Ember	COMPLETED	go_to_varrock_south_west_mine
1774807135991	815	BOT ProPunch	START_ACTIVITY	go_to_varrock_south_east_mine
1774807135991	815	BOT BigOof	START_RESOLVER	withdraw_from_bank	lumbridge_fletch_arrow_shafts
1774807136015	815	PLAYER SacredProf	EXP	Defence	1.2
1774807136015	815	PLAYER SacredProf	SET_EXP	Defence	14400
1774807136016	815	PLAYER SacredProf	EXP	Constitution	0.4
1774807136016	815	PLAYER SacredProf	SET_EXP	Constitution	16340
1774807136016	815	PLAYER LaunchDay	EXP	Fishing	10.0
1774807136016	815	PLAYER LaunchDay	SET_EXP	Fishing	7800
1774807136592	816	BOT Hanbo Short	START_ACTIVITY	draynor_east_oak_trees
1774807136592	816	BOT Tuga	COMPLETED	go_to_area
1774807136592	816	BOT Matoya	FAILED	go_to_bank	Stuck	0	BotWalkTo
1774807136592	816	BOT SkidMark	FAILED	go_to_varrock_south_east_mine	Stuck	0	BotWalkTo
1774807136592	816	BOT SpeedHack99	FAILED	go_to_varrock_south_east_mine	Stuck	0	BotWalkTo
1774807136592	816	BOT Skoll	START_ACTIVITY	go_to_bank
1774807136592	816	BOT BigOof	START_ACTIVITY	withdraw_from_bank
1774807136592	816	BOT Dwarf Mine	START_ACTIVITY	go_to_lumbridge_combat_tutors
1774807136614	816	PLAYER AlosaurAce	EXP	Mining	17.5
1774807136614	816	PLAYER AlosaurAce	SET_EXP	Mining	17850
1774807137192	817	BOT Tuga	START_ACTIVITY	lumbridge_net_fishing
1774807137192	817	BOT DeepDan	FAILED	go_to_bank	Stuck	0	BotWalkTo
1774807137192	817	BOT AprilFool	START_ACTIVITY	go_to_lumbridge_combat_tutors
1774807137192	817	BOT Ember	COMPLETED	go_to_area
1774807137217	817	PLAYER FullStackF	EXP	Fishing	10.0
1774807137217	817	PLAYER FullStackF	TOTAL_LEVEL_UP	9
1774807137217	817	PLAYER FullStackF	LEVEL_UP	Fishing	10
1774807137217	817	PLAYER FullStackF	SET_EXP	Fishing	12000
1774807137218	817	PLAYER ThreatPeace	EXP	Strength	5.6
1774807137218	817	PLAYER ThreatPeace	SET_EXP	Strength	1224
1774807137218	817	PLAYER ThreatPeace	EXP	Constitution	1.8666666666666667
1774807137218	817	PLAYER ThreatPeace	SET_EXP	Constitution	11948
1774807137793	818	BOT Matoya	START_ACTIVITY	go_to_bank
1774807137794	818	BOT SkidMark	START_ACTIVITY	go_to_varrock_south_east_mine
1774807137794	818	BOT Ember	START_ACTIVITY	varrock_clay_mining
1774807137794	818	BOT SpeedHack99	START_ACTIVITY	go_to_varrock_south_east_mine
1774807137794	818	BOT ProPunch	FAILED	go_to_varrock_south_east_mine	Stuck	0	BotWalkTo
1774807137794	818	BOT BigOof	START_ACTIVITY	go_to_bank
1774807137817	818	PLAYER SundayFun	EXP	Attack	5.6
1774807137817	818	PLAYER SundayFun	TOTAL_LEVEL_UP	20
1774807137817	818	PLAYER SundayFun	LEVEL_UP	Attack	3
1774807137817	818	PLAYER SundayFun	SET_EXP	Attack	2064
1774807137817	818	PLAYER SundayFun	EXP	Constitution	1.8666666666666667
1774807137817	818	PLAYER SundayFun	SET_EXP	Constitution	12228
1774807138394	819	BOT DeepDan	START_ACTIVITY	go_to_bank
1774807138394	819	BOT Skoll	FAILED	go_to_bank	Stuck	0	BotWalkTo
1774807138419	819	PLAYER SacredProf	TOOK	FLOOR_ITEM bones:1	TILE 3231,3301,0
1774807138419	819	PLAYER Waves	EXP	Woodcutting	25.0
1774807138419	819	PLAYER Waves	TOTAL_LEVEL_UP	13
1774807138419	819	PLAYER Waves	LEVEL_UP	Woodcutting	5
1774807138419	819	PLAYER Waves	SET_EXP	Woodcutting	4500
1774807138420	819	PLAYER SparrowS	TELED	TILE 3205,3209,1
1774807138996	820	BOT ProPunch	START_ACTIVITY	go_to_varrock_south_east_mine
1774807139018	820	PLAYER SilentScrem	EXP	Mining	17.5
1774807139018	820	PLAYER SilentScrem	SET_EXP	Mining	17850
1774807139019	820	PLAYER Gunslinger	EXP	Mining	17.5
1774807139019	820	PLAYER Gunslinger	TOTAL_LEVEL_UP	15
1774807139019	820	PLAYER Gunslinger	LEVEL_UP	Mining	16
1774807139019	820	PLAYER Gunslinger	SET_EXP	Mining	28350
1774807139596	821	BOT Matoya	FAILED	go_to_bank	Stuck	0	BotWalkTo
1774807139596	821	BOT DeepDan	FAILED	go_to_bank	Stuck	0	BotWalkTo
1774807139596	821	BOT SkidMark	FAILED	go_to_varrock_south_east_mine	Stuck	0	BotWalkTo
1774807139596	821	BOT SpeedHack99	FAILED	go_to_varrock_south_east_mine	Stuck	0	BotWalkTo
1774807139596	821	BOT SacredProf	COMPLETED	kill_freds_chickens_defence
1774807139596	821	BOT Skoll	START_ACTIVITY	go_to_bank
1774807139611	821	PLAYER SacredProf	KILLED	NPC chicken_brown:10357	TILE 3229,3298,0
1774807139611	821	NPC chicken_brown:10357	DROPPED	ITEM bones:1	ITEM raw_chicken:1
1774807139622	821	PLAYER UnknownX	EXP	Firemaking	40.0
1774807139622	821	PLAYER UnknownX	TOTAL_LEVEL_UP	9
1774807139622	821	PLAYER UnknownX	LEVEL_UP	Firemaking	3
1774807139622	821	PLAYER UnknownX	SET_EXP	Firemaking	2400
1774807139623	821	PLAYER UnknownX	TASK_COMPLETED	log_a_rhythm_task
1774807139624	821	PLAYER Farmer Plow	EXP	Mining	17.5
1774807139624	821	PLAYER Farmer Plow	SET_EXP	Mining	9450
1774807139624	821	PLAYER Ice	TASK_COMPLETED	log_a_rhythm_task
1774807139625	821	PLAYER Hanbo Short	EXP	Woodcutting	37.5
1774807139625	821	PLAYER Hanbo Short	SET_EXP	Woodcutting	42750
1774807139625	821	PLAYER ThreatPeace	EXP	Strength	0.4
1774807139625	821	PLAYER ThreatPeace	SET_EXP	Strength	1248
1774807139625	821	PLAYER ThreatPeace	EXP	Constitution	0.13333333333333333
1774807139625	821	PLAYER ThreatPeace	SET_EXP	Constitution	11956
1774807140198	822	BOT SacredProf	ASSIGNED	lumbridge_west_tree_cutting
1774807140198	822	BOT Gunslinger	COMPLETED	varrock_east_tin_mining
1774807140219	822	PLAYER Blueberry	EXP	Strength	4.0
1774807140220	822	PLAYER Blueberry	SET_EXP	Strength	18648
1774807140220	822	PLAYER Blueberry	EXP	Constitution	1.3333333333333333
1774807140220	822	PLAYER Blueberry	SET_EXP	Constitution	17756
1774807140221	822	PLAYER SundayFun	EXP	Attack	4.0
1774807140221	822	PLAYER SundayFun	SET_EXP	Attack	2304
1774807140221	822	PLAYER SundayFun	EXP	Constitution	1.3333333333333333
1774807140221	822	PLAYER SundayFun	SET_EXP	Constitution	12308
1774807140799	823	BOT Matoya	START_ACTIVITY	go_to_bank
1774807140799	823	BOT DeepDan	START_ACTIVITY	go_to_bank
1774807140799	823	BOT SkidMark	START_ACTIVITY	go_to_varrock_south_east_mine
1774807140799	823	BOT SpeedHack99	START_ACTIVITY	go_to_varrock_south_east_mine
1774807140799	823	BOT SacredProf	START_RESOLVER	withdraw_from_bank	lumbridge_west_tree_cutting
1774807140799	823	BOT Gunslinger	ASSIGNED	varrock_iron_mining
1774807140799	823	BOT ProPunch	FAILED	go_to_varrock_south_east_mine	Stuck	0	BotWalkTo
1774807140799	823	BOT Halp	COMPLETED	withdraw_from_bank
1774807140823	823	PLAYER Astra	EXP	Mining	17.5
1774807140823	823	PLAYER Astra	TASK_COMPLETED	hack_and_smash_task
1774807140823	823	PLAYER Astra	TOTAL_LEVEL_UP	6
1774807140823	823	PLAYER Astra	LEVEL_UP	Mining	5
1774807140823	823	PLAYER Astra	SET_EXP	Mining	4200
1774807140825	823	PLAYER SparrowS	TELED	TILE 3205,3209,0
1774807141399	824	BOT SacredProf	START_ACTIVITY	withdraw_from_bank
1774807141400	824	BOT Gunslinger	START_RESOLVER	deposit_all_bank	varrock_iron_mining
1774807141400	824	BOT Skoll	FAILED	go_to_bank	Stuck	0	BotWalkTo
1774807141400	824	BOT Ril	COMPLETED	withdraw_from_bank
1774807141400	824	BOT Halp	START_RESOLVER	go_to_area	lumbridge_copper_mining
1774807141421	824	PLAYER Tuga	EXP	Fishing	10.0
1774807141421	824	PLAYER Tuga	SET_EXP	Fishing	16800
1774807141423	824	PLAYER StyracoS	EXP	Woodcutting	25.0
1774807141423	824	PLAYER StyracoS	TOTAL_LEVEL_UP	20
1774807141423	824	PLAYER StyracoS	LEVEL_UP	Woodcutting	4
1774807141423	824	PLAYER StyracoS	SET_EXP	Woodcutting	3000
1774807141423	824	PLAYER MegalodonM	EXP	Woodcutting	37.5
1774807141423	824	PLAYER MegalodonM	SET_EXP	Woodcutting	49500
1774807142000	825	BOT DeepDan	FAILED	go_to_bank	Stuck	0	BotWalkTo
1774807142000	825	BOT Gunslinger	START_ACTIVITY	deposit_all_bank
1774807142000	825	BOT Ril	START_RESOLVER	go_to_area	draynor_north_trees
1774807142000	825	BOT ProPunch	START_ACTIVITY	go_to_varrock_south_east_mine
1774807142000	825	BOT Halp	START_ACTIVITY	go_to_area
1774807142025	825	PLAYER AprilFool	TELED	TILE 3205,3209,1
1774807142025	825	PLAYER Hanbo Short	EXP	Woodcutting	37.5
1774807142025	825	PLAYER Hanbo Short	TOTAL_LEVEL_UP	19
1774807142025	825	PLAYER Hanbo Short	LEVEL_UP	Woodcutting	20
1774807142025	825	PLAYER Hanbo Short	SET_EXP	Woodcutting	45000
1774807142026	825	PLAYER DownUp99	EXP	Mining	17.5
1774807142026	825	PLAYER DownUp99	TOTAL_LEVEL_UP	13
1774807142026	825	PLAYER DownUp99	LEVEL_UP	Mining	14
1774807142026	825	PLAYER DownUp99	SET_EXP	Mining	22050
1774807142026	825	PLAYER LaunchDay	EXP	Fishing	10.0
1774807142026	825	PLAYER LaunchDay	TOTAL_LEVEL_UP	7
1774807142026	825	PLAYER LaunchDay	LEVEL_UP	Fishing	8
1774807142026	825	PLAYER LaunchDay	SET_EXP	Fishing	8400
1774807142027	825	PLAYER AlosaurAce	EXP	Mining	17.5
1774807142027	825	PLAYER AlosaurAce	TOTAL_LEVEL_UP	12
1774807142027	825	PLAYER AlosaurAce	LEVEL_UP	Mining	13
1774807142027	825	PLAYER AlosaurAce	SET_EXP	Mining	18900
1774807142602	826	BOT Matoya	FAILED	go_to_bank	Stuck	0	BotWalkTo
1774807142603	826	BOT SkidMark	FAILED	go_to_varrock_south_east_mine	Stuck	0	BotWalkTo
1774807142603	826	BOT SpeedHack99	FAILED	go_to_varrock_south_east_mine	Stuck	0	BotWalkTo
1774807142603	826	BOT SacredProf	START_ACTIVITY	go_to_bank
1774807142603	826	BOT Skoll	START_ACTIVITY	go_to_bank
1774807142603	826	BOT Ril	START_ACTIVITY	go_to_area
1774807142625	826	PLAYER Blueberry	EXP	Strength	4.8
1774807142625	826	PLAYER Blueberry	SET_EXP	Strength	18936
1774807142625	826	PLAYER Blueberry	EXP	Constitution	1.6
1774807142625	826	PLAYER Blueberry	SET_EXP	Constitution	17852
1774807142627	826	PLAYER SundayFun	EXP	Attack	2.8
1774807142627	826	PLAYER SundayFun	SET_EXP	Attack	2472
1774807142627	826	PLAYER SundayFun	EXP	Constitution	0.9333333333333333
1774807142627	826	PLAYER SundayFun	SET_EXP	Constitution	12364
1774807142627	826	PLAYER FakeTruth	EXP	Mining	5.0
1774807142627	826	PLAYER FakeTruth	SET_EXP	Mining	6000
1774807143202	827	BOT DeepDan	START_ACTIVITY	go_to_bank
1774807143202	827	BOT Gunslinger	START_ACTIVITY	go_to_bank
1774807143202	827	BOT Halp	START_ACTIVITY	go_to_lumbridge_swamp_east_copper_mine
1774807143227	827	PLAYER IceBerg	EXP	Fishing	10.0
1774807143227	827	PLAYER IceBerg	TOTAL_LEVEL_UP	11
1774807143227	827	PLAYER IceBerg	LEVEL_UP	Fishing	12
1774807143227	827	PLAYER IceBerg	SET_EXP	Fishing	16200
1774807143802	828	BOT Matoya	START_ACTIVITY	go_to_bank
1774807143802	828	BOT SkidMark	START_ACTIVITY	go_to_varrock_south_east_mine
1774807143802	828	BOT SpeedHack99	START_ACTIVITY	go_to_varrock_south_east_mine
1774807143802	828	BOT Ril	START_ACTIVITY	go_to_draynor_north_trees
1774807143802	828	BOT ProPunch	FAILED	go_to_varrock_south_east_mine	Stuck	0	BotWalkTo
1774807144403	829	BOT DeepDan	FAILED	go_to_bank	Stuck	0	BotWalkTo
1774807144403	829	BOT Skoll	FAILED	go_to_bank	Stuck	0	BotWalkTo
1774807144403	829	BOT IceBerg	COMPLETED	lumbridge_net_fishing
1774807144428	829	PLAYER Ice	EXP	Firemaking	40.0
1774807144428	829	PLAYER Ice	TOTAL_LEVEL_UP	20
1774807144428	829	PLAYER Ice	LEVEL_UP	Firemaking	3
1774807144428	829	PLAYER Ice	SET_EXP	Firemaking	2400
1774807144429	829	PLAYER BrokenWheel	EXP	Mining	17.5
1774807144429	829	PLAYER BrokenWheel	TOTAL_LEVEL_UP	10
1774807144429	829	PLAYER BrokenWheel	TASK_COMPLETED	on_the_level_task
1774807144429	829	PLAYER BrokenWheel	LEVEL_UP	Mining	2
1774807144429	829	PLAYER BrokenWheel	SET_EXP	Mining	1050
1774807144431	829	PLAYER BrokenWheel	TASK_COMPLETED	heavy_metal_task
1774807144432	829	PLAYER AprilFool	TELED	TILE 3205,3209,0
1774807144432	829	PLAYER Hanbo Short	EXP	Woodcutting	37.5
1774807144432	829	PLAYER Hanbo Short	SET_EXP	Woodcutting	47250
1774807144432	829	PLAYER ThreatPeace	EXP	Strength	2.4
1774807144432	829	PLAYER ThreatPeace	SET_EXP	Strength	1392
1774807144432	829	PLAYER ThreatPeace	EXP	Constitution	0.8
1774807144432	829	PLAYER ThreatPeace	SET_EXP	Constitution	12004
1774807145003	830	BOT ProPunch	START_ACTIVITY	go_to_varrock_south_east_mine
1774807145004	830	BOT IceBerg	ASSIGNED	lumbridge_net_fishing
1774807145604	831	BOT Matoya	FAILED	go_to_bank	Stuck	0	BotWalkTo
1774807145604	831	BOT DeepDan	START_ACTIVITY	go_to_bank
1774807145604	831	BOT SkidMark	FAILED	go_to_varrock_south_east_mine	Stuck	0	BotWalkTo
1774807145604	831	BOT SpeedHack99	FAILED	go_to_varrock_south_east_mine	Stuck	0	BotWalkTo
1774807145604	831	BOT Skoll	START_ACTIVITY	go_to_bank
1774807145604	831	BOT IceBerg	START_RESOLVER	withdraw_from_bank	lumbridge_net_fishing
1774807145635	831	PLAYER FuturePast	EXP	Mining	17.5
1774807145635	831	PLAYER FuturePast	TOTAL_LEVEL_UP	9
1774807145635	831	PLAYER FuturePast	LEVEL_UP	Mining	10
1774807145635	831	PLAYER FuturePast	SET_EXP	Mining	11550
1774807145635	831	PLAYER FireStarter	EXP	Mining	17.5
1774807145635	831	PLAYER FireStarter	TOTAL_LEVEL_UP	10
1774807145635	831	PLAYER FireStarter	TASK_COMPLETED	on_the_level_task
1774807145636	831	PLAYER FireStarter	LEVEL_UP	Mining	11
1774807145636	831	PLAYER FireStarter	SET_EXP	Mining	13650
1774807146204	832	BOT IceBerg	START_ACTIVITY	withdraw_from_bank
1774807146805	833	BOT Matoya	START_ACTIVITY	go_to_bank
1774807146805	833	BOT DeepDan	FAILED	go_to_bank	Stuck	0	BotWalkTo
1774807146805	833	BOT SkidMark	START_ACTIVITY	go_to_varrock_south_east_mine
1774807146805	833	BOT SpeedHack99	START_ACTIVITY	go_to_varrock_south_east_mine
1774807146805	833	BOT ProPunch	FAILED	go_to_varrock_south_east_mine	Stuck	0	BotWalkTo
1774807146830	833	PLAYER Lash	EXP	Mining	17.5
1774807146830	833	PLAYER Lash	TOTAL_LEVEL_UP	12
1774807146830	833	PLAYER Lash	LEVEL_UP	Mining	13
1774807146830	833	PLAYER Lash	SET_EXP	Mining	18900
1774807146831	833	PLAYER Hanbo Short	EXP	Woodcutting	37.5
1774807146831	833	PLAYER Hanbo Short	SET_EXP	Woodcutting	49500
1774807146831	833	PLAYER ThreatPeace	EXP	Strength	0.8
1774807146831	833	PLAYER ThreatPeace	SET_EXP	Strength	1440
1774807146831	833	PLAYER ThreatPeace	EXP	Constitution	0.26666666666666666
1774807146832	833	PLAYER ThreatPeace	SET_EXP	Constitution	12020
1774807147406	834	BOT Skoll	FAILED	go_to_bank	Stuck	0	BotWalkTo
1774807147406	834	BOT IceBerg	START_ACTIVITY	go_to_bank
1774807148006	835	BOT DeepDan	START_ACTIVITY	go_to_bank
1774807148006	835	BOT ProPunch	START_ACTIVITY	go_to_varrock_south_east_mine
1774807148030	835	PLAYER Halp	TELED	TILE 3205,3209,1
1774807148030	835	PLAYER Ice	EXP	Firemaking	40.0
1774807148030	835	PLAYER Ice	TOTAL_LEVEL_UP	22
1774807148030	835	PLAYER Ice	LEVEL_UP	Firemaking	5
1774807148030	835	PLAYER Ice	SET_EXP	Firemaking	4800
1774807148607	836	BOT Matoya	FAILED	go_to_bank	Stuck	0	BotWalkTo
1774807148607	836	BOT SkidMark	FAILED	go_to_varrock_south_east_mine	Stuck	0	BotWalkTo
1774807148607	836	BOT SpeedHack99	FAILED	go_to_varrock_south_east_mine	Stuck	0	BotWalkTo
1774807148607	836	BOT Skoll	START_ACTIVITY	go_to_bank
1774807148629	836	PLAYER Ril	TELED	TILE 3205,3209,1
1774807149208	837	BOT DeepDan	FAILED	go_to_bank	Stuck	0	BotWalkTo
1774807149232	837	PLAYER Hanbo Short	EXP	Woodcutting	37.5
1774807149232	837	PLAYER Hanbo Short	TOTAL_LEVEL_UP	20
1774807149232	837	PLAYER Hanbo Short	LEVEL_UP	Woodcutting	21
1774807149232	837	PLAYER Hanbo Short	SET_EXP	Woodcutting	51750
1774807149233	837	PLAYER ThreatPeace	EXP	Strength	0.8
1774807149233	837	PLAYER ThreatPeace	SET_EXP	Strength	1488
1774807149234	837	PLAYER ThreatPeace	EXP	Constitution	0.26666666666666666
1774807149234	837	PLAYER ThreatPeace	SET_EXP	Constitution	12036
1774807149808	838	BOT Matoya	START_ACTIVITY	go_to_bank
1774807149808	838	BOT SkidMark	START_ACTIVITY	go_to_varrock_south_east_mine
1774807149808	838	BOT SpeedHack99	START_ACTIVITY	go_to_varrock_south_east_mine
1774807149808	838	BOT ProPunch	FAILED	go_to_varrock_south_east_mine	Stuck	0	BotWalkTo
1774807149830	838	PLAYER Blueberry	EXP	Strength	11.6
1774807149830	838	PLAYER Blueberry	SET_EXP	Strength	19632
1774807149830	838	PLAYER Blueberry	EXP	Constitution	3.8666666666666667
1774807149830	838	PLAYER Blueberry	SET_EXP	Constitution	18084
1774807149831	838	PLAYER Farmer Plow	EXP	Mining	17.5
1774807149831	838	PLAYER Farmer Plow	TOTAL_LEVEL_UP	8
1774807149831	838	PLAYER Farmer Plow	LEVEL_UP	Mining	9
1774807149831	838	PLAYER Farmer Plow	SET_EXP	Mining	10500
1774807150408	839	BOT DeepDan	START_ACTIVITY	go_to_bank
1774807150408	839	BOT Skoll	FAILED	go_to_bank	Stuck	0	BotWalkTo
1774807150422	839	PLAYER ThreatPeace	KILLED	NPC chicken:10309	TILE 3230,3295,0
1774807150422	839	NPC chicken:10309	DROPPED	ITEM feather:15	ITEM bones:1	ITEM raw_chicken:1
1774807150433	839	PLAYER Tuga	EXP	Fishing	10.0
1774807150433	839	PLAYER Tuga	SET_EXP	Fishing	17400
1774807150433	839	PLAYER Halp	TELED	TILE 3205,3209,0
1774807151009	840	BOT ProPunch	START_ACTIVITY	go_to_varrock_south_east_mine
1774807151031	840	PLAYER YudonYuri	EXP	Mining	17.5
1774807151031	840	PLAYER YudonYuri	TOTAL_LEVEL_UP	8
1774807151031	840	PLAYER YudonYuri	LEVEL_UP	Mining	2
1774807151031	840	PLAYER YudonYuri	SET_EXP	Mining	1050
1774807151032	840	PLAYER YudonYuri	TASK_COMPLETED	take_your_pick_task
1774807151032	840	PLAYER CamelCarl	EXP	Mining	17.5
1774807151032	840	PLAYER CamelCarl	SET_EXP	Mining	12600
1774807151034	840	PLAYER Ril	TELED	TILE 3205,3209,0
1774807151610	841	BOT Matoya	FAILED	go_to_bank	Stuck	0	BotWalkTo
1774807151610	841	BOT DeepDan	FAILED	go_to_bank	Stuck	0	BotWalkTo
1774807151610	841	BOT SkidMark	FAILED	go_to_varrock_south_east_mine	Stuck	0	BotWalkTo
1774807151610	841	BOT SpeedHack99	FAILED	go_to_varrock_south_east_mine	Stuck	0	BotWalkTo
1774807151610	841	BOT Cloud	COMPLETED	go_to_lumbridge_swamp_fishing_area
1774807151610	841	BOT Skoll	START_ACTIVITY	go_to_bank
1774807151634	841	PLAYER Ice	EXP	Firemaking	40.0
1774807151634	841	PLAYER Ice	TOTAL_LEVEL_UP	24
1774807151634	841	PLAYER Ice	LEVEL_UP	Firemaking	7
1774807151635	841	PLAYER Ice	SET_EXP	Firemaking	7200
1774807151635	841	PLAYER FuturePast	EXP	Mining	17.5
1774807151635	841	PLAYER FuturePast	SET_EXP	Mining	12600
1774807151636	841	PLAYER ThreatPeace	EXP	Strength	0.4
1774807151636	841	PLAYER ThreatPeace	SET_EXP	Strength	1512
1774807151636	841	PLAYER ThreatPeace	EXP	Constitution	0.13333333333333333
1774807151636	841	PLAYER ThreatPeace	SET_EXP	Constitution	12044
1774807152211	842	BOT YudonYuri	START_ACTIVITY	go_to_bank
1774807152233	842	PLAYER DownUp99	EXP	Mining	17.5
1774807152233	842	PLAYER DownUp99	SET_EXP	Mining	23100
1774807152812	843	BOT Matoya	START_ACTIVITY	go_to_bank
1774807152812	843	BOT DeepDan	START_ACTIVITY	go_to_bank
1774807152812	843	BOT SkidMark	START_ACTIVITY	go_to_varrock_south_east_mine
1774807152812	843	BOT SpeedHack99	START_ACTIVITY	go_to_varrock_south_east_mine
1774807152812	843	BOT ProPunch	FAILED	go_to_varrock_south_east_mine	Stuck	0	BotWalkTo
1774807152838	843	PLAYER PrairieP	TELED	TILE 3205,3209,1
1774807152838	843	PLAYER FakeTruth	EXP	Mining	5.0
1774807152838	843	PLAYER FakeTruth	SET_EXP	Mining	6300
1774807153413	844	BOT Cloud	COMPLETED	go_to_area
1774807153413	844	BOT Skoll	FAILED	go_to_bank	Stuck	0	BotWalkTo
1774807154013	845	BOT DeepDan	FAILED	go_to_bank	Stuck	0	BotWalkTo
1774807154013	845	BOT Cloud	START_ACTIVITY	lumbridge_net_fishing
1774807154013	845	BOT ProPunch	START_ACTIVITY	go_to_varrock_south_east_mine
1774807154037	845	PLAYER SilentScrem	EXP	Mining	17.5
1774807154037	845	PLAYER SilentScrem	TOTAL_LEVEL_UP	18
1774807154037	845	PLAYER SilentScrem	LEVEL_UP	Mining	13
1774807154037	845	PLAYER SilentScrem	SET_EXP	Mining	18900
1774807154038	845	PLAYER ThreatPeace	EXP	Strength	6.0
1774807154038	845	PLAYER ThreatPeace	TOTAL_LEVEL_UP	3
1774807154038	845	PLAYER ThreatPeace	LEVEL_UP	Strength	3
1774807154038	845	PLAYER ThreatPeace	SET_EXP	Strength	1872
1774807154039	845	PLAYER ThreatPeace	EXP	Constitution	2.0
1774807154039	845	PLAYER ThreatPeace	SET_EXP	Constitution	12164
1774807154614	846	BOT Matoya	FAILED	go_to_bank	Stuck	0	BotWalkTo
1774807154614	846	BOT SkidMark	FAILED	go_to_varrock_south_east_mine	Stuck	0	BotWalkTo
1774807154614	846	BOT SpeedHack99	FAILED	go_to_varrock_south_east_mine	Stuck	0	BotWalkTo
1774807154614	846	BOT Skoll	START_ACTIVITY	go_to_bank
1774807154636	846	PLAYER Blueberry	EXP	Strength	4.4
1774807154636	846	PLAYER Blueberry	SET_EXP	Strength	19896
1774807154637	846	PLAYER Blueberry	EXP	Constitution	1.4666666666666666
1774807154637	846	PLAYER Blueberry	SET_EXP	Constitution	18172
1774807155215	847	BOT DeepDan	START_ACTIVITY	go_to_bank
1774807155219	847	PLAYER zedders	TASK_COMPLETED	a_world_in_microcosm_task
1774807155246	847	PLAYER FullStackF	EXP	Fishing	10.0
1774807155246	847	PLAYER FullStackF	SET_EXP	Fishing	12600
1774807155247	847	PLAYER PrairieP	TELED	TILE 3205,3209,2
1774807155816	848	BOT Matoya	START_ACTIVITY	go_to_bank
1774807155816	848	BOT SkidMark	START_ACTIVITY	go_to_varrock_south_east_mine
1774807155816	848	BOT SpeedHack99	START_ACTIVITY	go_to_varrock_south_east_mine
1774807155816	848	BOT ProPunch	FAILED	go_to_varrock_south_east_mine	Stuck	0	BotWalkTo
1774807156417	849	BOT DeepDan	FAILED	go_to_bank	Stuck	0	BotWalkTo
1774807156417	849	BOT Skoll	FAILED	go_to_bank	Stuck	0	BotWalkTo
1774807156440	849	PLAYER Tuga	EXP	Fishing	10.0
1774807156440	849	PLAYER Tuga	SET_EXP	Fishing	18000
1774807156441	849	PLAYER Bob	EXP	Mining	17.5
1774807156441	849	PLAYER Bob	SET_EXP	Mining	17850
1774807156441	849	PLAYER Hanbo Short	EXP	Woodcutting	37.5
1774807156441	849	PLAYER Hanbo Short	SET_EXP	Woodcutting	54000
1774807156442	849	PLAYER StyracoS	EXP	Woodcutting	25.0
1774807156442	849	PLAYER StyracoS	TOTAL_LEVEL_UP	21
1774807156442	849	PLAYER StyracoS	LEVEL_UP	Woodcutting	5
1774807156442	849	PLAYER StyracoS	SET_EXP	Woodcutting	4500
1774807157017	850	BOT ProPunch	START_ACTIVITY	go_to_varrock_south_east_mine
1774807157038	850	PLAYER Blueberry	EXP	Strength	0.8
1774807157038	850	PLAYER Blueberry	SET_EXP	Strength	19944
1774807157039	850	PLAYER Blueberry	EXP	Constitution	0.26666666666666666
1774807157039	850	PLAYER Blueberry	SET_EXP	Constitution	18188
1774807157618	851	BOT Matoya	FAILED	go_to_bank	Stuck	0	BotWalkTo
1774807157618	851	BOT DeepDan	START_ACTIVITY	go_to_bank
1774807157618	851	BOT SkidMark	FAILED	go_to_varrock_south_east_mine	Stuck	0	BotWalkTo
1774807157618	851	BOT SpeedHack99	FAILED	go_to_varrock_south_east_mine	Stuck	0	BotWalkTo
1774807157618	851	BOT Skoll	START_ACTIVITY	go_to_bank
1774807158240	852	PLAYER UnknownX	EXP	Firemaking	40.0
1774807158240	852	PLAYER UnknownX	TOTAL_LEVEL_UP	11
1774807158240	852	PLAYER UnknownX	LEVEL_UP	Firemaking	5
1774807158240	852	PLAYER UnknownX	SET_EXP	Firemaking	4800
1774807158241	852	PLAYER FullStackF	EXP	Fishing	10.0
1774807158241	852	PLAYER FullStackF	SET_EXP	Fishing	13200
1774807158819	853	BOT Blueberry	FAILED	deposit_all_bank	Timeout	0	BotGoToNearest
1774807158819	853	BOT Matoya	START_ACTIVITY	go_to_bank
1774807158819	853	BOT DeepDan	FAILED	go_to_bank	Stuck	0	BotWalkTo
1774807158819	853	BOT PrairieP	COMPLETED	go_to_bank
1774807158819	853	BOT SkidMark	START_ACTIVITY	go_to_varrock_south_east_mine
1774807158819	853	BOT SpeedHack99	START_ACTIVITY	go_to_varrock_south_east_mine
1774807158819	853	BOT ProPunch	FAILED	go_to_varrock_south_east_mine	Stuck	0	BotWalkTo
1774807158844	853	PLAYER ThreatPeace	EXP	Strength	4.4
1774807158844	853	PLAYER ThreatPeace	SET_EXP	Strength	2136
1774807158844	853	PLAYER ThreatPeace	EXP	Constitution	1.4666666666666666
1774807158844	853	PLAYER ThreatPeace	SET_EXP	Constitution	12252
1774807159420	854	BOT Blueberry	ASSIGNED	varrock_east_tin_mining
1774807159421	854	BOT Skoll	FAILED	go_to_bank	Stuck	0	BotWalkTo
1774807159443	854	PLAYER SundayFun	EXP	Attack	1.6
1774807159443	854	PLAYER SundayFun	SET_EXP	Attack	2568
1774807159443	854	PLAYER SundayFun	EXP	Constitution	0.5333333333333333
1774807159443	854	PLAYER SundayFun	SET_EXP	Constitution	12396
1774807160021	855	BOT Blueberry	START_RESOLVER	deposit_all_bank	varrock_east_tin_mining
1774807160021	855	BOT DeepDan	START_ACTIVITY	go_to_bank
1774807160021	855	BOT ProPunch	START_ACTIVITY	go_to_varrock_south_east_mine
1774807160622	856	BOT Blueberry	START_ACTIVITY	deposit_all_bank
1774807160622	856	BOT Matoya	FAILED	go_to_bank	Stuck	0	BotWalkTo
1774807160622	856	BOT SkidMark	FAILED	go_to_varrock_south_east_mine	Stuck	0	BotWalkTo
1774807160622	856	BOT SpeedHack99	FAILED	go_to_varrock_south_east_mine	Stuck	0	BotWalkTo
1774807160622	856	BOT Skoll	START_ACTIVITY	go_to_bank
1774807161222	857	BOT DeepDan	FAILED	go_to_bank	Stuck	0	BotWalkTo
1774807161247	857	PLAYER ThreatPeace	EXP	Strength	0.4
1774807161247	857	PLAYER ThreatPeace	SET_EXP	Strength	2160
1774807161248	857	PLAYER ThreatPeace	EXP	Constitution	0.13333333333333333
1774807161248	857	PLAYER ThreatPeace	SET_EXP	Constitution	12260
1774807161823	858	BOT Matoya	START_ACTIVITY	go_to_bank
1774807161823	858	BOT SkidMark	START_ACTIVITY	go_to_varrock_south_east_mine
1774807161823	858	BOT SpeedHack99	START_ACTIVITY	go_to_varrock_south_east_mine
1774807161823	858	BOT ProPunch	FAILED	go_to_varrock_south_east_mine	Stuck	0	BotWalkTo
1774807161845	858	PLAYER LazyLuke	EXP	Fishing	10.0
1774807161845	858	PLAYER LazyLuke	SET_EXP	Fishing	17400
1774807162423	859	BOT DeepDan	START_ACTIVITY	go_to_bank
1774807162423	859	BOT Skoll	FAILED	go_to_bank	Stuck	0	BotWalkTo
1774807162447	859	PLAYER FuturePast	EXP	Mining	17.5
1774807162447	859	PLAYER FuturePast	TOTAL_LEVEL_UP	10
1774807162447	859	PLAYER FuturePast	TASK_COMPLETED	on_the_level_task
1774807162447	859	PLAYER FuturePast	LEVEL_UP	Mining	11
1774807162447	859	PLAYER FuturePast	SET_EXP	Mining	13650
1774807162448	859	PLAYER RhoRanger	TELED	TILE 3205,3209,1
1774807163024	860	BOT ProPunch	START_ACTIVITY	go_to_varrock_south_east_mine
1774807163047	860	PLAYER ThreatPeace	TOOK	FLOOR_ITEM feather:15	TILE 3230,3295,0
1774807163047	860	PLAYER FakeTruth	EXP	Mining	5.0
1774807163047	860	PLAYER FakeTruth	TOTAL_LEVEL_UP	6
1774807163047	860	PLAYER FakeTruth	LEVEL_UP	Mining	7
1774807163047	860	PLAYER FakeTruth	SET_EXP	Mining	6600
1774807163625	861	BOT Matoya	FAILED	go_to_bank	Stuck	0	BotWalkTo
1774807163625	861	BOT DeepDan	FAILED	go_to_bank	Stuck	0	BotWalkTo
1774807163626	861	BOT SkidMark	FAILED	go_to_varrock_south_east_mine	Stuck	0	BotWalkTo
1774807163626	861	BOT SpeedHack99	FAILED	go_to_varrock_south_east_mine	Stuck	0	BotWalkTo
1774807163626	861	BOT Skoll	START_ACTIVITY	go_to_bank
1774807163651	861	PLAYER ThreatPeace	TOOK	FLOOR_ITEM bones:1	TILE 3230,3295,0
1774807164248	862	PLAYER SundayFun	EXP	Attack	0.8
1774807164248	862	PLAYER SundayFun	SET_EXP	Attack	2616
1774807164248	862	PLAYER SundayFun	EXP	Constitution	0.26666666666666666
1774807164248	862	PLAYER SundayFun	SET_EXP	Constitution	12412
1774807164249	862	PLAYER ThreatPeace	TOOK	FLOOR_ITEM bones:1	TILE 3230,3295,0
1774807164826	863	BOT Matoya	START_ACTIVITY	go_to_bank
1774807164826	863	BOT DeepDan	START_ACTIVITY	go_to_bank
1774807164827	863	BOT SkidMark	START_ACTIVITY	go_to_varrock_south_east_mine
1774807164827	863	BOT SpeedHack99	START_ACTIVITY	go_to_varrock_south_east_mine
1774807164827	863	BOT ProPunch	FAILED	go_to_varrock_south_east_mine	Stuck	0	BotWalkTo
1774807164840	863	PLAYER ThreatPeace	KILLED	NPC chicken_brown:10359	TILE 3231,3297,0
1774807164841	863	NPC chicken_brown:10359	DROPPED	ITEM bones:1	ITEM raw_chicken:1
1774807164851	863	PLAYER RhoRanger	TELED	TILE 3205,3209,2
1774807164852	863	PLAYER ThreatPeace	TOOK	FLOOR_ITEM raw_chicken:1	TILE 3230,3295,0
1774807165427	864	BOT Skoll	FAILED	go_to_bank	Stuck	0	BotWalkTo
1774807165427	864	BOT GuppyGary	FAILED	go_to_varrock_south_west_mine	Timeout	25	BotWalkTo
1774807165449	864	PLAYER Tuga	EXP	Fishing	10.0
1774807165449	864	PLAYER Tuga	TOTAL_LEVEL_UP	12
1774807165449	864	PLAYER Tuga	LEVEL_UP	Fishing	13
1774807165449	864	PLAYER Tuga	SET_EXP	Fishing	18600
1774807165450	864	PLAYER ThreatPeace	TOOK	FLOOR_ITEM raw_chicken:1	TILE 3230,3295,0
1774807166028	865	BOT DeepDan	FAILED	go_to_bank	Stuck	0	BotWalkTo
1774807166028	865	BOT ProPunch	START_ACTIVITY	go_to_varrock_south_east_mine
1774807166028	865	BOT GuppyGary	ASSIGNED	varrock_east_tin_mining
1774807166629	866	BOT Matoya	FAILED	go_to_bank	Stuck	0	BotWalkTo
1774807166629	866	BOT SkidMark	FAILED	go_to_varrock_south_east_mine	Stuck	0	BotWalkTo
1774807166629	866	BOT SpeedHack99	FAILED	go_to_varrock_south_east_mine	Stuck	0	BotWalkTo
1774807166629	866	BOT Skoll	START_ACTIVITY	go_to_bank
1774807166629	866	BOT GuppyGary	START_RESOLVER	go_to_area	varrock_east_tin_mining
1774807166650	866	PLAYER Ice	EXP	Firemaking	40.0
1774807166650	866	PLAYER Ice	TOTAL_LEVEL_UP	25
1774807166650	866	PLAYER Ice	TASK_COMPLETED	quarter_centurion_task
1774807166651	866	PLAYER Ice	LEVEL_UP	Firemaking	8
1774807166651	866	PLAYER Ice	SET_EXP	Firemaking	9600
1774807166651	866	PLAYER Lash	EXP	Mining	17.5
1774807166651	866	PLAYER Lash	SET_EXP	Mining	19950
1774807166652	866	PLAYER CamelCarl	EXP	Mining	17.5
1774807166652	866	PLAYER CamelCarl	TOTAL_LEVEL_UP	22
1774807166652	866	PLAYER CamelCarl	LEVEL_UP	Mining	11
1774807166652	866	PLAYER CamelCarl	SET_EXP	Mining	13650
1774807166652	866	PLAYER SundayFun	EXP	Attack	4.0
1774807166652	866	PLAYER SundayFun	TOTAL_LEVEL_UP	21
1774807166652	866	PLAYER SundayFun	LEVEL_UP	Attack	4
1774807166652	866	PLAYER SundayFun	SET_EXP	Attack	2856
1774807166653	866	PLAYER SundayFun	EXP	Constitution	1.3333333333333333
1774807166653	866	PLAYER SundayFun	SET_EXP	Constitution	12492
1774807166653	866	PLAYER ThreatPeace	EXP	Strength	3.2
1774807166653	866	PLAYER ThreatPeace	SET_EXP	Strength	2352
1774807166653	866	PLAYER ThreatPeace	EXP	Constitution	1.0666666666666667
1774807166653	866	PLAYER ThreatPeace	SET_EXP	Constitution	12324
1774807167229	867	BOT DeepDan	START_ACTIVITY	go_to_bank
1774807167229	867	BOT PrairieP	COMPLETED	withdraw_from_bank
1774807167230	867	BOT GuppyGary	START_ACTIVITY	go_to_area
1774807167254	867	PLAYER Cloud	EXP	Fishing	10.0
1774807167254	867	PLAYER Cloud	SET_EXP	Fishing	16800
1774807167256	867	PLAYER AlosaurAce	EXP	Mining	17.5
1774807167256	867	PLAYER AlosaurAce	SET_EXP	Mining	19950
1774807167830	868	BOT Matoya	START_ACTIVITY	go_to_bank
1774807167830	868	BOT PrairieP	START_RESOLVER	go_to_area	varrock_east_tin_mining
1774807167830	868	BOT SkidMark	START_ACTIVITY	go_to_varrock_south_east_mine
1774807167830	868	BOT SpeedHack99	START_ACTIVITY	go_to_varrock_south_east_mine
1774807167830	868	BOT ProPunch	FAILED	go_to_varrock_south_east_mine	Stuck	0	BotWalkTo
1774807168431	869	BOT DeepDan	FAILED	go_to_bank	Stuck	0	BotWalkTo
1774807168431	869	BOT PrairieP	START_ACTIVITY	go_to_area
1774807168431	869	BOT AprilFool	COMPLETED	go_to_lumbridge_combat_tutors
1774807168431	869	BOT Skoll	FAILED	go_to_bank	Stuck	0	BotWalkTo
1774807168431	869	BOT RhoRanger	COMPLETED	go_to_bank
1774807168431	869	BOT GuppyGary	START_ACTIVITY	go_to_varrock_south_west_mine
1774807168455	869	PLAYER Maikeru	EXP	Mining	17.5
1774807168455	869	PLAYER Maikeru	TOTAL_LEVEL_UP	8
1774807168455	869	PLAYER Maikeru	LEVEL_UP	Mining	2
1774807168455	869	PLAYER Maikeru	SET_EXP	Mining	1050
1774807168456	869	PLAYER Maikeru	TASK_COMPLETED	heavy_metal_task
1774807169032	870	BOT ProPunch	START_ACTIVITY	go_to_varrock_south_east_mine
1774807169054	870	PLAYER Ember	EXP	Mining	5.0
1774807169054	870	PLAYER Ember	SET_EXP	Mining	8400
1774807169055	870	PLAYER SundayFun	EXP	Attack	4.4
1774807169055	870	PLAYER SundayFun	SET_EXP	Attack	3120
1774807169058	870	PLAYER SundayFun	EXP	Constitution	1.4666666666666666
1774807169058	870	PLAYER SundayFun	SET_EXP	Constitution	12580
1774807169059	870	PLAYER ThreatPeace	EXP	Strength	1.6
1774807169059	870	PLAYER ThreatPeace	SET_EXP	Strength	2448
1774807169059	870	PLAYER ThreatPeace	EXP	Constitution	0.5333333333333333
1774807169059	870	PLAYER ThreatPeace	SET_EXP	Constitution	12356
1774807169059	870	PLAYER StyracoS	EXP	Woodcutting	25.0
1774807169059	870	PLAYER StyracoS	TOTAL_LEVEL_UP	22
1774807169059	870	PLAYER StyracoS	LEVEL_UP	Woodcutting	6
1774807169060	870	PLAYER StyracoS	SET_EXP	Woodcutting	6000
1774807169633	871	BOT Matoya	FAILED	go_to_bank	Stuck	0	BotWalkTo
1774807169633	871	BOT DeepDan	START_ACTIVITY	go_to_bank
1774807169633	871	BOT PrairieP	START_ACTIVITY	go_to_varrock_south_west_mine
1774807169633	871	BOT AprilFool	COMPLETED	go_to_area
1774807169633	871	BOT SkidMark	FAILED	go_to_varrock_south_east_mine	Stuck	0	BotWalkTo
1774807169633	871	BOT SpeedHack99	FAILED	go_to_varrock_south_east_mine	Stuck	0	BotWalkTo
1774807169633	871	BOT Skoll	START_ACTIVITY	go_to_bank
1774807169657	871	PLAYER MegalodonM	EXP	Woodcutting	37.5
1774807169657	871	PLAYER MegalodonM	TOTAL_LEVEL_UP	20
1774807169657	871	PLAYER MegalodonM	LEVEL_UP	Woodcutting	21
1774807169657	871	PLAYER MegalodonM	SET_EXP	Woodcutting	51750
1774807170233	872	BOT AprilFool	START_ACTIVITY	magic_tutor
1774807170254	872	PLAYER Ice	EXP	Firemaking	40.0
1774807170254	872	PLAYER Ice	LEVEL_UP	Firemaking	10
1774807170255	872	PLAYER Ice	SET_EXP	Firemaking	12000
1774807170255	872	PLAYER Cloud	EXP	Fishing	10.0
1774807170255	872	PLAYER Cloud	SET_EXP	Fishing	17400
1774807170833	873	BOT Matoya	START_ACTIVITY	go_to_bank
1774807170833	873	BOT DeepDan	FAILED	go_to_bank	Stuck	0	BotWalkTo
1774807170834	873	BOT SkidMark	START_ACTIVITY	go_to_varrock_south_east_mine
1774807170834	873	BOT SpeedHack99	START_ACTIVITY	go_to_varrock_south_east_mine
1774807170834	873	BOT ProPunch	FAILED	go_to_varrock_south_east_mine	Stuck	0	BotWalkTo
1774807170859	873	PLAYER HeadHunter	TELED	TILE 3205,3209,1
1774807171434	874	BOT Skoll	FAILED	go_to_bank	Stuck	0	BotWalkTo
1774807171434	874	BOT GuppyGary	COMPLETED	go_to_varrock_south_west_mine
1774807171456	874	PLAYER SundayFun	EXP	Attack	3.2
1774807171456	874	PLAYER SundayFun	SET_EXP	Attack	3312
1774807171456	874	PLAYER SundayFun	EXP	Constitution	1.0666666666666667
1774807171456	874	PLAYER SundayFun	SET_EXP	Constitution	12644
1774807172034	875	BOT DeepDan	START_ACTIVITY	go_to_bank
1774807172035	875	BOT ProPunch	START_ACTIVITY	go_to_varrock_south_east_mine
1774807172035	875	BOT Dwarf Mine	COMPLETED	go_to_lumbridge_combat_tutors
1774807172059	875	PLAYER AprilFool	TASK_COMPLETED	death_from_above_task
1774807172059	875	PLAYER DownUp99	EXP	Mining	17.5
1774807172059	875	PLAYER DownUp99	TOTAL_LEVEL_UP	14
1774807172059	875	PLAYER DownUp99	LEVEL_UP	Mining	15
1774807172060	875	PLAYER DownUp99	SET_EXP	Mining	24150
1774807172060	875	PLAYER StyracoS	EXP	Woodcutting	25.0
1774807172060	875	PLAYER StyracoS	TOTAL_LEVEL_UP	23
1774807172060	875	PLAYER StyracoS	LEVEL_UP	Woodcutting	7
1774807172060	875	PLAYER StyracoS	SET_EXP	Woodcutting	7500
1774807172061	875	PLAYER MegalodonM	EXP	Woodcutting	37.5
1774807172061	875	PLAYER MegalodonM	SET_EXP	Woodcutting	54000
1774807172636	876	BOT Matoya	FAILED	go_to_bank	Stuck	0	BotWalkTo
1774807172636	876	BOT SkidMark	FAILED	go_to_varrock_south_east_mine	Stuck	0	BotWalkTo
1774807172636	876	BOT SpeedHack99	FAILED	go_to_varrock_south_east_mine	Stuck	0	BotWalkTo
1774807172636	876	BOT Skoll	START_ACTIVITY	go_to_bank
1774807173237	877	BOT DeepDan	FAILED	go_to_bank	Stuck	0	BotWalkTo
1774807173237	877	BOT SparrowS	COMPLETED	go_to_lumbridge_swamp_fishing_area
1774807173261	877	PLAYER HeadHunter	TELED	TILE 3205,3209,2
1774807173838	878	BOT Matoya	START_ACTIVITY	go_to_bank
1774807173838	878	BOT SkidMark	START_ACTIVITY	go_to_varrock_south_east_mine
1774807173838	878	BOT SpeedHack99	START_ACTIVITY	go_to_varrock_south_east_mine
1774807173838	878	BOT ProPunch	FAILED	go_to_varrock_south_east_mine	Stuck	0	BotWalkTo
1774807173838	878	BOT Dwarf Mine	COMPLETED	go_to_area
1774807173859	878	PLAYER SilentScrem	EXP	Mining	17.5
1774807173859	878	PLAYER SilentScrem	SET_EXP	Mining	19950
1774807173860	878	PLAYER SundayFun	EXP	Attack	0.8
1774807173860	878	PLAYER SundayFun	SET_EXP	Attack	3360
1774807173860	878	PLAYER SundayFun	EXP	Constitution	0.26666666666666666
1774807173860	878	PLAYER SundayFun	SET_EXP	Constitution	12660
1774807173861	878	PLAYER ThreatPeace	EXP	Strength	2.4
1774807173861	878	PLAYER ThreatPeace	SET_EXP	Strength	2592
1774807173861	878	PLAYER ThreatPeace	EXP	Constitution	0.8
1774807173861	878	PLAYER ThreatPeace	SET_EXP	Constitution	12404
1774807174438	879	BOT DeepDan	START_ACTIVITY	go_to_bank
1774807174438	879	BOT Skoll	FAILED	go_to_bank	Stuck	0	BotWalkTo
1774807174438	879	BOT GuppyGary	COMPLETED	go_to_area
1774807174438	879	BOT Dwarf Mine	START_ACTIVITY	nemarti_bow
1774807174462	879	PLAYER Maikeru	EXP	Mining	17.5
1774807174462	879	PLAYER Maikeru	TOTAL_LEVEL_UP	9
1774807174462	879	PLAYER Maikeru	LEVEL_UP	Mining	3
1774807174462	879	PLAYER Maikeru	SET_EXP	Mining	2100
1774807174464	879	PLAYER PrairieP	TELED	TILE 3205,3209,1
1774807174464	879	PLAYER MegalodonM	EXP	Woodcutting	37.5
1774807174464	879	PLAYER MegalodonM	TOTAL_LEVEL_UP	21
1774807174464	879	PLAYER MegalodonM	LEVEL_UP	Woodcutting	22
1774807174464	879	PLAYER MegalodonM	SET_EXP	Woodcutting	56250
1774807175039	880	BOT ProPunch	START_ACTIVITY	go_to_varrock_south_east_mine
1774807175039	880	BOT GuppyGary	START_ACTIVITY	varrock_east_tin_mining
1774807175039	880	BOT SparrowS	COMPLETED	go_to_area
1774807175640	881	BOT Matoya	FAILED	go_to_bank	Stuck	0	BotWalkTo
1774807175640	881	BOT DeepDan	FAILED	go_to_bank	Stuck	0	BotWalkTo
1774807175640	881	BOT SkidMark	FAILED	go_to_varrock_south_east_mine	Stuck	0	BotWalkTo
1774807175640	881	BOT SpeedHack99	FAILED	go_to_varrock_south_east_mine	Stuck	0	BotWalkTo
1774807175640	881	BOT Gunslinger	COMPLETED	go_to_bank
1774807175640	881	BOT Skoll	START_ACTIVITY	go_to_bank
1774807175640	881	BOT SparrowS	START_ACTIVITY	lumbridge_net_fishing
1774807175663	881	PLAYER UnknownX	EXP	Firemaking	40.0
1774807175663	881	PLAYER UnknownX	TOTAL_LEVEL_UP	13
1774807175663	881	PLAYER UnknownX	LEVEL_UP	Firemaking	7
1774807175663	881	PLAYER UnknownX	SET_EXP	Firemaking	7200
1774807175664	881	PLAYER Hanbo Short	EXP	Woodcutting	37.5
1774807175664	881	PLAYER Hanbo Short	TOTAL_LEVEL_UP	21
1774807175664	881	PLAYER Hanbo Short	LEVEL_UP	Woodcutting	22
1774807175664	881	PLAYER Hanbo Short	SET_EXP	Woodcutting	56250
1774807176263	882	PLAYER FireStarter	EXP	Mining	17.5
1774807176263	882	PLAYER FireStarter	SET_EXP	Mining	14700
1774807176264	882	PLAYER SundayFun	EXP	Attack	2.0
1774807176264	882	PLAYER SundayFun	SET_EXP	Attack	3480
1774807176264	882	PLAYER SundayFun	EXP	Constitution	0.6666666666666666
1774807176264	882	PLAYER SundayFun	SET_EXP	Constitution	12700
1774807176264	882	PLAYER ThreatPeace	EXP	Strength	4.4
1774807176264	882	PLAYER ThreatPeace	TOTAL_LEVEL_UP	4
1774807176264	882	PLAYER ThreatPeace	LEVEL_UP	Strength	4
1774807176264	882	PLAYER ThreatPeace	SET_EXP	Strength	2856
1774807176265	882	PLAYER ThreatPeace	EXP	Constitution	1.4666666666666666
1774807176265	882	PLAYER ThreatPeace	SET_EXP	Constitution	12492
1774807176841	883	BOT Matoya	START_ACTIVITY	go_to_bank
1774807176841	883	BOT DeepDan	START_ACTIVITY	go_to_bank
1774807176841	883	BOT SkidMark	START_ACTIVITY	go_to_varrock_south_east_mine
1774807176842	883	BOT SpeedHack99	START_ACTIVITY	go_to_varrock_south_east_mine
1774807176842	883	BOT ProPunch	FAILED	go_to_varrock_south_east_mine	Stuck	0	BotWalkTo
1774807176842	883	BOT HeadHunter	COMPLETED	go_to_bank
1774807176842	883	BOT RhoRanger	COMPLETED	withdraw_from_bank
1774807176865	883	PLAYER Ice	EXP	Firemaking	40.0
1774807176865	883	PLAYER Ice	LEVEL_UP	Firemaking	11
1774807176865	883	PLAYER Ice	SET_EXP	Firemaking	14400
1774807176866	883	PLAYER Bob	EXP	Mining	17.5
1774807176866	883	PLAYER Bob	TOTAL_LEVEL_UP	12
1774807176866	883	PLAYER Bob	LEVEL_UP	Mining	13
1774807176866	883	PLAYER Bob	SET_EXP	Mining	18900
1774807176867	883	PLAYER LazyLuke	EXP	Fishing	10.0
1774807176867	883	PLAYER LazyLuke	SET_EXP	Fishing	18000
1774807176867	883	PLAYER PrairieP	TELED	TILE 3205,3209,0
1774807176868	883	PLAYER MegalodonM	EXP	Woodcutting	37.5
1774807176868	883	PLAYER MegalodonM	SET_EXP	Woodcutting	58500
1774807177443	884	BOT Skoll	FAILED	go_to_bank	Stuck	0	BotWalkTo
1774807177443	884	BOT RhoRanger	START_RESOLVER	go_to_area	draynor_east_trees
1774807177465	884	PLAYER CamelCarl	EXP	Mining	17.5
1774807177465	884	PLAYER CamelCarl	SET_EXP	Mining	14700
1774807177465	884	PLAYER DownUp99	EXP	Mining	17.5
1774807177465	884	PLAYER DownUp99	SET_EXP	Mining	25200
1774807177466	884	PLAYER AlosaurAce	EXP	Mining	17.5
1774807177466	884	PLAYER AlosaurAce	SET_EXP	Mining	21000
1774807178043	885	BOT DeepDan	FAILED	go_to_bank	Stuck	0	BotWalkTo
1774807178043	885	BOT Starmie	FAILED	go_to_bank	Timeout	11	BotInteractObject
1774807178043	885	BOT ProPunch	START_ACTIVITY	go_to_varrock_south_east_mine
1774807178043	885	BOT RhoRanger	START_ACTIVITY	go_to_area
1774807178068	885	PLAYER AprilFool	EXP	Magic	8.1
1774807178068	885	PLAYER AprilFool	SET_EXP	Magic	486
1774807178068	885	PLAYER AprilFool	EXP	Constitution	1.7333333333333334
1774807178068	885	PLAYER AprilFool	SET_EXP	Constitution	11644
1774807178643	886	BOT Matoya	FAILED	go_to_bank	Stuck	0	BotWalkTo
1774807178644	886	BOT SkidMark	FAILED	go_to_varrock_south_east_mine	Stuck	0	BotWalkTo
1774807178644	886	BOT Starmie	ASSIGNED	lumbridge_fletch_arrow_shafts
1774807178644	886	BOT SpeedHack99	FAILED	go_to_varrock_south_east_mine	Stuck	0	BotWalkTo
1774807178644	886	BOT Skoll	START_ACTIVITY	go_to_bank
1774807178665	886	PLAYER Blueberry	EXP	Strength	3.6
1774807178665	886	PLAYER Blueberry	SET_EXP	Strength	20160
1774807178665	886	PLAYER Blueberry	EXP	Constitution	1.2
1774807178665	886	PLAYER Blueberry	SET_EXP	Constitution	18260
1774807178667	886	PLAYER ThreatPeace	EXP	Strength	0.4
1774807178667	886	PLAYER ThreatPeace	SET_EXP	Strength	2880
1774807178667	886	PLAYER ThreatPeace	EXP	Constitution	0.13333333333333333
1774807178667	886	PLAYER ThreatPeace	SET_EXP	Constitution	12500
1774807179244	887	BOT DeepDan	START_ACTIVITY	go_to_bank
1774807179244	887	BOT Starmie	START_RESOLVER	withdraw_from_bank	lumbridge_fletch_arrow_shafts
1774807179244	887	BOT RhoRanger	START_ACTIVITY	go_to_draynor_oak_trees
1774807179268	887	PLAYER MegalodonM	EXP	Woodcutting	37.5
1774807179268	887	PLAYER MegalodonM	SET_EXP	Woodcutting	60750
1774807179269	887	PLAYER Cloud	EXP	Fishing	10.0
1774807179269	887	PLAYER Cloud	SET_EXP	Fishing	18000
1774807179844	888	BOT Matoya	START_ACTIVITY	go_to_bank
1774807179844	888	BOT SkidMark	START_ACTIVITY	go_to_varrock_south_east_mine
1774807179844	888	BOT Starmie	START_ACTIVITY	withdraw_from_bank
1774807179844	888	BOT SpeedHack99	START_ACTIVITY	go_to_varrock_south_east_mine
1774807179844	888	BOT ProPunch	FAILED	go_to_varrock_south_east_mine	Stuck	0	BotWalkTo
1774807179866	888	PLAYER SparrowS	EXP	Fishing	10.0
1774807179866	888	PLAYER SparrowS	SET_EXP	Fishing	16800
1774807179867	888	PLAYER YutytyrannY	TELED	TILE 3205,3209,1
1774807179867	888	PLAYER Zapdos	TELED	TILE 3205,3209,1
1774807180445	889	BOT DeepDan	FAILED	go_to_bank	Stuck	0	BotWalkTo
1774807180445	889	BOT Skoll	FAILED	go_to_bank	Stuck	0	BotWalkTo
1774807180468	889	PLAYER FuturePast	EXP	Mining	17.5
1774807180469	889	PLAYER FuturePast	SET_EXP	Mining	14700
1774807180469	889	PLAYER ThreatPeace	TOOK	FLOOR_ITEM bones:1	TILE 3231,3297,0
1774807181047	890	BOT ProPunch	START_ACTIVITY	go_to_varrock_south_east_mine
1774807181070	890	PLAYER Waves	EXP	Woodcutting	25.0
1774807181070	890	PLAYER Waves	TOTAL_LEVEL_UP	14
1774807181070	890	PLAYER Waves	LEVEL_UP	Woodcutting	6
1774807181070	890	PLAYER Waves	SET_EXP	Woodcutting	6000
1774807181071	890	PLAYER ThreatPeace	TOOK	FLOOR_ITEM bones:1	TILE 3231,3297,0
1774807181071	890	PLAYER Blueberry	EXP	Strength	0.4
1774807181071	890	PLAYER Blueberry	SET_EXP	Strength	20184
1774807181071	890	PLAYER Blueberry	EXP	Constitution	0.13333333333333333
1774807181071	890	PLAYER Blueberry	SET_EXP	Constitution	18268
1774807181072	890	PLAYER AprilFool	EXP	Magic	9.1
1774807181072	890	PLAYER AprilFool	TOTAL_LEVEL_UP	14
1774807181072	890	PLAYER AprilFool	LEVEL_UP	Magic	2
1774807181072	890	PLAYER AprilFool	SET_EXP	Magic	1032
1774807181072	890	PLAYER AprilFool	EXP	Constitution	2.4
1774807181072	890	PLAYER AprilFool	SET_EXP	Constitution	11788
1774807181646	891	BOT Matoya	FAILED	go_to_bank	Stuck	0	BotWalkTo
1774807181646	891	BOT DeepDan	START_ACTIVITY	go_to_bank
1774807181646	891	BOT SkidMark	FAILED	go_to_varrock_south_east_mine	Stuck	0	BotWalkTo
1774807181646	891	BOT SpeedHack99	FAILED	go_to_varrock_south_east_mine	Stuck	0	BotWalkTo
1774807181646	891	BOT Skoll	START_ACTIVITY	go_to_bank
1774807181671	891	PLAYER MegalodonM	EXP	Woodcutting	37.5
1774807181671	891	PLAYER MegalodonM	TOTAL_LEVEL_UP	22
1774807181671	891	PLAYER MegalodonM	LEVEL_UP	Woodcutting	23
1774807181672	891	PLAYER MegalodonM	SET_EXP	Woodcutting	63000
1774807181673	891	PLAYER ThreatPeace	TOOK	FLOOR_ITEM raw_chicken:1	TILE 3231,3297,0
1774807181673	891	PLAYER FireStarter	EXP	Mining	17.5
1774807181673	891	PLAYER FireStarter	SET_EXP	Mining	15750
1774807182278	892	PLAYER ThreatPeace	KILLED	NPC chicken_brown:10357	TILE 3230,3295,0
1774807182278	892	NPC chicken_brown:10357	DROPPED	ITEM feather:5	ITEM bones:1	ITEM raw_chicken:1
1774807182288	892	PLAYER Starmie	TELED	TILE 3205,3209,1
1774807182289	892	PLAYER GuppyGary	EXP	Mining	17.5
1774807182289	892	PLAYER GuppyGary	SET_EXP	Mining	12600
1774807182289	892	PLAYER GuppyGary	TASK_COMPLETED	heavy_metal_task
1774807182289	892	PLAYER UnknownX	EXP	Firemaking	40.0
1774807182289	892	PLAYER UnknownX	TOTAL_LEVEL_UP	14
1774807182289	892	PLAYER UnknownX	LEVEL_UP	Firemaking	8
1774807182289	892	PLAYER UnknownX	SET_EXP	Firemaking	9600
1774807182290	892	PLAYER ThreatPeace	TOOK	FLOOR_ITEM raw_chicken:1	TILE 3231,3297,0
1774807182290	892	PLAYER YutytyrannY	TELED	TILE 3205,3209,2
1774807182290	892	PLAYER Zapdos	TELED	TILE 3205,3209,2
1774807182848	893	BOT Matoya	START_ACTIVITY	go_to_bank
1774807182848	893	BOT DeepDan	FAILED	go_to_bank	Stuck	0	BotWalkTo
1774807182848	893	BOT SkidMark	START_ACTIVITY	go_to_varrock_south_east_mine
1774807182848	893	BOT SpeedHack99	START_ACTIVITY	go_to_varrock_south_east_mine
1774807182848	893	BOT Gunslinger	COMPLETED	deposit_all_bank
1774807182848	893	BOT ProPunch	FAILED	go_to_varrock_south_east_mine	Stuck	0	BotWalkTo
1774807182872	893	PLAYER Hanbo Short	EXP	Woodcutting	37.5
1774807182872	893	PLAYER Hanbo Short	SET_EXP	Woodcutting	58500
1774807182873	893	PLAYER DownUp99	EXP	Mining	17.5
1774807182873	893	PLAYER DownUp99	SET_EXP	Mining	26250
1774807182874	893	PLAYER ThreatPeace	TOOK	FLOOR_ITEM raw_chicken:1	TILE 3231,3297,0
1774807183449	894	BOT Starmie	START_ACTIVITY	go_to_bank
1774807183449	894	BOT Skoll	FAILED	go_to_bank	Stuck	0	BotWalkTo
1774807183470	894	PLAYER Tuga	EXP	Fishing	10.0
1774807183470	894	PLAYER Tuga	SET_EXP	Fishing	19200
1774807183471	894	PLAYER ThreatPeace	EXP	Strength	0.4
1774807183471	894	PLAYER ThreatPeace	SET_EXP	Strength	2904
1774807183471	894	PLAYER ThreatPeace	EXP	Constitution	0.13333333333333333
1774807183471	894	PLAYER ThreatPeace	SET_EXP	Constitution	12508
1774807183472	894	PLAYER zedders	TELED	TILE 3205,3228,1
1774807184049	895	BOT DeepDan	START_ACTIVITY	go_to_bank
1774807184049	895	BOT Gunslinger	FAILED	varrock_iron_mining	Requirement(BotInventorySetup(items=[BotItem(ids=[adamant_pickaxe, mithril_pickaxe, steel_pickaxe], min=1, max=null, usable=false, equippable=false), BotItem(ids=[empty], min=27, max=null, usable=false, equippable=false)]))	0	BotInteractObject
1774807184049	895	BOT ProPunch	START_ACTIVITY	go_to_varrock_south_east_mine
1774807184049	895	BOT Dwarf Mine	COMPLETED	nemarti_bow
1774807184073	895	PLAYER MegalodonM	EXP	Woodcutting	37.5
1774807184073	895	PLAYER MegalodonM	SET_EXP	Woodcutting	65250
1774807184073	895	PLAYER Farmer Plow	EXP	Mining	17.5
1774807184073	895	PLAYER Farmer Plow	TOTAL_LEVEL_UP	9
1774807184073	895	PLAYER Farmer Plow	LEVEL_UP	Mining	10
1774807184073	895	PLAYER Farmer Plow	SET_EXP	Mining	11550
1774807184074	895	PLAYER BigOof	TELED	TILE 3205,3209,1
1774807184074	895	PLAYER RhoRanger	TELED	TILE 3205,3209,1
1774807184075	895	PLAYER BrokenWheel	EXP	Mining	17.5
1774807184075	895	PLAYER BrokenWheel	TOTAL_LEVEL_UP	11
1774807184075	895	PLAYER BrokenWheel	LEVEL_UP	Mining	3
1774807184075	895	PLAYER BrokenWheel	SET_EXP	Mining	2100
1774807184650	896	BOT Matoya	FAILED	go_to_bank	Stuck	0	BotWalkTo
1774807184650	896	BOT SkidMark	FAILED	go_to_varrock_south_east_mine	Stuck	0	BotWalkTo
1774807184650	896	BOT SpeedHack99	FAILED	go_to_varrock_south_east_mine	Stuck	0	BotWalkTo
1774807184650	896	BOT Gunslinger	ASSIGNED	lumbridge_pickpocketing
1774807184650	896	BOT Skoll	START_ACTIVITY	go_to_bank
1774807184650	896	BOT Dwarf Mine	START_RESOLVER	equip_items	ranged_tutor
1774807184673	896	PLAYER ThinkBLUE45	TELED	TILE 3205,3228,1
1774807184673	896	PLAYER Starmie	TELED	TILE 3205,3209,2
1774807185251	897	BOT DeepDan	FAILED	go_to_bank	Stuck	0	BotWalkTo
1774807185251	897	BOT Gunslinger	START_RESOLVER	go_to_area	lumbridge_pickpocketing
1774807185251	897	BOT HeadHunter	COMPLETED	withdraw_from_bank
1774807185251	897	BOT Halp	COMPLETED	go_to_lumbridge_swamp_east_copper_mine
1774807185251	897	BOT Dwarf Mine	START_ACTIVITY	equip_items
1774807185275	897	PLAYER Maikeru	EXP	Mining	17.5
1774807185275	897	PLAYER Maikeru	TOTAL_LEVEL_UP	10
1774807185275	897	PLAYER Maikeru	TASK_COMPLETED	on_the_level_task
1774807185275	897	PLAYER Maikeru	LEVEL_UP	Mining	4
1774807185276	897	PLAYER Maikeru	SET_EXP	Mining	3150
1774807185277	897	PLAYER zedders	TELED	TILE 3205,3228,2
1774807185852	898	BOT Matoya	START_ACTIVITY	go_to_bank
1774807185852	898	BOT SkidMark	START_ACTIVITY	go_to_varrock_south_east_mine
1774807185852	898	BOT Zapdos	COMPLETED	go_to_bank
1774807185852	898	BOT SpeedHack99	START_ACTIVITY	go_to_varrock_south_east_mine
1774807185852	898	BOT Gunslinger	START_ACTIVITY	go_to_area
1774807185852	898	BOT ProPunch	FAILED	go_to_varrock_south_east_mine	Stuck	0	BotWalkTo
1774807185852	898	BOT HeadHunter	START_RESOLVER	go_to_area	lumbridge_tin_mining
1774807185852	898	BOT YutytyrannY	COMPLETED	go_to_bank
1774807185853	898	PLAYER Dwarf Mine	TASK_COMPLETED	reach_out_and_touch_someone_task
1774807185853	898	PLAYER Dwarf Mine	TASK_COMPLETED	take_a_bow_task
1774807185876	898	PLAYER LazyLuke	EXP	Fishing	10.0
1774807185876	898	PLAYER LazyLuke	TOTAL_LEVEL_UP	12
1774807185876	898	PLAYER LazyLuke	LEVEL_UP	Fishing	13
1774807185877	898	PLAYER LazyLuke	SET_EXP	Fishing	18600
1774807185877	898	PLAYER ThreatPeace	EXP	Strength	2.0
1774807185877	898	PLAYER ThreatPeace	SET_EXP	Strength	3024
1774807185878	898	PLAYER ThreatPeace	EXP	Constitution	0.6666666666666666
1774807185878	898	PLAYER ThreatPeace	SET_EXP	Constitution	12548
1774807186453	899	BOT DeepDan	START_ACTIVITY	go_to_bank
1774807186453	899	BOT Skoll	FAILED	go_to_bank	Stuck	0	BotWalkTo
1774807186453	899	BOT HeadHunter	START_ACTIVITY	go_to_area
1774807186477	899	PLAYER BigOof	TELED	TILE 3205,3209,2
1774807186477	899	PLAYER RhoRanger	TELED	TILE 3205,3209,0
1774807187054	900	BOT Gunslinger	START_ACTIVITY	teleport_lumbridge
1774807187054	900	BOT ProPunch	START_ACTIVITY	go_to_varrock_south_east_mine
1774807187054	900	BOT Halp	COMPLETED	go_to_area
1774807187076	900	PLAYER LaunchDay	EXP	Fishing	10.0
1774807187076	900	PLAYER LaunchDay	SET_EXP	Fishing	9000
1774807187077	900	PLAYER SacredProf	TELED	TILE 3205,3209,1
1774807187655	901	BOT Matoya	FAILED	go_to_bank	Stuck	0	BotWalkTo
1774807187655	901	BOT DeepDan	FAILED	go_to_bank	Stuck	0	BotWalkTo
1774807187655	901	BOT SkidMark	FAILED	go_to_varrock_south_east_mine	Stuck	0	BotWalkTo
1774807187655	901	BOT SpeedHack99	FAILED	go_to_varrock_south_east_mine	Stuck	0	BotWalkTo
1774807187655	901	BOT Skoll	START_ACTIVITY	go_to_bank
1774807187655	901	BOT HeadHunter	START_ACTIVITY	go_to_lumbridge_swamp_east_tin_mine
1774807187655	901	BOT Halp	START_ACTIVITY	lumbridge_copper_mining
1774807187655	901	BOT Dwarf Mine	COMPLETED	equip_items
1774807187679	901	PLAYER Hanbo Short	EXP	Woodcutting	37.5
1774807187679	901	PLAYER Hanbo Short	SET_EXP	Woodcutting	60750
1774807187680	901	PLAYER ThinkBLUE45	TELED	TILE 3205,3228,2
1774807187681	901	PLAYER AlosaurAce	EXP	Mining	17.5
1774807187681	901	PLAYER AlosaurAce	TOTAL_LEVEL_UP	13
1774807187681	901	PLAYER AlosaurAce	LEVEL_UP	Mining	14
1774807187681	901	PLAYER AlosaurAce	SET_EXP	Mining	22050
1774807187681	901	PLAYER YudonYuri	TELED	TILE 3205,3209,1
1774807187681	901	PLAYER Bob	EXP	Mining	17.5
1774807187681	901	PLAYER Bob	SET_EXP	Mining	19950
1774807188256	902	BOT Starmie	COMPLETED	go_to_bank
1774807188256	902	BOT Dwarf Mine	START_ACTIVITY	ranged_tutor
1774807188278	902	PLAYER FullStackF	EXP	Fishing	10.0
1774807188278	902	PLAYER FullStackF	TOTAL_LEVEL_UP	10
1774807188278	902	PLAYER FullStackF	TASK_COMPLETED	on_the_level_task
1774807188279	902	PLAYER FullStackF	LEVEL_UP	Fishing	11
1774807188279	902	PLAYER FullStackF	SET_EXP	Fishing	13800
1774807188279	902	PLAYER DownUp99	EXP	Mining	17.5
1774807188279	902	PLAYER DownUp99	SET_EXP	Mining	27300
1774807188280	902	PLAYER SundayFun	EXP	Attack	4.0
1774807188280	902	PLAYER SundayFun	SET_EXP	Attack	3720
1774807188280	902	PLAYER SundayFun	EXP	Constitution	1.3333333333333333
1774807188280	902	PLAYER SundayFun	SET_EXP	Constitution	12780
1774807188280	902	PLAYER GuppyGary	EXP	Mining	17.5
1774807188280	902	PLAYER GuppyGary	TOTAL_LEVEL_UP	10
1774807188280	902	PLAYER GuppyGary	TASK_COMPLETED	on_the_level_task
1774807188281	902	PLAYER GuppyGary	LEVEL_UP	Mining	11
1774807188281	902	PLAYER GuppyGary	SET_EXP	Mining	13650
1774807188281	902	PLAYER ThreatPeace	EXP	Strength	5.2
1774807188281	902	PLAYER ThreatPeace	SET_EXP	Strength	3336
1774807188282	902	PLAYER ThreatPeace	EXP	Constitution	1.7333333333333334
1774807188282	902	PLAYER ThreatPeace	SET_EXP	Constitution	12652
1774807188282	902	PLAYER Cloud	EXP	Fishing	10.0
1774807188282	902	PLAYER Cloud	TOTAL_LEVEL_UP	12
1774807188282	902	PLAYER Cloud	LEVEL_UP	Fishing	13
1774807188282	902	PLAYER Cloud	SET_EXP	Fishing	18600
1774807188282	902	PLAYER Blueberry	EXP	Strength	5.2
1774807188282	902	PLAYER Blueberry	SET_EXP	Strength	20496
1774807188282	902	PLAYER Blueberry	EXP	Constitution	1.7333333333333334
1774807188283	902	PLAYER Blueberry	TOTAL_LEVEL_UP	15
1774807188283	902	PLAYER Blueberry	LEVEL_UP	Constitution	130
1774807188283	902	PLAYER Blueberry	SET_EXP	Constitution	18372
1774807188857	903	BOT Matoya	START_ACTIVITY	go_to_bank
1774807188857	903	BOT DeepDan	START_ACTIVITY	go_to_bank
1774807188857	903	BOT SkidMark	START_ACTIVITY	go_to_varrock_south_east_mine
1774807188857	903	BOT SpeedHack99	START_ACTIVITY	go_to_varrock_south_east_mine
1774807188857	903	BOT ProPunch	FAILED	go_to_varrock_south_east_mine	Stuck	0	BotWalkTo
1774807188882	903	PLAYER Ice	EXP	Firemaking	40.0
1774807188882	903	PLAYER Ice	LEVEL_UP	Firemaking	12
1774807188882	903	PLAYER Ice	SET_EXP	Firemaking	16800
1774807189458	904	BOT Skoll	FAILED	go_to_bank	Stuck	0	BotWalkTo
1774807189481	904	PLAYER Farmer Plow	EXP	Mining	17.5
1774807189481	904	PLAYER Farmer Plow	SET_EXP	Mining	12600
1774807189482	904	PLAYER SacredProf	TELED	TILE 3205,3209,2
1774807190059	905	BOT DeepDan	FAILED	go_to_bank	Stuck	0	BotWalkTo
1774807190059	905	BOT ProPunch	START_ACTIVITY	go_to_varrock_south_east_mine
1774807190059	905	BOT BigOof	COMPLETED	go_to_bank
1774807190084	905	PLAYER YudonYuri	TELED	TILE 3205,3209,2
1774807190660	906	BOT Matoya	FAILED	go_to_bank	Stuck	0	BotWalkTo
1774807190660	906	BOT SkidMark	FAILED	go_to_varrock_south_east_mine	Stuck	0	BotWalkTo
1774807190661	906	BOT SpeedHack99	FAILED	go_to_varrock_south_east_mine	Stuck	0	BotWalkTo
1774807190661	906	BOT Skoll	START_ACTIVITY	go_to_bank
1774807190685	906	PLAYER ThreatPeace	EXP	Strength	0.8
1774807190685	906	PLAYER ThreatPeace	SET_EXP	Strength	3384
1774807190685	906	PLAYER ThreatPeace	EXP	Constitution	0.26666666666666666
1774807190685	906	PLAYER ThreatPeace	SET_EXP	Constitution	12668
1774807190686	906	PLAYER Blueberry	EXP	Strength	1.2
1774807190686	906	PLAYER Blueberry	SET_EXP	Strength	20568
1774807190686	906	PLAYER Blueberry	EXP	Constitution	0.4
1774807190686	906	PLAYER Blueberry	SET_EXP	Constitution	18396
1774807191261	907	BOT DeepDan	START_ACTIVITY	go_to_bank
1774807191285	907	PLAYER MegalodonM	EXP	Woodcutting	37.5
1774807191285	907	PLAYER MegalodonM	SET_EXP	Woodcutting	67500
1774807191285	907	PLAYER StyracoS	EXP	Woodcutting	25.0
1774807191285	907	PLAYER StyracoS	TOTAL_LEVEL_UP	24
1774807191285	907	PLAYER StyracoS	LEVEL_UP	Woodcutting	8
1774807191285	907	PLAYER StyracoS	SET_EXP	Woodcutting	9000
1774807191286	907	PLAYER Cloud	EXP	Fishing	10.0
1774807191286	907	PLAYER Cloud	SET_EXP	Fishing	19200
1774807191287	907	PLAYER Dwarf Mine	EXP	Ranged	2.4
1774807191287	907	PLAYER Dwarf Mine	SET_EXP	Ranged	144
1774807191862	908	BOT Matoya	START_ACTIVITY	go_to_bank
1774807191862	908	BOT SkidMark	START_ACTIVITY	go_to_varrock_south_east_mine
1774807191862	908	BOT SpeedHack99	START_ACTIVITY	go_to_varrock_south_east_mine
1774807191862	908	BOT ProPunch	FAILED	go_to_varrock_south_east_mine	Stuck	0	BotWalkTo
1774807192463	909	BOT DeepDan	FAILED	go_to_bank	Stuck	0	BotWalkTo
1774807192463	909	BOT Skoll	FAILED	go_to_bank	Stuck	0	BotWalkTo
1774807192488	909	PLAYER Hanbo Short	EXP	Woodcutting	37.5
1774807192488	909	PLAYER Hanbo Short	TOTAL_LEVEL_UP	22
1774807192488	909	PLAYER Hanbo Short	LEVEL_UP	Woodcutting	23
1774807192488	909	PLAYER Hanbo Short	SET_EXP	Woodcutting	63000
1774807192489	909	PLAYER HeadHunter	TELED	TILE 3205,3209,1
1774807192489	909	PLAYER Tuga	EXP	Fishing	10.0
1774807192489	909	PLAYER Tuga	SET_EXP	Fishing	19800
1774807193064	910	BOT SacredProf	COMPLETED	go_to_bank
1774807193064	910	BOT ProPunch	START_ACTIVITY	go_to_varrock_south_east_mine
1774807193087	910	PLAYER ThreatPeace	EXP	Strength	3.6
1774807193087	910	PLAYER ThreatPeace	SET_EXP	Strength	3600
1774807193087	910	PLAYER ThreatPeace	EXP	Constitution	1.2
1774807193087	910	PLAYER ThreatPeace	SET_EXP	Constitution	12740
1774807193664	911	BOT Matoya	FAILED	go_to_bank	Stuck	0	BotWalkTo
1774807193664	911	BOT DeepDan	START_ACTIVITY	go_to_bank
1774807193664	911	BOT SkidMark	FAILED	go_to_varrock_south_east_mine	Stuck	0	BotWalkTo
1774807193664	911	BOT SpeedHack99	FAILED	go_to_varrock_south_east_mine	Stuck	0	BotWalkTo
1774807193664	911	BOT Skoll	START_ACTIVITY	go_to_bank
1774807193664	911	BOT YudonYuri	COMPLETED	go_to_bank
1774807193689	911	PLAYER MegalodonM	EXP	Woodcutting	37.5
1774807193689	911	PLAYER MegalodonM	SET_EXP	Woodcutting	69750
1774807193689	911	PLAYER DownUp99	EXP	Mining	17.5
1774807193689	911	PLAYER DownUp99	TOTAL_LEVEL_UP	15
1774807193689	911	PLAYER DownUp99	LEVEL_UP	Mining	16
1774807193689	911	PLAYER DownUp99	SET_EXP	Mining	28350
1774807193691	911	PLAYER Dwarf Mine	EXP	Ranged	4.8
1774807193691	911	PLAYER Dwarf Mine	SET_EXP	Ranged	432
1774807193691	911	PLAYER Bob	EXP	Mining	17.5
1774807193691	911	PLAYER Bob	SET_EXP	Mining	21000
1774807194265	912	BOT Zapdos	COMPLETED	withdraw_from_bank
1774807194287	912	PLAYER StyracoS	EXP	Woodcutting	25.0
1774807194287	912	PLAYER StyracoS	TOTAL_LEVEL_UP	25
1774807194287	912	PLAYER StyracoS	TASK_COMPLETED	quarter_centurion_task
1774807194287	912	PLAYER StyracoS	LEVEL_UP	Woodcutting	9
1774807194287	912	PLAYER StyracoS	SET_EXP	Woodcutting	10500
1774807194288	912	PLAYER Ember	EXP	Mining	5.0
1774807194288	912	PLAYER Ember	SET_EXP	Mining	8700
1774807194288	912	PLAYER GuppyGary	EXP	Mining	17.5
1774807194288	912	PLAYER GuppyGary	SET_EXP	Mining	14700
1774807194289	912	PLAYER SilentScrem	EXP	Mining	17.5
1774807194289	912	PLAYER SilentScrem	SET_EXP	Mining	21000
1774807194865	913	BOT Matoya	START_ACTIVITY	go_to_bank
1774807194865	913	BOT DeepDan	FAILED	go_to_bank	Stuck	0	BotWalkTo
1774807194865	913	BOT SkidMark	START_ACTIVITY	go_to_varrock_south_east_mine
1774807194865	913	BOT Zapdos	START_RESOLVER	go_to_area	varrock_east_tin_mining
1774807194866	913	BOT SpeedHack99	START_ACTIVITY	go_to_varrock_south_east_mine
1774807194866	913	BOT ProPunch	FAILED	go_to_varrock_south_east_mine	Stuck	0	BotWalkTo
1774807194866	913	BOT DownUp99	COMPLETED	varrock_copper_mining
1774807194891	913	PLAYER SparrowS	EXP	Fishing	10.0
1774807194891	913	PLAYER SparrowS	SET_EXP	Fishing	17400
1774807194892	913	PLAYER Farmer Plow	EXP	Mining	17.5
1774807194892	913	PLAYER Farmer Plow	TOTAL_LEVEL_UP	10
1774807194892	913	PLAYER Farmer Plow	TASK_COMPLETED	on_the_level_task
1774807194892	913	PLAYER Farmer Plow	LEVEL_UP	Mining	11
1774807194892	913	PLAYER Farmer Plow	SET_EXP	Mining	13650
1774807194893	913	PLAYER LazyLuke	EXP	Fishing	10.0
1774807194893	913	PLAYER LazyLuke	SET_EXP	Fishing	19200
1774807194893	913	PLAYER HeadHunter	TELED	TILE 3205,3209,0
1774807194894	913	PLAYER BrokenWheel	EXP	Mining	17.5
1774807194894	913	PLAYER BrokenWheel	TOTAL_LEVEL_UP	12
1774807194894	913	PLAYER BrokenWheel	LEVEL_UP	Mining	4
1774807194894	913	PLAYER BrokenWheel	SET_EXP	Mining	3150
1774807195466	914	BOT Zapdos	START_ACTIVITY	go_to_area
1774807195466	914	PLAYER zedders	TASK_COMPLETED	hang_on_to_something_task
1774807195467	914	BOT Skoll	FAILED	go_to_bank	Stuck	0	BotWalkTo
1774807195467	914	BOT DownUp99	ASSIGNED	varrock_iron_mining
1774807195489	914	PLAYER SundayFun	EXP	Attack	1.6
1774807195489	914	PLAYER SundayFun	SET_EXP	Attack	3816
1774807195489	914	PLAYER SundayFun	EXP	Constitution	0.5333333333333333
1774807195489	914	PLAYER SundayFun	SET_EXP	Constitution	12812
1774807195490	914	PLAYER Tuga	EXP	Fishing	10.0
1774807195490	914	PLAYER Tuga	SET_EXP	Fishing	20400
1774807195490	914	PLAYER Blueberry	EXP	Strength	9.2
1774807195490	914	PLAYER Blueberry	TOTAL_LEVEL_UP	16
1774807195490	914	PLAYER Blueberry	LEVEL_UP	Strength	14
1774807195490	914	PLAYER Blueberry	SET_EXP	Strength	21120
1774807195490	914	PLAYER Blueberry	EXP	Constitution	3.066666666666667
1774807195490	914	PLAYER Blueberry	SET_EXP	Constitution	18580
1774807196066	915	BOT DeepDan	START_ACTIVITY	go_to_bank
1774807196066	915	BOT ProPunch	START_ACTIVITY	go_to_varrock_south_east_mine
1774807196067	915	BOT DownUp99	START_RESOLVER	deposit_all_bank	varrock_iron_mining
1774807196094	915	PLAYER AprilFool	EXP	Magic	7.1
1774807196094	915	PLAYER AprilFool	SET_EXP	Magic	1458
1774807196094	915	PLAYER AprilFool	EXP	Constitution	1.0666666666666667
1774807196094	915	PLAYER AprilFool	SET_EXP	Constitution	11852
1774807196095	915	PLAYER Dwarf Mine	EXP	Ranged	5.2
1774807196095	915	PLAYER Dwarf Mine	SET_EXP	Ranged	744
1774807196667	916	BOT Matoya	FAILED	go_to_bank	Stuck	0	BotWalkTo
1774807196667	916	BOT SkidMark	FAILED	go_to_varrock_south_east_mine	Stuck	0	BotWalkTo
1774807196667	916	BOT Zapdos	START_ACTIVITY	go_to_varrock_south_west_mine
1774807196667	916	BOT SpeedHack99	FAILED	go_to_varrock_south_east_mine	Stuck	0	BotWalkTo
1774807196667	916	BOT Skoll	START_ACTIVITY	go_to_bank
1774807196667	916	BOT DownUp99	START_ACTIVITY	deposit_all_bank
1774807196678	916	PLAYER ThreatPeace	KILLED	NPC chicken_brown:10358	TILE 3229,3299,0
1774807196678	916	NPC chicken_brown:10358	DROPPED	ITEM feather:5	ITEM bones:1	ITEM raw_chicken:1
1774807196689	916	PLAYER FireStarter	EXP	Mining	17.5
1774807196689	916	PLAYER FireStarter	TOTAL_LEVEL_UP	11
1774807196689	916	PLAYER FireStarter	LEVEL_UP	Mining	12
1774807196689	916	PLAYER FireStarter	SET_EXP	Mining	16800
1774807197267	917	BOT DeepDan	FAILED	go_to_bank	Stuck	0	BotWalkTo
